customer_id,sign_up_date,last_seen_at,sessions_30d,pages_viewed_30d,time_on_site_sec_30d,device_type,region,channel,age_band,is_churn
1,2022-06-25,2023-12-14,3,114,27,desktop,South,app,18-24,0
2,2024-12-28,2025-06-22,16,14,175,mobile,North,app,55+,0
3,2025-02-10,2025-03-16,2,23,580,mobile,South,web,18-24,0
4,2024-02-04,2024-11-09,4,54,105,desktop,West,web,25-34,1
5,2024-07-12,2024-07-16,5,16,58,mobile,West,web,55+,0
6,2024-02-24,2025-08-01,0,37,239,mobile,South,partner,55+,0
7,2022-02-09,2025-04-09,18,22,37,mobile,West,web,25-34,1
8,2024-09-28,2025-03-16,2,22,475,mobile,South,app,45-54,0
9,2024-04-27,2024-06-15,20,9,169,mobile,North,partner,35-44,0
10,2022-08-14,2023-11-26,5,27,278,tablet,South,web,55+,0
11,2024-04-30,2024-07-02,8,6,51,tablet,South,app,18-24,0
12,2022-10-18,2023-04-19,7,47,601,tablet,North,partner,18-24,0
13,2023-09-05,2024-11-06,4,22,282,tablet,South,app,55+,0
14,2023-03-17,2023-09-09,8,7,103,desktop,East,app,55+,0
15,2023-11-22,2025-06-03,19,15,20,desktop,East,app,25-34,1
16,2024-02-03,2024-04-21,10,21,326,mobile,South,web,55+,0
17,2022-09-18,2022-11-01,2,17,202,desktop,West,app,45-54,0
18,2025-03-27,2025-06-03,9,10,451,desktop,North,web,55+,1
19,2022-03-15,2024-02-08,0,134,283,desktop,South,app,25-34,0
20,2022-08-01,2024-01-28,4,32,197,desktop,West,web,18-24,1
21,2024-06-03,2024-12-27,9,8,162,tablet,East,app,35-44,1
22,2024-01-01,2024-12-03,22,6,269,tablet,West,partner,45-54,0
23,2025-01-13,2025-03-11,22,27,102,mobile,North,app,45-54,0
24,2023-11-08,2024-01-06,9,16,343,tablet,North,web,35-44,0
25,2023-08-16,2024-02-27,3,64,86,tablet,West,app,45-54,0
26,2024-06-08,2024-07-09,33,14,173,tablet,East,web,45-54,1
27,2025-02-17,2025-06-15,35,21,410,desktop,South,partner,18-24,1
28,2024-07-13,2025-05-31,4,18,150,desktop,North,web,35-44,0
29,2022-06-24,2025-06-19,2,82,325,mobile,South,app,45-54,0
30,2022-05-14,2024-01-05,6,17,125,desktop,North,web,45-54,0
31,2022-01-11,2023-11-17,7,18,156,desktop,East,web,45-54,1
32,2025-01-06,2025-08-14,4,48,146,tablet,East,partner,45-54,0
33,2024-12-07,2025-03-03,6,9,198,desktop,West,web,25-34,1
34,2024-03-04,2024-06-18,60,1,287,mobile,South,web,25-34,0
35,2023-06-14,2023-08-05,12,16,80,tablet,South,web,45-54,0
36,2023-05-06,2024-05-04,3,0,113,tablet,South,app,35-44,1
37,2024-07-23,2024-09-16,30,144,93,mobile,South,app,55+,0
38,2024-11-27,2025-05-23,2,3,85,desktop,East,web,55+,0
39,2023-08-01,2023-09-02,23,51,143,tablet,North,app,55+,0
40,2024-07-28,2024-09-18,2,20,206,desktop,West,app,45-54,1
41,2024-10-23,2025-03-04,11,9,99,mobile,West,partner,45-54,0
42,2024-08-21,2024-08-26,4,4,43,mobile,South,web,25-34,1
43,2022-09-09,2023-11-17,11,1,336,desktop,South,web,35-44,0
44,2023-06-05,2023-08-09,12,21,197,tablet,North,web,18-24,0
45,2025-02-19,2025-04-25,20,4,166,tablet,South,partner,18-24,0
46,2024-05-31,2025-07-28,10,1,133,desktop,North,web,25-34,1
47,2023-04-26,2024-05-05,34,23,546,tablet,West,web,35-44,0
48,2023-04-12,2024-01-08,7,52,146,desktop,East,app,18-24,0
49,2024-11-29,2024-12-26,1,71,96,mobile,West,app,45-54,1
50,2024-06-26,2025-06-14,15,1,79,desktop,East,web,25-34,1
51,2023-07-15,2024-07-09,15,9,183,mobile,East,partner,35-44,0
52,2024-10-18,2025-04-13,9,8,266,desktop,South,partner,18-24,1
53,2022-07-18,2022-12-27,1,16,331,mobile,East,web,55+,0
54,2025-03-15,2025-07-28,0,21,55,mobile,East,partner,18-24,1
55,2022-01-17,2023-11-03,36,15,931,tablet,East,partner,35-44,0
56,2022-01-02,2022-06-14,17,65,379,mobile,East,web,55+,1
57,2025-04-12,2025-07-09,4,1,153,tablet,East,partner,25-34,0
58,2022-08-23,2023-06-23,9,5,292,tablet,South,web,45-54,0
59,2023-02-23,2024-11-08,1,1,138,tablet,South,web,55+,0
60,2023-10-09,2024-01-03,4,16,228,desktop,East,partner,18-24,0
61,2024-05-16,2025-04-16,24,51,58,mobile,East,app,35-44,1
62,2023-01-27,2024-07-16,1,45,519,mobile,East,app,35-44,1
63,2024-11-19,2024-11-23,4,1,68,desktop,North,web,18-24,1
64,2025-01-09,2025-01-15,20,6,257,mobile,West,web,35-44,0
65,2022-09-30,2022-12-13,5,246,435,mobile,West,partner,55+,0
66,2022-03-27,2025-07-09,12,49,51,mobile,West,partner,35-44,1
67,2022-03-27,2023-06-27,4,25,475,tablet,North,partner,18-24,1
68,2023-02-04,2025-03-28,12,61,125,desktop,South,app,25-34,0
69,2025-04-01,2025-05-23,0,39,111,desktop,East,web,45-54,0
70,2025-03-28,2025-07-09,9,9,76,desktop,West,partner,18-24,0
71,2023-06-09,2024-12-29,27,18,661,tablet,South,web,25-34,0
72,2022-06-03,2024-11-12,3,11,53,mobile,South,partner,45-54,0
73,2024-12-19,2025-04-13,5,43,333,tablet,South,partner,55+,0
74,2022-10-17,2025-04-02,3,9,228,desktop,East,web,55+,0
75,2023-07-14,2025-07-24,13,61,302,tablet,South,web,18-24,1
76,2024-09-09,2024-11-15,2,49,122,tablet,North,partner,25-34,0
77,2024-12-08,2025-06-12,10,13,77,desktop,South,web,18-24,0
78,2025-03-01,2025-08-03,1,21,86,desktop,South,app,55+,0
79,2024-03-23,2024-07-27,16,3,79,mobile,East,app,55+,0
80,2023-11-18,2024-03-19,8,13,112,desktop,South,web,35-44,0
81,2023-12-30,2024-03-06,0,33,250,desktop,West,partner,25-34,1
82,2024-04-08,2024-09-25,8,48,164,tablet,South,partner,55+,1
83,2022-05-04,2023-12-25,15,21,132,mobile,West,web,55+,0
84,2024-06-25,2025-07-06,2,13,242,mobile,South,web,25-34,0
85,2023-09-09,2024-05-24,13,18,53,desktop,North,partner,18-24,0
86,2023-12-21,2024-06-14,4,1,224,desktop,West,web,55+,1
87,2023-05-26,2023-11-24,10,9,234,mobile,South,web,35-44,1
88,2023-12-28,2024-07-08,15,27,870,mobile,North,partner,45-54,1
89,2022-03-10,2023-02-21,0,5,91,tablet,North,web,45-54,1
90,2025-02-24,2025-03-30,11,24,149,desktop,South,partner,35-44,0
91,2023-05-05,2023-12-19,1,3,152,desktop,West,partner,25-34,1
92,2024-06-25,2024-12-01,39,4,189,tablet,East,partner,25-34,0
93,2024-07-14,2024-09-27,5,74,118,desktop,South,app,18-24,1
94,2024-12-10,2025-01-27,1,17,18,desktop,West,app,18-24,0
95,2024-08-23,2025-06-21,0,10,331,tablet,South,app,18-24,0
96,2022-10-16,2023-06-16,9,9,204,mobile,East,web,25-34,0
97,2023-11-21,2024-01-25,1,26,137,tablet,East,web,35-44,0
98,2025-01-31,2025-06-08,4,12,309,mobile,West,web,18-24,1
99,2024-08-09,2024-08-22,31,5,144,desktop,West,web,25-34,1
100,2023-03-11,2024-12-18,10,42,134,mobile,West,partner,45-54,0
101,2022-02-11,2024-05-04,25,23,410,desktop,West,web,35-44,1
102,2022-02-26,2024-08-07,8,19,109,desktop,North,partner,35-44,1
103,2024-03-29,2024-05-28,14,10,127,mobile,East,partner,45-54,0
104,2022-04-12,2024-05-26,28,35,187,desktop,North,app,35-44,1
105,2025-03-04,2025-05-13,8,16,22,tablet,East,partner,18-24,1
106,2022-11-10,2025-02-16,1,0,48,mobile,South,web,18-24,1
107,2024-10-06,2025-02-11,23,10,122,desktop,East,web,25-34,1
108,2023-10-08,2023-11-17,4,94,180,desktop,South,app,35-44,0
109,2023-05-21,2024-07-16,3,51,316,desktop,South,partner,55+,0
110,2024-09-30,2025-02-11,15,2,436,tablet,West,partner,35-44,0
111,2024-04-10,2024-05-15,22,8,399,mobile,East,web,25-34,0
112,2025-04-05,2025-06-18,9,22,55,desktop,North,app,18-24,0
113,2022-01-24,2022-12-12,3,11,559,tablet,North,app,18-24,1
114,2022-02-15,2023-03-30,5,73,856,tablet,South,web,35-44,1
115,2022-03-06,2022-11-22,6,6,313,mobile,West,web,35-44,0
116,2022-07-27,2023-09-25,1,20,263,tablet,West,app,55+,0
117,2022-11-30,2025-05-28,17,71,218,mobile,North,partner,25-34,0
118,2022-07-05,2023-02-21,3,57,616,mobile,South,app,18-24,1
119,2022-01-11,2023-11-20,20,0,421,mobile,South,app,35-44,1
120,2024-08-15,2025-05-22,20,27,91,tablet,South,app,45-54,1
121,2023-10-13,2024-09-10,12,7,275,tablet,South,app,35-44,0
122,2022-03-15,2023-01-17,3,35,134,mobile,East,web,18-24,0
123,2023-09-16,2024-07-18,6,2,328,mobile,South,partner,45-54,1
124,2024-07-25,2025-05-11,44,68,223,mobile,West,web,45-54,0
125,2022-10-22,2023-08-04,5,15,225,tablet,West,partner,45-54,0
126,2023-01-30,2023-07-29,7,38,223,tablet,East,partner,25-34,0
127,2023-06-19,2024-09-29,11,26,214,mobile,East,web,25-34,0
128,2025-03-04,2025-08-07,14,78,182,desktop,East,web,25-34,0
129,2022-02-15,2023-10-02,0,11,175,mobile,North,partner,35-44,0
130,2023-01-28,2023-12-24,0,71,437,desktop,South,web,18-24,1
131,2022-07-15,2024-10-03,25,3,466,tablet,West,partner,35-44,1
132,2024-12-30,2025-01-08,17,92,384,tablet,South,partner,35-44,1
133,2022-06-08,2023-12-30,5,0,482,mobile,West,web,25-34,0
134,2022-01-05,2024-10-24,1,4,289,desktop,West,web,35-44,0
135,2022-12-20,2023-10-13,3,28,635,desktop,East,partner,35-44,0
136,2025-01-24,2025-05-17,7,1,96,mobile,North,app,25-34,0
137,2025-02-26,2025-05-17,2,1,254,desktop,South,web,35-44,0
138,2023-07-13,2025-05-28,6,4,102,desktop,North,app,35-44,1
139,2023-06-07,2024-06-10,36,45,222,tablet,South,web,55+,0
140,2024-04-29,2024-06-08,7,3,234,mobile,North,app,18-24,0
141,2024-09-22,2024-11-02,16,156,60,mobile,West,partner,18-24,0
142,2024-06-23,2025-03-19,9,29,138,desktop,North,app,35-44,0
143,2024-11-22,2025-07-06,0,38,79,tablet,South,web,55+,1
144,2025-03-09,2025-07-01,15,11,408,tablet,South,partner,55+,0
145,2022-06-04,2024-01-16,1,2,243,desktop,East,partner,45-54,0
146,2024-11-10,2024-12-12,9,54,147,mobile,East,partner,55+,0
147,2025-01-11,2025-05-26,0,9,306,tablet,South,web,55+,0
148,2023-11-13,2025-08-04,18,33,346,tablet,West,partner,55+,0
149,2024-02-21,2024-12-05,0,1,189,mobile,North,partner,55+,0
150,2023-05-20,2024-05-30,5,16,343,tablet,South,web,18-24,0
151,2024-06-10,2025-08-09,22,36,259,mobile,South,partner,35-44,1
152,2024-01-26,2025-01-19,3,56,37,mobile,West,app,55+,1
153,2023-12-14,2024-05-01,10,4,338,mobile,North,partner,55+,1
154,2023-09-28,2024-11-06,27,43,189,tablet,South,app,35-44,1
155,2023-06-13,2023-07-06,20,123,85,mobile,West,web,55+,0
156,2022-03-26,2025-01-22,8,3,79,tablet,North,partner,55+,0
157,2024-12-02,2024-12-09,0,83,323,mobile,West,app,18-24,1
158,2024-05-14,2024-05-26,11,12,80,desktop,South,partner,25-34,1
159,2024-03-19,2024-04-05,13,39,226,mobile,West,app,45-54,0
160,2022-12-18,2024-01-02,7,4,208,mobile,West,partner,35-44,0
161,2022-11-06,2024-12-10,1,28,466,mobile,South,web,55+,1
162,2023-09-19,2024-06-24,17,52,360,mobile,East,app,35-44,0
163,2024-07-03,2024-11-23,10,10,216,tablet,South,web,45-54,1
164,2024-12-04,2025-08-01,11,15,121,mobile,West,app,18-24,0
165,2023-10-07,2024-07-19,16,86,461,tablet,South,partner,45-54,1
166,2022-07-27,2025-07-04,29,39,889,desktop,East,app,45-54,0
167,2024-03-28,2024-10-25,11,44,660,desktop,North,partner,25-34,0
168,2024-08-02,2025-05-28,22,10,294,desktop,North,app,18-24,1
169,2022-06-27,2024-08-04,1,33,188,desktop,West,web,55+,1
170,2022-06-03,2024-04-23,4,1,71,desktop,East,app,25-34,1
171,2022-04-27,2025-07-23,24,16,207,mobile,North,partner,18-24,0
172,2024-05-07,2025-01-24,6,23,108,mobile,East,app,25-34,0
173,2022-07-11,2024-12-13,6,6,272,tablet,East,web,35-44,0
174,2022-09-27,2025-03-16,3,31,79,mobile,West,app,45-54,1
175,2022-09-28,2024-12-12,2,2,304,mobile,South,web,45-54,0
176,2024-01-21,2024-03-11,7,43,151,tablet,West,app,35-44,0
177,2024-01-30,2024-10-19,23,28,394,tablet,South,app,35-44,0
178,2025-03-05,2025-06-29,3,12,89,desktop,East,web,35-44,0
179,2023-06-20,2023-09-06,14,80,318,mobile,East,app,45-54,0
180,2025-04-05,2025-08-06,9,5,329,mobile,South,partner,18-24,0
181,2022-07-05,2025-02-18,11,139,262,tablet,East,app,35-44,1
182,2024-05-05,2025-03-28,8,97,220,mobile,West,app,55+,0
183,2024-11-12,2025-06-22,8,17,150,mobile,East,app,35-44,1
184,2022-05-23,2024-01-01,34,18,40,mobile,East,web,18-24,0
185,2022-06-19,2024-10-03,0,2,223,tablet,East,partner,25-34,0
186,2024-04-09,2024-07-08,6,34,256,mobile,East,app,55+,1
187,2023-03-13,2025-07-22,19,87,316,desktop,South,app,45-54,0
188,2022-05-22,2024-01-23,9,2,164,mobile,West,partner,55+,1
189,2024-11-14,2025-05-03,2,38,245,mobile,North,web,45-54,1
190,2023-12-21,2025-03-08,2,178,277,desktop,South,partner,35-44,0
191,2023-06-21,2023-07-22,2,20,174,desktop,North,partner,25-34,0
192,2023-11-11,2024-03-08,1,117,113,mobile,West,app,35-44,1
193,2024-12-25,2025-06-05,9,28,185,desktop,East,app,35-44,0
194,2022-08-13,2025-04-17,12,12,29,desktop,South,app,45-54,0
195,2022-02-28,2024-12-10,21,13,272,tablet,West,web,25-34,0
196,2022-03-08,2024-03-07,10,0,168,tablet,South,web,25-34,0
197,2022-12-09,2024-03-29,1,3,241,tablet,West,partner,25-34,0
198,2024-04-06,2024-12-20,12,31,257,desktop,East,app,45-54,1
199,2023-07-10,2024-03-13,1,16,927,mobile,South,web,18-24,0
200,2022-12-04,2024-02-20,11,5,79,mobile,East,partner,18-24,1
201,2023-05-01,2023-05-13,1,29,146,desktop,South,app,35-44,1
202,2025-02-02,2025-06-24,4,51,204,tablet,South,web,45-54,0
203,2023-02-02,2024-02-26,7,86,155,desktop,West,partner,55+,0
204,2022-02-02,2024-11-05,4,26,178,mobile,West,app,35-44,1
205,2022-08-04,2022-09-11,7,76,719,mobile,West,app,55+,0
206,2023-07-18,2023-10-18,4,46,64,desktop,South,partner,55+,1
207,2024-01-09,2024-09-07,8,25,70,tablet,South,web,35-44,1
208,2022-01-28,2023-09-02,12,18,258,mobile,West,app,45-54,0
209,2024-06-26,2024-11-06,0,76,442,desktop,East,web,25-34,0
210,2024-12-15,2025-06-04,7,6,158,mobile,West,partner,45-54,1
211,2024-10-07,2024-10-08,19,29,556,tablet,West,web,18-24,0
212,2024-08-12,2024-12-17,2,26,108,desktop,West,app,25-34,1
213,2024-08-29,2024-09-21,5,10,229,mobile,South,web,25-34,0
214,2023-09-06,2024-01-19,10,98,165,tablet,North,partner,45-54,0
215,2023-08-03,2025-07-22,26,9,497,mobile,North,web,25-34,0
216,2024-06-12,2024-10-08,17,27,141,mobile,North,partner,35-44,0
217,2025-03-02,2025-04-22,9,31,368,mobile,East,partner,45-54,0
218,2024-08-11,2025-05-19,21,91,243,tablet,North,web,18-24,0
219,2022-11-07,2025-05-30,2,17,113,desktop,South,app,35-44,0
220,2022-10-28,2025-08-04,3,24,115,mobile,North,web,55+,0
221,2025-03-03,2025-03-04,12,2,221,desktop,West,app,35-44,1
222,2024-03-02,2025-07-11,10,4,99,tablet,South,app,55+,0
223,2025-03-14,2025-04-01,1,6,41,mobile,South,web,45-54,1
224,2023-03-02,2025-02-15,4,16,314,tablet,East,web,18-24,1
225,2025-03-11,2025-06-27,9,37,98,mobile,West,partner,45-54,1
226,2022-05-11,2024-01-13,13,11,105,mobile,East,web,45-54,1
227,2023-02-04,2024-08-15,4,1,537,desktop,South,app,18-24,0
228,2023-07-13,2024-11-29,22,3,562,tablet,East,partner,45-54,1
229,2022-09-10,2024-11-28,2,65,431,desktop,West,web,18-24,1
230,2023-11-16,2024-10-14,9,14,490,desktop,North,web,45-54,0
231,2024-07-22,2024-11-23,0,8,94,mobile,East,web,25-34,0
232,2022-09-28,2022-10-03,11,27,506,desktop,South,app,35-44,0
233,2024-04-06,2025-03-21,16,18,690,mobile,West,partner,25-34,1
234,2022-04-04,2025-02-08,60,25,284,mobile,West,app,18-24,1
235,2022-12-16,2023-09-09,2,49,154,tablet,South,app,18-24,0
236,2023-04-04,2024-04-09,17,4,103,mobile,North,partner,25-34,1
237,2023-12-29,2024-04-12,25,148,69,desktop,North,partner,18-24,0
238,2023-01-15,2023-12-04,1,24,334,mobile,West,app,35-44,1
239,2024-04-06,2024-10-05,3,12,267,tablet,North,web,25-34,0
240,2022-07-18,2024-10-20,8,3,4,desktop,South,web,55+,0
241,2024-10-28,2025-04-16,6,6,248,tablet,West,web,35-44,0
242,2023-09-04,2023-12-03,16,42,188,tablet,West,app,35-44,0
243,2022-02-04,2023-10-23,2,59,92,desktop,South,web,18-24,1
244,2023-03-01,2023-10-19,2,5,322,mobile,East,web,35-44,1
245,2022-05-17,2022-06-28,10,5,77,desktop,North,partner,25-34,0
246,2024-04-03,2024-07-03,4,4,313,desktop,East,app,45-54,0
247,2024-04-25,2024-11-17,1,4,81,mobile,North,partner,45-54,0
248,2022-11-28,2025-08-10,21,2,529,mobile,East,partner,45-54,0
249,2023-08-09,2024-07-11,2,20,269,mobile,East,app,45-54,0
250,2024-03-22,2024-07-09,1,51,123,mobile,West,web,45-54,0
251,2024-03-24,2025-01-22,1,16,466,mobile,West,web,45-54,1
252,2022-09-14,2025-02-02,3,60,159,mobile,North,app,25-34,0
253,2023-12-11,2024-10-07,4,56,427,tablet,North,partner,35-44,1
254,2023-09-10,2024-04-26,8,19,271,desktop,East,app,55+,1
255,2024-06-21,2024-07-11,8,59,51,mobile,East,partner,35-44,0
256,2023-12-07,2024-08-22,1,22,225,desktop,East,web,55+,0
257,2024-02-11,2024-12-15,17,18,110,tablet,North,web,25-34,1
258,2022-07-31,2024-05-17,16,76,197,mobile,West,partner,45-54,0
259,2022-09-11,2023-07-19,6,26,465,desktop,East,app,45-54,1
260,2023-08-16,2024-02-13,16,11,378,mobile,West,web,18-24,0
261,2023-12-03,2025-07-25,5,11,375,tablet,East,partner,25-34,0
262,2024-12-05,2024-12-21,21,35,272,tablet,South,app,35-44,0
263,2023-10-11,2024-03-17,8,74,542,desktop,East,partner,18-24,0
264,2024-11-20,2025-02-15,1,6,122,tablet,South,app,25-34,0
265,2024-01-04,2024-11-28,2,23,221,mobile,West,web,18-24,0
266,2024-04-28,2024-05-24,8,52,68,desktop,East,web,45-54,0
267,2023-02-06,2023-02-09,1,7,396,mobile,North,app,55+,0
268,2025-03-16,2025-08-12,4,27,78,mobile,South,web,45-54,0
269,2023-05-13,2024-10-30,19,3,357,desktop,West,web,25-34,1
270,2023-02-25,2024-04-29,22,16,36,mobile,West,app,55+,1
271,2022-03-11,2023-10-31,11,39,415,tablet,South,partner,55+,0
272,2022-08-22,2022-09-13,22,33,641,tablet,North,app,35-44,1
273,2024-03-29,2025-01-27,5,34,702,desktop,East,app,35-44,0
274,2024-02-08,2024-04-24,0,115,766,tablet,East,web,45-54,0
275,2022-10-14,2024-10-07,5,24,171,mobile,South,web,25-34,0
276,2024-12-17,2025-01-16,10,11,64,mobile,East,partner,25-34,0
277,2023-02-10,2025-03-03,6,1,421,desktop,North,app,35-44,0
278,2024-07-17,2024-08-14,1,20,807,mobile,South,partner,18-24,1
279,2023-08-02,2024-07-03,13,9,330,tablet,West,web,18-24,0
280,2024-10-29,2025-03-09,5,6,300,mobile,West,web,45-54,1
281,2022-04-09,2024-10-15,11,42,416,desktop,North,app,25-34,1
282,2023-07-10,2024-04-13,38,14,164,mobile,North,web,55+,0
283,2022-12-21,2025-05-11,9,33,177,tablet,South,web,35-44,0
284,2024-03-23,2024-07-16,4,6,137,tablet,South,app,55+,1
285,2022-06-09,2022-07-11,36,7,25,desktop,North,web,55+,0
286,2022-03-17,2025-04-30,3,13,13,tablet,East,web,18-24,0
287,2022-01-08,2023-06-05,18,20,116,desktop,East,web,18-24,0
288,2022-06-06,2023-09-09,20,131,328,mobile,East,web,55+,1
289,2023-05-11,2024-03-07,0,6,225,tablet,South,web,35-44,0
290,2024-12-08,2025-03-29,4,25,252,desktop,East,web,55+,1
291,2022-12-27,2024-01-19,1,29,164,desktop,North,web,18-24,1
292,2024-02-18,2024-10-30,5,115,221,desktop,West,web,45-54,1
293,2022-07-06,2024-05-21,8,14,348,mobile,West,partner,55+,0
294,2022-12-17,2025-03-18,10,38,331,mobile,North,partner,25-34,1
295,2023-05-07,2023-06-05,8,38,168,desktop,East,app,35-44,0
296,2022-07-28,2024-09-04,3,12,249,tablet,East,app,18-24,0
297,2024-02-26,2025-07-27,31,55,60,desktop,East,app,45-54,0
298,2024-04-13,2025-01-05,21,69,494,mobile,East,partner,25-34,0
299,2024-05-07,2025-02-20,10,31,905,desktop,West,web,18-24,0
300,2023-01-01,2023-06-07,0,26,684,desktop,South,app,18-24,1
301,2022-01-28,2024-03-02,25,59,299,mobile,West,partner,35-44,1
302,2024-12-05,2025-06-19,7,22,108,desktop,South,web,18-24,1
303,2022-10-27,2023-07-08,51,20,39,mobile,South,partner,45-54,1
304,2023-03-02,2023-11-24,0,0,985,mobile,East,partner,55+,0
305,2025-03-09,2025-07-18,1,22,84,mobile,South,app,35-44,0
306,2022-01-15,2024-04-07,6,7,240,mobile,South,web,18-24,0
307,2022-09-22,2025-01-24,23,16,103,desktop,West,web,35-44,1
308,2024-03-06,2024-10-10,11,35,10,mobile,North,app,35-44,1
309,2022-03-29,2023-10-19,1,7,364,mobile,West,web,55+,0
310,2023-04-11,2023-09-27,0,38,163,tablet,South,partner,25-34,0
311,2022-01-23,2022-02-28,1,85,223,tablet,West,partner,25-34,1
312,2023-08-18,2024-06-25,2,20,170,desktop,South,partner,25-34,1
313,2023-04-25,2023-12-10,1,4,171,mobile,West,partner,25-34,1
314,2024-08-24,2024-12-13,1,26,86,desktop,East,web,25-34,0
315,2024-12-10,2025-05-18,1,45,302,mobile,South,web,55+,0
316,2023-06-22,2024-09-02,8,25,405,tablet,North,partner,35-44,0
317,2022-08-29,2024-04-06,4,24,20,mobile,West,partner,45-54,1
318,2025-03-04,2025-03-19,2,2,601,tablet,East,partner,45-54,1
319,2023-04-04,2023-07-24,4,34,314,desktop,South,app,45-54,1
320,2023-05-22,2024-12-09,5,12,223,tablet,East,app,55+,0
321,2024-12-09,2024-12-14,10,42,198,desktop,South,web,18-24,1
322,2023-08-05,2024-11-14,24,48,56,tablet,West,app,25-34,0
323,2022-11-10,2022-11-26,14,30,64,desktop,West,web,45-54,0
324,2022-08-13,2022-09-22,10,28,220,desktop,North,web,25-34,1
325,2022-05-21,2024-11-09,10,3,259,desktop,West,app,18-24,0
326,2022-01-13,2025-05-20,13,1,236,desktop,North,web,25-34,1
327,2024-02-10,2024-08-02,17,50,164,mobile,East,partner,55+,0
328,2023-05-28,2024-06-14,18,51,255,mobile,North,partner,45-54,0
329,2023-07-28,2025-08-09,18,4,348,tablet,South,web,18-24,0
330,2024-06-16,2025-06-17,4,43,311,tablet,North,web,25-34,1
331,2022-03-02,2022-04-02,4,90,30,desktop,East,web,25-34,0
332,2022-12-08,2024-08-04,9,80,185,mobile,East,partner,35-44,0
333,2022-10-15,2024-03-04,11,8,46,mobile,East,partner,35-44,1
334,2024-10-04,2025-07-19,22,27,28,desktop,South,app,55+,0
335,2022-07-27,2023-10-18,16,76,224,desktop,South,partner,35-44,0
336,2024-10-24,2024-12-13,14,50,420,tablet,South,app,35-44,0
337,2023-03-30,2023-10-21,6,15,104,mobile,South,web,45-54,1
338,2022-02-05,2025-08-14,2,16,150,mobile,East,partner,35-44,0
339,2024-10-01,2025-02-02,4,54,173,desktop,South,app,18-24,0
340,2022-04-22,2023-01-18,3,5,34,tablet,North,partner,35-44,1
341,2023-08-19,2025-03-05,1,35,60,desktop,North,app,55+,1
342,2022-02-12,2022-11-18,32,36,949,tablet,West,partner,35-44,1
343,2024-11-23,2025-03-29,3,5,83,desktop,West,app,55+,1
344,2023-09-10,2025-03-28,12,10,236,mobile,East,app,18-24,1
345,2024-11-09,2025-02-03,15,23,435,desktop,South,web,55+,0
346,2023-02-19,2023-12-10,11,5,76,tablet,North,app,55+,0
347,2024-11-22,2025-05-04,2,61,356,desktop,East,partner,55+,0
348,2022-02-03,2024-02-16,9,8,159,tablet,East,partner,18-24,0
349,2023-08-30,2024-06-03,16,42,59,tablet,North,web,25-34,1
350,2024-07-11,2024-07-27,13,57,32,desktop,West,app,55+,0
351,2025-02-10,2025-02-16,19,55,130,desktop,North,web,45-54,1
352,2022-01-21,2025-04-11,16,22,535,mobile,North,web,18-24,1
353,2023-06-02,2024-05-11,5,2,48,mobile,East,app,18-24,0
354,2023-04-13,2025-02-06,4,7,321,tablet,East,partner,25-34,1
355,2024-12-27,2025-06-06,20,5,237,desktop,East,partner,25-34,0
356,2024-05-30,2025-05-20,15,8,21,mobile,East,partner,45-54,0
357,2024-03-27,2025-07-10,23,19,214,mobile,South,web,25-34,0
358,2022-04-22,2022-11-17,0,94,111,tablet,South,app,18-24,1
359,2024-05-26,2025-07-09,16,16,150,mobile,South,partner,35-44,0
360,2024-08-08,2024-10-07,0,19,173,desktop,East,web,18-24,0
361,2023-09-23,2025-08-03,17,48,112,tablet,East,partner,55+,0
362,2025-01-21,2025-03-06,13,8,275,desktop,West,web,25-34,0
363,2022-06-28,2025-07-23,3,16,74,mobile,North,web,55+,1
364,2022-08-03,2025-01-05,1,30,131,mobile,West,web,25-34,0
365,2025-01-03,2025-04-24,0,72,164,mobile,North,web,18-24,1
366,2023-11-20,2024-08-23,3,23,315,tablet,South,web,45-54,0
367,2022-11-15,2023-04-26,4,3,156,mobile,West,partner,25-34,0
368,2022-01-10,2024-11-13,7,30,215,tablet,East,web,35-44,0
369,2024-05-05,2025-03-07,17,93,318,tablet,North,partner,45-54,1
370,2024-08-12,2025-06-14,5,38,278,tablet,North,app,45-54,0
371,2024-07-14,2025-08-09,7,3,325,tablet,West,web,45-54,0
372,2022-05-27,2025-04-19,11,23,267,mobile,South,web,35-44,1
373,2022-03-19,2024-07-12,3,13,326,mobile,North,web,35-44,1
374,2024-01-17,2024-03-18,18,108,199,tablet,East,partner,18-24,1
375,2022-05-06,2023-10-20,9,4,80,desktop,West,partner,55+,1
376,2025-03-15,2025-03-28,1,28,270,desktop,East,partner,25-34,1
377,2022-06-14,2024-06-05,6,14,83,mobile,North,web,35-44,1
378,2022-10-23,2024-07-30,1,63,196,mobile,South,web,35-44,0
379,2022-11-25,2024-02-12,20,90,131,mobile,West,app,55+,0
380,2025-02-27,2025-05-29,19,21,257,mobile,West,partner,55+,0
381,2024-10-11,2025-03-26,2,5,142,desktop,West,partner,18-24,0
382,2022-01-20,2025-04-03,7,11,93,mobile,West,partner,25-34,0
383,2023-06-03,2025-05-12,2,20,286,tablet,East,web,45-54,0
384,2023-03-27,2025-04-26,2,39,30,tablet,North,partner,25-34,1
385,2022-02-09,2024-05-15,7,39,385,mobile,North,web,18-24,0
386,2022-10-18,2023-10-22,0,49,105,mobile,South,app,25-34,0
387,2023-07-08,2023-10-30,2,54,372,tablet,North,web,18-24,1
388,2023-01-31,2025-06-05,8,4,446,mobile,North,partner,18-24,1
389,2023-02-24,2024-04-10,18,63,92,tablet,North,web,55+,0
390,2024-05-22,2024-08-02,4,74,382,desktop,South,partner,18-24,0
391,2024-03-17,2024-10-06,16,29,527,tablet,West,web,25-34,0
392,2024-09-09,2024-11-10,12,0,139,mobile,South,web,18-24,0
393,2022-11-08,2025-06-05,13,0,48,mobile,North,partner,35-44,1
394,2023-01-16,2023-10-28,4,44,184,desktop,North,web,18-24,1
395,2023-10-16,2024-12-08,25,21,121,tablet,South,app,35-44,0
396,2022-03-17,2023-02-20,18,9,158,desktop,West,app,18-24,0
397,2022-07-13,2025-07-14,0,7,128,desktop,East,app,18-24,0
398,2022-04-09,2022-07-29,4,57,338,tablet,East,app,55+,0
399,2024-12-20,2025-02-18,8,10,286,tablet,West,app,55+,0
400,2023-09-28,2023-11-01,9,35,247,tablet,North,app,18-24,1
401,2025-02-20,2025-05-17,18,5,327,desktop,North,app,45-54,0
402,2022-04-27,2024-03-07,11,18,138,tablet,North,partner,55+,0
403,2024-06-26,2025-08-04,21,36,245,mobile,North,partner,35-44,0
404,2023-06-10,2025-03-06,5,18,63,mobile,West,web,55+,1
405,2025-03-19,2025-06-02,4,12,349,mobile,East,web,18-24,0
406,2022-02-20,2023-06-18,22,95,211,desktop,West,web,45-54,0
407,2022-03-14,2023-01-25,4,37,179,tablet,South,app,55+,0
408,2024-06-26,2024-08-08,9,42,88,desktop,East,partner,25-34,0
409,2022-02-25,2025-01-19,21,16,269,desktop,South,partner,25-34,0
410,2024-12-09,2025-05-25,1,23,382,desktop,South,web,18-24,1
411,2025-01-05,2025-02-22,15,24,630,desktop,North,partner,35-44,0
412,2024-11-02,2025-07-28,4,20,437,desktop,North,app,45-54,0
413,2023-01-05,2024-11-24,4,50,159,tablet,North,app,18-24,0
414,2022-04-25,2023-03-20,17,25,111,desktop,South,app,35-44,0
415,2022-01-13,2022-07-03,26,91,476,desktop,South,app,25-34,1
416,2024-04-06,2024-09-28,9,11,248,desktop,South,partner,55+,0
417,2023-12-30,2025-03-13,0,32,267,tablet,North,app,55+,0
418,2022-11-04,2025-06-30,4,4,479,desktop,South,app,55+,0
419,2024-06-08,2025-06-25,7,17,452,tablet,East,web,45-54,1
420,2023-12-26,2024-06-18,9,39,122,desktop,East,partner,25-34,1
421,2024-07-13,2025-04-26,17,67,352,mobile,East,app,25-34,0
422,2024-05-08,2025-03-01,5,7,435,tablet,South,app,35-44,0
423,2025-01-04,2025-01-08,13,0,294,tablet,South,partner,25-34,0
424,2024-07-22,2024-07-27,37,27,322,mobile,East,partner,55+,1
425,2023-12-10,2024-09-19,3,118,229,desktop,South,web,35-44,1
426,2023-05-13,2024-09-01,7,29,141,mobile,East,partner,18-24,0
427,2023-05-18,2023-11-22,16,13,100,mobile,North,web,45-54,0
428,2022-11-15,2023-12-20,1,28,459,mobile,South,app,35-44,0
429,2023-03-04,2024-04-30,8,3,435,desktop,East,web,18-24,0
430,2024-01-26,2024-05-15,1,59,59,tablet,North,app,25-34,1
431,2022-07-08,2024-08-31,10,11,343,desktop,West,web,18-24,1
432,2022-12-03,2025-02-24,7,29,153,desktop,West,partner,25-34,1
433,2024-03-30,2024-07-11,5,5,114,tablet,East,app,18-24,0
434,2025-04-04,2025-07-03,13,3,485,mobile,East,partner,45-54,0
435,2024-02-04,2025-05-12,8,6,65,mobile,South,app,55+,1
436,2023-10-21,2025-06-29,0,4,255,tablet,West,web,55+,1
437,2023-06-13,2025-07-15,18,15,199,mobile,South,partner,18-24,0
438,2025-01-23,2025-06-25,5,19,367,desktop,West,app,35-44,0
439,2022-07-06,2023-03-26,0,20,164,tablet,North,app,25-34,1
440,2023-08-09,2024-01-19,8,22,173,desktop,South,app,45-54,0
441,2023-08-15,2024-02-04,5,81,215,desktop,West,web,55+,1
442,2024-12-15,2025-06-19,1,14,367,desktop,South,partner,35-44,1
443,2023-02-23,2024-12-03,3,12,69,mobile,West,app,18-24,1
444,2025-03-18,2025-06-10,0,61,531,mobile,East,partner,25-34,0
445,2024-08-04,2025-01-15,10,15,243,mobile,South,partner,35-44,0
446,2024-10-06,2024-10-31,1,35,422,mobile,West,partner,25-34,1
447,2022-01-01,2023-07-19,10,53,210,tablet,West,partner,18-24,1
448,2023-09-04,2025-01-26,4,122,169,tablet,East,partner,35-44,1
449,2024-02-12,2024-09-07,1,11,143,desktop,West,web,25-34,0
450,2025-01-24,2025-05-13,14,23,73,desktop,North,partner,55+,0
451,2022-09-27,2023-06-18,7,18,99,desktop,North,app,35-44,1
452,2023-07-14,2025-08-08,14,21,97,desktop,West,web,18-24,0
453,2024-02-10,2024-12-19,1,0,235,mobile,West,app,35-44,1
454,2023-02-24,2023-05-25,7,7,220,tablet,East,web,25-34,1
455,2022-01-17,2024-06-02,1,3,167,desktop,West,partner,25-34,0
456,2023-01-26,2024-03-07,11,12,93,desktop,West,web,25-34,0
457,2024-08-10,2024-10-16,21,58,166,mobile,North,partner,25-34,0
458,2023-04-10,2025-03-08,1,1,63,desktop,South,web,35-44,1
459,2024-04-05,2024-04-24,16,17,78,tablet,West,app,35-44,0
460,2024-04-11,2025-02-13,5,5,168,tablet,South,app,35-44,1
461,2024-03-04,2024-10-20,0,11,29,mobile,East,partner,45-54,1
462,2022-08-28,2025-05-10,29,28,130,tablet,East,app,25-34,0
463,2022-01-16,2025-04-05,16,29,229,desktop,North,partner,35-44,0
464,2023-09-15,2025-06-09,12,0,22,desktop,South,partner,35-44,0
465,2022-08-17,2023-04-30,3,7,102,desktop,West,app,45-54,1
466,2024-11-10,2025-01-23,3,5,400,tablet,North,partner,35-44,0
467,2022-01-17,2023-02-15,1,4,334,mobile,East,app,18-24,0
468,2022-09-13,2023-03-08,20,2,345,mobile,East,web,55+,0
469,2023-08-01,2024-11-13,2,5,80,desktop,North,partner,18-24,1
470,2025-03-05,2025-05-04,5,38,146,mobile,North,partner,35-44,0
471,2022-07-04,2023-08-17,29,13,305,desktop,North,partner,25-34,0
472,2024-03-28,2024-03-29,1,22,56,mobile,South,app,35-44,1
473,2022-10-18,2024-06-06,2,33,47,mobile,South,app,55+,1
474,2023-05-19,2024-10-13,0,54,318,mobile,North,partner,55+,1
475,2023-05-05,2023-09-27,3,40,1381,tablet,East,web,45-54,0
476,2022-11-08,2024-12-17,25,2,101,tablet,South,partner,18-24,0
477,2022-12-10,2024-04-12,16,16,165,tablet,West,partner,18-24,0
478,2024-05-09,2025-05-03,18,72,288,tablet,North,app,45-54,0
479,2022-01-31,2024-11-17,4,1,33,mobile,South,app,45-54,1
480,2023-03-02,2025-04-22,3,22,341,tablet,North,app,45-54,0
481,2024-05-07,2025-01-29,26,12,297,mobile,West,web,45-54,1
482,2022-05-12,2025-05-06,1,31,226,mobile,North,web,35-44,1
483,2023-06-01,2025-05-06,3,10,202,desktop,West,partner,35-44,1
484,2024-04-29,2024-09-07,0,32,74,desktop,East,app,45-54,1
485,2025-01-26,2025-04-17,18,52,389,tablet,North,web,35-44,1
486,2023-05-26,2025-06-21,17,13,75,tablet,North,web,55+,1
487,2025-01-10,2025-05-18,16,18,342,mobile,East,web,55+,1
488,2024-04-20,2025-01-18,6,52,208,desktop,West,web,18-24,0
489,2022-05-31,2024-11-14,4,14,144,mobile,West,partner,25-34,0
490,2024-08-24,2025-03-11,6,11,154,desktop,North,partner,35-44,1
491,2024-08-14,2024-12-27,6,16,295,desktop,West,partner,55+,0
492,2025-02-01,2025-03-29,17,36,260,mobile,East,app,35-44,0
493,2025-01-25,2025-06-13,3,7,178,desktop,East,partner,18-24,1
494,2025-03-14,2025-04-11,1,33,53,desktop,East,app,45-54,1
495,2022-06-17,2023-07-31,2,156,199,desktop,East,partner,35-44,0
496,2023-08-20,2023-10-04,5,34,25,tablet,East,web,45-54,0
497,2025-03-25,2025-05-30,14,74,151,mobile,East,web,35-44,0
498,2023-08-22,2024-10-24,2,69,268,tablet,East,web,55+,0
499,2022-11-30,2024-05-07,2,58,93,tablet,North,web,45-54,0
500,2024-12-05,2024-12-06,7,46,96,tablet,West,partner,55+,0
501,2023-11-04,2025-07-12,13,4,42,mobile,West,app,18-24,1
502,2024-08-26,2025-07-11,11,16,409,mobile,North,web,45-54,0
503,2024-05-01,2025-02-12,0,5,51,tablet,North,partner,55+,0
504,2025-02-24,2025-07-30,14,15,149,tablet,West,partner,25-34,1
505,2023-06-11,2024-01-19,26,0,395,tablet,North,web,18-24,0
506,2024-03-13,2025-02-16,11,89,131,tablet,West,partner,25-34,0
507,2025-02-17,2025-04-25,7,49,107,mobile,South,web,45-54,1
508,2023-10-12,2024-01-21,2,52,67,mobile,North,app,25-34,1
509,2024-08-18,2024-10-06,13,58,174,desktop,East,app,25-34,1
510,2024-01-06,2025-03-08,15,2,979,desktop,North,app,18-24,0
511,2024-01-29,2024-08-12,10,5,98,desktop,North,app,55+,0
512,2022-07-05,2023-08-01,10,24,373,tablet,North,web,45-54,1
513,2022-10-09,2023-10-25,12,46,224,tablet,West,app,18-24,0
514,2022-03-23,2024-05-31,4,13,352,mobile,West,partner,55+,1
515,2025-03-21,2025-08-01,2,67,60,tablet,South,app,45-54,1
516,2023-06-17,2024-07-01,2,2,215,tablet,North,web,45-54,1
517,2023-06-28,2024-10-11,14,184,8,mobile,South,partner,18-24,0
518,2022-03-26,2023-01-21,34,26,254,desktop,North,web,18-24,1
519,2022-12-23,2023-11-04,10,8,328,mobile,South,web,25-34,0
520,2024-06-25,2024-08-03,6,51,421,desktop,North,app,55+,1
521,2023-03-10,2025-07-28,7,37,456,mobile,West,partner,25-34,0
522,2022-10-25,2023-10-26,26,10,90,mobile,East,partner,25-34,0
523,2024-05-20,2025-05-09,6,7,55,tablet,North,app,55+,1
524,2022-01-05,2025-01-02,14,3,402,tablet,West,app,35-44,1
525,2023-10-29,2024-06-29,14,19,414,mobile,North,web,18-24,1
526,2023-12-17,2024-11-28,24,64,164,mobile,North,app,35-44,0
527,2023-10-19,2023-11-12,16,14,604,desktop,South,app,55+,0
528,2023-01-19,2025-01-16,5,113,633,mobile,East,app,55+,1
529,2023-03-27,2023-08-22,0,54,171,tablet,West,app,25-34,0
530,2023-01-03,2023-10-24,0,45,131,mobile,North,app,25-34,0
531,2023-01-01,2023-03-13,4,37,205,tablet,West,app,45-54,0
532,2024-08-12,2024-08-22,9,47,893,desktop,East,partner,35-44,0
533,2025-02-01,2025-03-03,8,10,227,desktop,East,web,55+,0
534,2025-01-22,2025-06-23,5,12,112,tablet,East,partner,18-24,0
535,2022-04-20,2023-09-23,11,76,238,mobile,East,partner,45-54,1
536,2024-04-30,2025-05-10,19,11,231,mobile,West,app,45-54,0
537,2022-07-15,2024-03-24,11,69,432,tablet,South,app,35-44,1
538,2024-01-25,2025-04-28,10,12,264,tablet,North,app,35-44,0
539,2023-09-22,2025-05-01,0,54,161,desktop,West,web,55+,1
540,2025-01-26,2025-02-05,1,33,35,mobile,East,web,55+,1
541,2024-05-25,2024-08-23,8,9,28,mobile,East,partner,45-54,0
542,2024-12-25,2025-04-23,0,41,160,desktop,North,partner,55+,1
543,2024-08-21,2025-05-18,7,13,12,desktop,West,web,25-34,1
544,2022-08-03,2024-07-04,21,102,355,desktop,North,partner,45-54,0
545,2023-01-11,2025-03-03,0,4,41,desktop,South,app,55+,0
546,2024-06-07,2025-01-11,9,51,183,mobile,West,app,55+,0
547,2023-04-24,2023-08-05,2,4,91,mobile,East,web,25-34,1
548,2023-07-28,2024-10-28,0,9,305,desktop,East,partner,35-44,1
549,2023-07-30,2023-08-18,12,19,169,desktop,South,web,25-34,1
550,2022-07-06,2023-07-11,6,78,41,mobile,North,web,35-44,0
551,2024-06-23,2025-03-05,19,52,211,desktop,East,app,55+,1
552,2022-11-14,2023-08-01,21,86,154,mobile,South,web,45-54,0
553,2025-03-09,2025-04-14,7,2,275,desktop,North,app,45-54,0
554,2022-08-27,2022-10-15,4,10,81,mobile,South,app,55+,0
555,2022-08-28,2023-10-18,8,20,436,mobile,East,app,55+,0
556,2022-04-08,2022-09-15,2,21,134,tablet,North,web,18-24,0
557,2023-04-06,2023-05-23,5,8,104,mobile,West,partner,55+,0
558,2024-02-09,2025-03-02,6,2,103,mobile,East,app,45-54,1
559,2025-02-04,2025-03-27,42,8,204,mobile,West,partner,55+,1
560,2024-08-13,2025-06-21,15,33,148,mobile,East,web,35-44,0
561,2024-05-17,2025-05-13,14,28,323,mobile,South,app,18-24,1
562,2022-06-17,2022-07-18,33,10,352,mobile,North,web,55+,1
563,2023-06-28,2023-12-18,7,20,332,desktop,West,app,18-24,1
564,2022-06-17,2024-07-10,1,100,359,tablet,West,web,18-24,0
565,2023-03-26,2024-02-12,2,42,184,desktop,East,partner,25-34,0
566,2022-11-19,2024-06-25,19,54,114,tablet,North,partner,55+,1
567,2023-08-08,2024-01-05,4,25,284,desktop,South,app,25-34,0
568,2023-04-07,2023-11-10,2,7,112,desktop,South,partner,25-34,0
569,2024-12-22,2025-08-08,1,29,148,mobile,North,app,35-44,1
570,2023-11-16,2025-04-28,0,2,98,mobile,North,web,35-44,1
571,2023-05-08,2023-05-22,10,14,283,tablet,West,web,18-24,0
572,2022-04-15,2023-10-22,28,43,412,mobile,East,web,25-34,1
573,2022-02-12,2022-09-29,6,22,234,tablet,East,partner,55+,1
574,2022-10-21,2024-01-12,5,30,245,desktop,North,app,35-44,0
575,2023-07-21,2024-07-05,5,3,28,desktop,East,app,18-24,0
576,2022-07-18,2022-07-19,2,23,99,desktop,West,app,25-34,1
577,2024-09-03,2025-07-10,15,14,86,desktop,South,web,18-24,0
578,2024-12-19,2025-07-17,23,19,281,desktop,South,web,25-34,0
579,2024-06-07,2024-09-25,0,10,397,mobile,North,partner,35-44,1
580,2022-01-17,2023-03-14,7,24,368,tablet,South,app,18-24,1
581,2025-02-12,2025-05-06,16,3,7,desktop,North,partner,18-24,0
582,2022-08-22,2023-01-27,5,16,782,desktop,East,app,25-34,0
583,2024-09-07,2025-06-06,0,43,332,desktop,North,partner,35-44,1
584,2022-11-12,2024-10-05,8,16,208,mobile,East,web,18-24,0
585,2024-04-05,2025-04-15,10,55,111,mobile,West,partner,25-34,0
586,2023-08-04,2024-10-30,5,16,348,desktop,South,app,45-54,0
587,2025-03-16,2025-04-29,0,96,935,desktop,South,web,18-24,0
588,2022-08-18,2023-03-28,8,12,218,desktop,East,app,25-34,0
589,2023-10-23,2023-12-19,3,70,121,desktop,West,web,35-44,0
590,2023-01-06,2024-06-10,5,10,374,desktop,West,web,25-34,0
591,2022-08-14,2023-01-10,1,42,160,tablet,North,partner,25-34,0
592,2022-10-09,2024-07-07,4,12,378,tablet,West,app,18-24,0
593,2024-02-23,2025-04-27,8,115,160,desktop,South,app,45-54,0
594,2024-09-25,2025-08-06,0,18,171,desktop,South,web,18-24,0
595,2022-06-16,2023-07-30,5,12,117,desktop,East,app,25-34,0
596,2023-04-15,2024-03-09,1,11,222,mobile,East,web,18-24,1
597,2024-09-04,2024-12-05,8,12,199,desktop,East,partner,25-34,0
598,2024-11-20,2025-06-17,4,14,69,desktop,North,partner,35-44,0
599,2025-02-15,2025-05-20,3,4,108,mobile,East,app,18-24,0
600,2024-11-11,2025-06-24,13,17,291,desktop,South,app,55+,0
601,2022-06-22,2024-05-31,15,157,273,mobile,South,web,55+,0
602,2025-02-28,2025-05-12,24,14,111,mobile,South,web,55+,1
603,2025-02-06,2025-06-27,5,59,87,mobile,North,partner,45-54,0
604,2024-09-09,2025-07-11,24,2,164,desktop,South,web,25-34,0
605,2024-06-10,2024-11-11,0,159,140,tablet,South,partner,35-44,1
606,2024-11-12,2025-02-02,1,26,549,mobile,North,web,55+,0
607,2022-12-05,2024-12-26,5,4,745,desktop,North,partner,35-44,0
608,2023-08-07,2024-07-23,13,53,539,desktop,East,partner,45-54,1
609,2023-02-10,2024-11-06,4,22,99,mobile,North,app,45-54,0
610,2022-05-28,2022-12-21,5,91,344,mobile,East,web,25-34,0
611,2023-04-17,2024-03-23,14,0,135,tablet,East,web,25-34,1
612,2022-09-20,2023-12-26,4,45,309,tablet,East,partner,55+,1
613,2022-09-15,2025-05-26,26,51,150,mobile,East,partner,45-54,0
614,2023-07-30,2024-10-12,0,24,410,tablet,North,web,35-44,1
615,2022-11-17,2023-03-31,8,76,123,tablet,South,app,45-54,0
616,2024-10-12,2025-07-29,1,20,154,tablet,North,app,18-24,0
617,2022-12-02,2023-06-03,8,21,450,tablet,West,app,55+,0
618,2023-06-02,2023-07-04,28,18,233,mobile,South,web,25-34,0
619,2024-06-27,2024-11-16,0,12,169,mobile,South,partner,25-34,1
620,2022-03-01,2023-09-17,5,4,285,mobile,North,app,35-44,1
621,2023-04-25,2024-02-17,0,15,150,tablet,North,web,18-24,0
622,2022-11-15,2025-03-20,2,7,349,tablet,South,app,18-24,0
623,2024-10-29,2025-03-07,1,3,305,tablet,West,partner,25-34,0
624,2023-11-15,2025-02-04,3,6,121,tablet,West,web,35-44,1
625,2023-02-13,2025-07-22,8,68,290,mobile,South,web,35-44,0
626,2024-03-07,2025-05-10,8,3,127,mobile,West,app,55+,0
627,2025-03-23,2025-04-11,10,9,212,tablet,East,web,18-24,0
628,2022-02-28,2023-05-21,16,77,706,mobile,West,web,55+,0
629,2025-03-13,2025-04-28,7,34,612,tablet,South,web,25-34,1
630,2023-10-20,2023-10-30,4,9,427,tablet,West,partner,45-54,0
631,2024-12-18,2024-12-23,9,13,350,mobile,North,partner,45-54,0
632,2024-06-29,2024-08-08,1,2,409,tablet,West,partner,55+,1
633,2024-11-16,2024-12-01,2,24,178,tablet,North,app,18-24,0
634,2023-02-02,2023-10-28,18,7,412,desktop,East,app,25-34,0
635,2024-02-18,2024-04-29,9,93,125,desktop,West,partner,35-44,0
636,2024-09-21,2024-11-06,3,16,258,desktop,North,app,55+,1
637,2024-11-16,2025-03-18,9,11,528,mobile,East,web,45-54,1
638,2023-10-28,2025-02-27,16,16,154,tablet,North,app,18-24,0
639,2023-04-04,2024-08-09,24,76,290,tablet,South,web,35-44,0
640,2024-12-04,2025-05-18,2,33,383,desktop,South,partner,18-24,1
641,2024-04-24,2025-06-09,9,8,270,mobile,South,app,45-54,0
642,2023-07-11,2024-04-24,12,2,142,desktop,North,web,18-24,0
643,2024-04-07,2024-10-13,1,1,413,tablet,East,partner,55+,0
644,2022-12-13,2023-01-11,20,33,206,desktop,North,partner,18-24,1
645,2022-03-14,2022-04-25,0,3,43,desktop,North,partner,18-24,1
646,2025-02-10,2025-06-03,0,55,43,desktop,South,web,35-44,1
647,2025-04-11,2025-08-12,1,9,404,mobile,East,app,25-34,0
648,2022-12-29,2023-06-04,5,3,312,mobile,North,partner,55+,1
649,2024-06-29,2024-10-08,3,3,69,desktop,North,app,55+,1
650,2022-12-02,2024-07-05,9,19,518,tablet,South,app,18-24,0
651,2022-12-10,2024-04-20,0,10,293,tablet,South,app,45-54,0
652,2024-10-24,2025-06-18,2,39,169,tablet,East,app,25-34,0
653,2023-09-21,2025-03-01,1,22,91,tablet,North,partner,55+,1
654,2023-04-11,2023-10-03,33,26,50,desktop,West,partner,55+,1
655,2025-03-03,2025-03-24,7,28,153,mobile,West,web,55+,0
656,2022-09-30,2024-06-02,1,167,231,tablet,East,app,55+,1
657,2024-01-03,2024-10-02,44,71,648,desktop,West,app,35-44,0
658,2024-05-17,2025-06-10,7,85,349,mobile,South,app,25-34,1
659,2022-09-18,2025-07-16,1,15,625,mobile,West,partner,45-54,0
660,2023-09-24,2024-08-21,23,15,105,mobile,East,web,25-34,0
661,2022-08-14,2024-01-26,3,32,202,desktop,East,app,35-44,1
662,2024-04-29,2024-11-16,3,13,194,desktop,South,app,18-24,0
663,2025-01-23,2025-03-07,9,17,134,mobile,South,partner,18-24,1
664,2024-08-04,2025-02-19,1,65,340,tablet,East,app,18-24,0
665,2023-07-18,2024-12-08,4,0,381,tablet,West,app,35-44,1
666,2023-12-12,2024-08-01,28,36,516,tablet,North,partner,25-34,1
667,2024-02-13,2024-03-28,20,39,112,tablet,South,app,35-44,0
668,2022-01-29,2023-09-25,1,17,293,tablet,East,web,25-34,1
669,2023-07-07,2024-04-16,2,4,221,tablet,East,partner,18-24,0
670,2024-01-02,2024-01-13,15,19,435,tablet,West,app,25-34,0
671,2025-02-12,2025-06-06,14,28,107,desktop,North,web,45-54,0
672,2024-11-15,2024-12-19,0,5,77,tablet,North,app,45-54,1
673,2025-02-15,2025-06-06,15,39,97,tablet,South,app,35-44,1
674,2024-09-10,2025-03-29,9,64,84,tablet,North,app,45-54,0
675,2023-06-18,2025-04-09,3,25,256,tablet,West,app,35-44,0
676,2022-08-17,2023-02-05,18,23,17,desktop,East,app,55+,1
677,2022-04-16,2022-11-17,19,11,259,tablet,West,partner,35-44,0
678,2023-11-09,2025-07-16,14,17,92,mobile,West,app,45-54,1
679,2024-07-16,2024-11-26,20,37,2,desktop,South,partner,35-44,0
680,2023-01-10,2023-06-07,0,1,157,mobile,West,partner,45-54,1
681,2022-01-09,2024-01-16,6,35,114,tablet,South,web,35-44,0
682,2022-07-06,2024-03-09,16,59,123,desktop,South,app,25-34,1
683,2023-02-03,2023-05-27,8,15,278,desktop,North,web,18-24,1
684,2024-06-05,2025-07-21,56,34,81,desktop,West,app,55+,0
685,2024-10-09,2024-11-28,5,10,156,desktop,West,partner,55+,0
686,2024-05-06,2024-07-30,3,65,384,tablet,West,app,45-54,0
687,2022-08-31,2024-04-14,8,40,217,desktop,North,partner,35-44,1
688,2025-01-01,2025-07-15,3,1,42,desktop,North,partner,18-24,0
689,2023-03-31,2024-04-24,6,12,174,tablet,South,web,45-54,1
690,2024-10-26,2025-01-12,13,10,181,desktop,West,partner,55+,1
691,2024-02-17,2024-05-07,37,14,89,tablet,South,web,45-54,0
692,2023-03-23,2024-04-26,20,1,195,desktop,West,app,55+,0
693,2022-07-21,2024-05-06,0,7,441,tablet,East,partner,55+,0
694,2024-11-06,2024-12-02,0,46,288,tablet,North,web,35-44,1
695,2024-06-17,2025-07-15,14,10,145,desktop,East,web,35-44,0
696,2023-04-28,2024-11-30,2,8,565,tablet,South,web,35-44,1
697,2024-12-05,2024-12-13,23,15,653,tablet,East,partner,45-54,1
698,2023-07-09,2025-02-09,0,46,117,tablet,South,partner,35-44,0
699,2025-01-21,2025-05-01,5,12,322,tablet,South,partner,25-34,0
700,2024-01-07,2025-07-18,9,3,415,desktop,South,web,55+,0
701,2022-02-17,2022-06-12,0,16,268,tablet,North,app,55+,0
702,2024-11-17,2025-02-21,25,64,130,tablet,North,partner,45-54,0
703,2022-09-30,2025-07-24,16,0,642,mobile,North,app,55+,0
704,2023-12-25,2025-07-25,5,74,17,mobile,East,app,18-24,0
705,2023-05-04,2024-07-15,2,34,62,tablet,North,partner,18-24,0
706,2023-01-22,2024-09-19,2,7,224,mobile,South,app,55+,1
707,2022-02-28,2022-07-11,3,17,141,tablet,East,partner,55+,1
708,2024-05-22,2025-06-28,30,25,156,tablet,South,partner,25-34,0
709,2022-03-02,2022-10-14,13,15,143,desktop,North,web,25-34,1
710,2022-02-16,2025-07-07,5,0,161,tablet,North,web,18-24,0
711,2022-10-18,2024-03-11,9,39,669,mobile,South,partner,45-54,0
712,2024-08-28,2025-03-26,7,60,217,desktop,West,web,18-24,1
713,2023-07-11,2023-07-26,4,67,203,tablet,East,web,25-34,0
714,2023-06-09,2025-03-14,6,23,91,desktop,East,web,18-24,0
715,2024-05-30,2024-09-14,3,42,285,desktop,North,partner,18-24,0
716,2023-03-22,2024-11-15,8,14,48,desktop,South,app,55+,1
717,2022-11-09,2024-09-16,9,35,722,desktop,North,web,25-34,0
718,2023-06-06,2024-06-25,2,22,536,desktop,North,app,18-24,1
719,2022-01-16,2023-01-18,4,9,83,tablet,South,web,25-34,0
720,2023-02-05,2023-04-20,1,16,471,mobile,South,partner,25-34,1
721,2024-02-19,2024-12-20,11,160,370,desktop,North,app,35-44,0
722,2024-01-04,2024-02-14,5,28,358,desktop,East,app,18-24,0
723,2024-10-29,2025-02-28,27,62,115,mobile,West,partner,55+,0
724,2023-09-03,2024-10-26,2,57,49,mobile,West,app,45-54,0
725,2022-03-30,2025-01-28,12,52,163,tablet,West,web,25-34,1
726,2022-08-24,2023-12-20,0,16,68,mobile,South,web,35-44,1
727,2024-09-09,2025-01-08,2,37,311,desktop,South,web,35-44,0
728,2024-08-17,2025-07-02,10,9,267,desktop,East,web,35-44,0
729,2024-04-02,2025-05-04,18,9,216,tablet,West,app,45-54,1
730,2023-05-23,2024-12-22,10,115,260,tablet,North,web,45-54,1
731,2025-03-09,2025-03-21,0,20,130,desktop,South,app,25-34,1
732,2023-11-14,2025-05-02,3,26,233,desktop,East,app,25-34,0
733,2022-11-20,2025-03-06,4,55,140,desktop,North,app,18-24,1
734,2024-05-12,2025-03-24,5,10,509,desktop,South,web,25-34,1
735,2024-07-01,2025-06-05,32,46,44,mobile,South,app,55+,0
736,2023-10-17,2024-11-25,2,16,245,mobile,West,app,25-34,1
737,2024-03-02,2024-10-14,4,23,230,mobile,East,app,25-34,1
738,2023-04-23,2024-07-19,0,31,397,tablet,West,app,55+,1
739,2022-06-17,2024-10-01,7,6,35,mobile,East,app,55+,0
740,2023-12-17,2024-04-03,6,12,296,mobile,South,app,25-34,0
741,2022-04-13,2023-08-30,2,21,81,tablet,East,partner,45-54,0
742,2022-03-20,2023-01-13,18,3,295,tablet,East,partner,25-34,1
743,2024-02-04,2024-03-25,0,7,89,desktop,South,web,18-24,0
744,2024-09-21,2025-03-01,7,4,229,tablet,North,partner,35-44,0
745,2022-12-30,2024-02-15,29,17,124,tablet,West,web,55+,0
746,2025-01-24,2025-06-17,7,3,118,mobile,East,web,45-54,0
747,2023-04-23,2025-03-05,16,76,184,tablet,North,partner,25-34,0
748,2022-12-09,2023-12-14,5,9,314,mobile,East,web,18-24,0
749,2023-01-29,2024-05-24,3,8,37,mobile,East,partner,35-44,0
750,2023-02-24,2024-06-24,11,33,68,mobile,North,partner,35-44,0
751,2025-02-18,2025-05-16,12,17,361,mobile,South,app,25-34,0
752,2023-06-17,2024-02-21,0,4,256,tablet,West,app,35-44,0
753,2022-04-06,2024-07-25,11,32,129,desktop,West,partner,25-34,0
754,2022-04-17,2022-08-16,15,8,99,desktop,South,web,35-44,0
755,2022-06-24,2024-01-05,3,50,470,tablet,East,app,18-24,0
756,2024-09-17,2025-04-03,15,6,434,tablet,West,web,45-54,0
757,2024-07-24,2024-11-23,2,0,493,desktop,North,web,35-44,0
758,2022-09-10,2023-07-28,4,74,215,mobile,East,partner,25-34,1
759,2024-05-15,2024-05-21,30,9,375,tablet,North,app,18-24,0
760,2025-02-07,2025-07-04,4,22,40,tablet,South,app,25-34,1
761,2023-05-15,2023-05-18,21,6,352,desktop,South,app,18-24,0
762,2023-10-22,2024-09-30,0,2,39,tablet,East,partner,25-34,0
763,2024-06-05,2025-06-11,2,17,617,tablet,South,partner,45-54,0
764,2022-10-19,2023-10-14,13,15,106,tablet,East,app,55+,0
765,2025-03-08,2025-05-01,6,21,401,desktop,North,web,35-44,1
766,2024-11-02,2025-01-27,2,3,84,mobile,North,web,18-24,1
767,2023-09-25,2025-02-05,7,43,9,mobile,East,web,35-44,1
768,2023-06-28,2024-12-05,12,13,188,tablet,North,app,45-54,1
769,2024-07-28,2024-09-28,0,4,306,tablet,South,app,55+,1
770,2023-03-17,2024-08-18,9,24,425,mobile,East,app,45-54,0
771,2025-01-09,2025-07-25,29,36,75,desktop,West,partner,18-24,0
772,2023-04-22,2025-05-01,17,23,185,tablet,South,app,55+,1
773,2022-02-21,2025-07-21,19,89,261,mobile,West,web,18-24,0
774,2025-03-22,2025-05-18,11,3,275,tablet,East,web,55+,1
775,2022-04-27,2024-09-24,4,33,343,mobile,South,partner,35-44,1
776,2024-07-09,2025-01-08,1,90,277,mobile,North,web,35-44,1
777,2023-04-14,2025-02-16,4,25,502,desktop,West,web,25-34,0
778,2023-09-13,2023-11-28,4,18,532,tablet,East,web,25-34,1
779,2024-04-01,2024-10-18,2,21,472,tablet,West,partner,45-54,0
780,2024-11-15,2025-03-11,3,82,179,mobile,South,web,55+,1
781,2022-11-25,2023-11-08,9,89,296,tablet,West,web,35-44,0
782,2022-07-30,2022-12-11,3,9,233,tablet,East,web,25-34,0
783,2023-10-11,2025-03-22,24,6,118,tablet,South,app,18-24,1
784,2024-04-19,2024-06-21,38,8,552,tablet,West,web,25-34,0
785,2023-07-04,2025-05-16,11,0,518,tablet,West,app,25-34,1
786,2024-08-21,2025-02-22,5,1,238,mobile,East,web,35-44,0
787,2022-03-16,2023-01-26,14,18,390,desktop,South,web,18-24,1
788,2022-12-20,2023-05-12,16,28,99,desktop,East,web,18-24,0
789,2024-08-09,2025-02-20,13,50,300,tablet,East,app,18-24,1
790,2025-02-15,2025-05-07,5,90,143,mobile,East,app,45-54,1
791,2024-07-19,2025-02-11,9,14,53,tablet,East,app,25-34,1
792,2023-12-30,2025-05-19,8,1,250,tablet,North,web,18-24,0
793,2025-03-07,2025-05-19,0,21,119,desktop,West,web,35-44,1
794,2022-04-08,2025-05-26,60,4,301,tablet,East,web,45-54,1
795,2023-03-07,2024-08-13,3,5,165,desktop,West,web,55+,1
796,2022-10-03,2025-03-26,10,3,143,desktop,North,app,18-24,0
797,2024-09-15,2024-11-15,1,10,377,tablet,East,partner,55+,0
798,2024-11-04,2024-11-30,7,13,360,tablet,East,partner,25-34,0
799,2022-11-18,2025-02-22,15,14,238,mobile,South,partner,18-24,0
800,2024-09-18,2025-01-05,8,6,151,mobile,West,web,35-44,1
801,2023-09-11,2024-05-09,2,15,399,desktop,South,partner,55+,1
802,2024-02-03,2025-03-12,25,69,476,tablet,South,web,35-44,0
803,2023-04-12,2024-12-27,7,18,277,tablet,East,app,25-34,1
804,2024-03-18,2025-01-18,25,29,204,tablet,East,app,25-34,1
805,2022-03-19,2024-06-15,14,0,137,desktop,South,partner,35-44,1
806,2024-06-21,2024-09-28,3,0,463,desktop,South,web,18-24,0
807,2022-06-18,2023-08-04,9,80,138,mobile,West,web,25-34,0
808,2022-11-17,2024-08-02,16,50,55,desktop,West,app,25-34,0
809,2023-10-09,2024-05-21,1,7,533,desktop,North,web,25-34,1
810,2024-06-17,2024-09-30,14,80,475,mobile,South,app,45-54,1
811,2024-04-18,2024-07-10,12,34,172,mobile,North,app,45-54,1
812,2022-09-17,2025-08-10,8,14,65,mobile,South,partner,35-44,0
813,2024-11-24,2025-05-14,3,28,330,mobile,North,partner,55+,1
814,2023-11-25,2024-05-24,7,19,49,desktop,South,app,18-24,1
815,2022-03-19,2022-04-02,19,38,206,tablet,North,partner,45-54,1
816,2022-08-01,2023-04-01,2,76,375,desktop,North,app,18-24,0
817,2023-11-12,2023-12-02,3,1,267,tablet,South,partner,25-34,1
818,2023-01-18,2025-03-12,4,23,67,desktop,East,web,45-54,1
819,2023-12-06,2024-11-20,1,13,164,tablet,East,partner,25-34,1
820,2025-02-06,2025-05-19,19,30,96,desktop,North,partner,35-44,1
821,2023-11-30,2024-08-17,6,2,95,tablet,West,app,55+,0
822,2024-08-05,2025-04-04,23,9,126,tablet,South,app,55+,1
823,2024-05-25,2024-11-03,9,5,55,tablet,North,web,35-44,0
824,2024-10-03,2024-12-04,5,56,304,tablet,East,partner,55+,0
825,2024-02-08,2024-11-29,4,20,88,desktop,East,app,25-34,0
826,2023-10-06,2024-05-03,3,26,39,desktop,East,partner,18-24,0
827,2025-01-30,2025-05-29,23,16,336,mobile,South,partner,45-54,1
828,2022-08-02,2024-02-09,8,28,260,tablet,North,web,55+,0
829,2022-11-25,2025-05-20,2,24,119,desktop,West,app,55+,1
830,2024-11-07,2025-07-12,1,21,77,mobile,West,app,35-44,0
831,2023-11-23,2024-02-10,11,41,576,mobile,South,web,25-34,1
832,2024-02-28,2025-07-19,10,98,77,tablet,North,web,35-44,0
833,2024-01-21,2024-09-21,42,16,236,tablet,North,web,55+,1
834,2023-02-01,2023-04-15,2,69,94,tablet,East,partner,45-54,1
835,2024-12-22,2025-03-11,1,32,493,mobile,West,web,55+,1
836,2024-05-28,2025-08-07,1,27,293,tablet,North,partner,55+,0
837,2023-03-19,2024-05-24,16,23,369,tablet,North,app,18-24,0
838,2025-03-02,2025-07-17,11,0,181,desktop,South,partner,55+,0
839,2022-04-13,2024-12-05,11,0,365,tablet,North,partner,55+,0
840,2024-01-11,2025-06-26,0,11,256,mobile,West,partner,45-54,0
841,2022-03-14,2024-12-09,5,7,60,tablet,South,web,55+,1
842,2024-09-04,2025-05-07,19,31,354,desktop,North,web,35-44,0
843,2022-06-24,2022-08-31,4,61,89,tablet,North,app,25-34,1
844,2024-07-22,2025-01-06,17,18,416,mobile,East,web,18-24,0
845,2023-03-11,2025-08-06,4,1,370,tablet,South,app,35-44,0
846,2023-01-19,2023-09-13,2,49,137,mobile,South,app,18-24,0
847,2022-07-10,2024-01-11,16,47,611,tablet,South,partner,18-24,1
848,2025-02-19,2025-03-19,3,3,78,tablet,East,web,35-44,1
849,2022-07-11,2024-09-25,10,12,439,tablet,East,partner,18-24,1
850,2024-08-17,2024-11-24,17,45,177,desktop,North,web,35-44,1
851,2023-12-25,2024-03-11,0,45,299,tablet,East,partner,45-54,0
852,2022-04-20,2023-12-18,4,4,365,mobile,East,web,35-44,1
853,2023-11-01,2024-01-15,7,42,121,tablet,East,partner,18-24,1
854,2023-09-05,2024-06-29,1,20,170,mobile,South,app,35-44,0
855,2023-11-30,2024-07-28,8,53,418,mobile,West,web,55+,0
856,2024-10-04,2025-07-12,9,17,283,desktop,North,web,45-54,1
857,2022-06-03,2022-07-24,4,29,395,mobile,North,app,25-34,0
858,2022-10-19,2023-11-09,2,16,253,mobile,East,partner,45-54,1
859,2024-09-21,2024-11-15,10,42,212,mobile,East,partner,35-44,1
860,2023-06-20,2025-06-07,16,21,243,desktop,North,web,35-44,0
861,2022-10-01,2025-04-04,0,73,685,mobile,West,partner,45-54,1
862,2022-12-05,2023-04-14,0,21,94,mobile,North,web,25-34,1
863,2024-07-29,2025-01-26,3,110,133,tablet,West,app,25-34,0
864,2024-04-04,2024-09-25,3,41,154,tablet,West,app,25-34,0
865,2025-03-29,2025-08-15,3,6,97,tablet,North,app,35-44,1
866,2025-03-31,2025-06-11,5,17,235,tablet,South,app,25-34,0
867,2022-10-05,2025-04-11,15,26,103,tablet,North,web,25-34,0
868,2024-04-29,2024-05-23,0,6,128,desktop,West,app,55+,1
869,2022-12-07,2024-10-05,0,29,128,desktop,West,app,35-44,1
870,2023-07-29,2025-08-07,16,2,241,mobile,East,partner,45-54,0
871,2024-05-30,2024-09-06,9,17,120,desktop,South,web,25-34,1
872,2025-02-08,2025-06-04,6,1,484,desktop,North,partner,25-34,0
873,2023-01-29,2024-09-04,52,59,650,tablet,South,app,45-54,0
874,2024-12-19,2025-05-25,28,11,385,desktop,North,partner,35-44,0
875,2023-03-14,2024-08-31,24,31,163,desktop,South,partner,18-24,1
876,2022-03-17,2023-08-23,7,18,100,tablet,North,web,45-54,1
877,2022-10-22,2023-10-19,16,47,598,tablet,North,app,35-44,1
878,2023-09-28,2025-06-04,22,61,61,mobile,South,partner,18-24,0
879,2022-07-19,2023-09-01,16,39,24,desktop,East,partner,35-44,1
880,2024-01-12,2024-05-23,8,1,226,tablet,South,app,55+,0
881,2023-08-27,2025-07-27,7,46,27,tablet,West,app,18-24,0
882,2025-01-04,2025-04-18,11,41,267,tablet,East,partner,35-44,1
883,2024-03-19,2024-08-30,9,2,208,desktop,East,web,25-34,1
884,2023-01-27,2024-03-28,2,3,23,desktop,South,web,25-34,0
885,2024-02-08,2024-07-27,8,5,160,mobile,West,app,45-54,0
886,2022-11-14,2024-02-15,4,36,319,desktop,East,web,55+,0
887,2022-12-15,2025-03-05,1,26,164,mobile,South,app,35-44,0
888,2022-09-14,2024-08-20,0,6,442,desktop,East,web,25-34,0
889,2022-05-04,2025-02-28,5,123,345,tablet,North,partner,25-34,0
890,2024-08-29,2025-02-13,2,8,258,desktop,East,app,35-44,1
891,2023-03-30,2024-01-10,24,36,255,tablet,West,partner,18-24,1
892,2023-09-06,2024-05-26,10,10,122,desktop,East,web,35-44,1
893,2022-10-27,2024-11-24,10,10,363,desktop,North,web,35-44,1
894,2023-12-28,2024-12-05,1,10,183,mobile,North,web,18-24,0
895,2025-01-13,2025-03-03,5,106,96,desktop,West,web,55+,0
896,2022-03-15,2023-05-03,12,2,48,desktop,North,web,25-34,0
897,2022-04-08,2022-10-04,1,43,248,tablet,North,web,55+,1
898,2023-08-21,2025-05-01,35,11,380,mobile,North,web,55+,0
899,2023-11-01,2024-09-21,15,64,195,desktop,South,web,25-34,0
900,2022-02-01,2022-09-27,22,18,32,desktop,North,partner,35-44,0
901,2024-09-06,2025-04-09,1,29,268,mobile,South,app,35-44,1
902,2022-07-24,2025-06-17,9,13,473,tablet,North,partner,45-54,0
903,2024-12-18,2025-02-10,8,1,204,desktop,East,web,18-24,0
904,2024-06-17,2025-06-07,0,11,560,desktop,North,web,55+,1
905,2022-09-02,2022-12-16,2,7,223,desktop,West,partner,45-54,0
906,2025-04-05,2025-06-23,1,14,192,desktop,West,web,18-24,0
907,2023-02-10,2023-06-09,1,46,189,desktop,East,web,45-54,1
908,2024-04-11,2024-09-24,10,64,45,tablet,East,web,18-24,0
909,2023-08-26,2024-09-20,1,26,42,mobile,South,web,25-34,1
910,2023-11-20,2024-05-05,16,17,557,tablet,North,app,35-44,1
911,2024-02-13,2024-05-06,1,6,435,desktop,East,partner,55+,0
912,2024-04-26,2024-10-18,1,59,46,tablet,South,partner,55+,1
913,2022-08-22,2025-07-06,11,24,150,tablet,East,web,55+,0
914,2022-04-03,2022-05-23,6,22,401,desktop,West,web,35-44,1
915,2023-05-02,2024-11-22,14,54,241,tablet,West,partner,35-44,1
916,2022-06-03,2022-12-26,7,24,116,desktop,East,web,35-44,0
917,2022-06-22,2023-08-28,4,32,282,mobile,West,web,35-44,0
918,2023-09-25,2024-02-03,26,58,117,mobile,South,app,18-24,0
919,2025-03-09,2025-06-02,8,5,397,mobile,South,web,18-24,0
920,2022-05-19,2024-10-23,1,48,317,tablet,South,partner,25-34,0
921,2023-06-16,2024-04-23,6,36,431,desktop,East,partner,25-34,0
922,2024-09-21,2025-03-06,3,19,56,mobile,South,partner,18-24,0
923,2022-10-21,2025-06-04,9,44,191,desktop,South,app,45-54,0
924,2022-01-05,2022-03-31,36,35,177,mobile,East,app,45-54,0
925,2024-06-02,2025-02-16,7,5,226,mobile,East,web,18-24,0
926,2024-01-08,2025-04-08,26,24,221,tablet,North,web,45-54,1
927,2023-07-04,2024-09-12,7,13,581,tablet,East,web,25-34,0
928,2023-11-08,2024-12-31,11,0,207,tablet,West,app,45-54,0
929,2023-09-09,2025-03-17,0,83,426,tablet,South,web,35-44,0
930,2023-05-14,2025-03-05,6,37,839,mobile,East,partner,45-54,0
931,2022-12-03,2025-06-22,6,4,377,mobile,South,app,25-34,0
932,2024-10-13,2025-03-23,19,2,395,desktop,West,partner,35-44,0
933,2022-03-14,2024-03-22,12,39,279,desktop,West,web,55+,0
934,2023-08-15,2024-03-13,21,29,200,mobile,West,app,25-34,1
935,2022-11-07,2025-02-05,1,31,840,desktop,East,web,35-44,0
936,2022-10-22,2024-07-01,2,60,133,mobile,West,web,25-34,0
937,2024-06-29,2025-05-22,8,14,271,desktop,West,web,55+,0
938,2024-09-29,2025-05-16,2,59,244,mobile,South,partner,35-44,0
939,2023-04-01,2024-11-29,2,44,144,mobile,West,web,45-54,1
940,2024-09-03,2024-11-24,13,10,528,mobile,East,partner,18-24,0
941,2023-09-13,2024-09-07,3,4,73,mobile,South,web,25-34,0
942,2025-03-18,2025-08-12,1,1,252,desktop,South,partner,35-44,0
943,2024-07-15,2024-11-04,3,22,332,mobile,South,app,45-54,1
944,2023-02-21,2023-05-02,18,11,62,mobile,West,app,45-54,1
945,2023-06-13,2023-09-19,6,27,173,desktop,North,partner,25-34,0
946,2023-02-23,2025-05-03,7,91,75,mobile,North,web,25-34,1
947,2024-06-25,2025-01-18,4,35,233,tablet,South,partner,45-54,0
948,2022-06-27,2024-12-26,6,32,416,tablet,North,partner,18-24,0
949,2023-02-03,2024-11-01,0,8,125,mobile,East,web,18-24,0
950,2024-03-11,2024-09-15,2,5,291,mobile,West,web,55+,0
951,2023-03-23,2023-05-07,19,54,114,desktop,North,web,25-34,0
952,2023-08-27,2024-02-20,11,5,209,tablet,South,partner,55+,1
953,2025-02-08,2025-05-04,23,101,197,tablet,North,partner,35-44,1
954,2023-05-13,2024-08-02,25,133,146,desktop,North,app,25-34,0
955,2022-03-11,2023-03-03,11,7,255,mobile,North,app,25-34,0
956,2022-09-25,2023-04-10,2,44,58,mobile,East,app,18-24,0
957,2024-11-07,2024-12-20,8,22,188,mobile,South,partner,18-24,1
958,2024-09-26,2025-02-16,4,7,443,desktop,East,app,18-24,0
959,2024-01-30,2024-12-29,8,4,28,desktop,North,partner,45-54,0
960,2023-07-09,2024-09-21,11,17,236,tablet,East,partner,35-44,0
961,2024-01-07,2025-08-03,3,69,382,tablet,West,partner,35-44,0
962,2023-09-25,2025-02-18,9,55,66,desktop,West,app,55+,0
963,2024-03-23,2025-03-29,13,45,310,desktop,West,web,45-54,1
964,2023-05-27,2025-02-02,1,15,322,desktop,West,web,18-24,1
965,2023-05-27,2024-06-08,22,6,270,mobile,East,partner,55+,0
966,2024-03-10,2025-08-14,12,69,98,tablet,West,web,25-34,0
967,2024-03-15,2025-04-17,1,44,72,tablet,North,web,55+,0
968,2022-11-06,2023-09-16,22,25,497,mobile,North,app,55+,1
969,2023-10-21,2024-08-02,15,14,125,desktop,West,partner,35-44,0
970,2023-03-02,2024-10-14,3,14,300,desktop,North,app,45-54,0
971,2024-04-22,2025-04-22,15,23,142,tablet,East,partner,55+,0
972,2022-12-19,2023-01-30,2,5,686,desktop,South,partner,45-54,1
973,2022-03-13,2022-05-22,1,28,265,desktop,North,app,55+,0
974,2022-08-21,2023-01-11,18,18,749,desktop,East,web,55+,0
975,2022-06-15,2022-12-25,11,1,369,tablet,South,partner,35-44,1
976,2023-12-01,2025-04-05,18,7,82,desktop,West,partner,35-44,0
977,2022-02-17,2024-02-14,3,12,99,tablet,West,partner,25-34,0
978,2022-02-16,2022-10-18,11,3,24,mobile,North,partner,35-44,1
979,2024-11-19,2024-12-05,60,62,415,tablet,South,partner,25-34,0
980,2024-03-19,2025-02-13,2,3,241,desktop,South,partner,25-34,0
981,2023-03-14,2024-09-04,2,5,276,mobile,West,web,18-24,1
982,2023-04-25,2024-11-13,3,18,213,desktop,West,app,45-54,1
983,2022-02-04,2022-12-24,1,10,268,mobile,West,web,35-44,0
984,2022-02-05,2023-04-11,1,6,224,desktop,North,app,35-44,1
985,2024-08-26,2025-05-26,0,78,14,tablet,East,app,18-24,1
986,2022-04-13,2023-03-28,27,62,109,desktop,West,app,45-54,1
987,2022-05-26,2025-07-31,6,28,225,tablet,North,app,45-54,0
988,2024-04-14,2024-07-16,23,31,209,tablet,South,partner,25-34,0
989,2023-11-23,2024-01-11,5,5,73,mobile,South,app,45-54,0
990,2022-06-21,2023-04-13,10,5,356,tablet,South,partner,35-44,0
991,2022-03-11,2025-06-22,5,59,603,tablet,East,app,35-44,0
992,2022-02-08,2023-02-20,0,11,73,mobile,South,web,55+,1
993,2025-02-25,2025-03-15,13,117,163,desktop,North,partner,25-34,0
994,2023-05-06,2023-12-29,9,32,163,desktop,East,app,35-44,0
995,2024-12-11,2025-06-18,15,33,186,mobile,East,app,18-24,1
996,2022-01-30,2022-02-16,8,7,101,tablet,West,web,25-34,1
997,2024-04-28,2025-08-12,3,21,104,mobile,West,app,55+,0
998,2022-09-05,2022-11-08,7,47,26,desktop,North,partner,45-54,0
999,2023-05-11,2024-06-22,1,86,145,desktop,East,web,35-44,1
1000,2024-07-17,2025-05-14,34,76,118,desktop,West,partner,55+,1
1001,2022-11-27,2023-03-01,0,36,261,desktop,East,web,45-54,1
1002,2023-03-14,2024-02-15,1,19,511,tablet,South,partner,25-34,0
1003,2025-01-26,2025-06-10,3,59,244,tablet,East,web,25-34,1
1004,2025-02-21,2025-06-29,25,10,464,desktop,North,web,45-54,1
1005,2023-02-12,2023-04-03,3,25,99,desktop,West,partner,45-54,1
1006,2024-05-18,2025-05-27,6,47,305,desktop,North,web,55+,0
1007,2022-11-23,2024-06-01,0,95,155,tablet,West,app,45-54,1
1008,2024-05-22,2025-05-08,1,140,291,desktop,West,web,18-24,1
1009,2022-02-09,2023-03-02,6,76,114,desktop,West,app,25-34,0
1010,2022-01-14,2023-09-20,23,39,124,tablet,North,partner,25-34,0
1011,2022-03-11,2024-01-09,10,80,488,tablet,South,app,55+,0
1012,2022-04-08,2025-03-04,12,3,193,mobile,East,partner,35-44,1
1013,2023-09-13,2025-03-27,14,12,372,desktop,West,web,18-24,0
1014,2024-06-02,2025-03-10,8,27,201,mobile,North,partner,18-24,0
1015,2024-08-10,2024-11-06,0,22,132,mobile,West,web,25-34,1
1016,2024-07-30,2025-02-19,9,52,110,tablet,West,web,25-34,1
1017,2023-03-10,2023-12-18,4,1,787,tablet,East,app,18-24,0
1018,2023-02-20,2025-02-22,3,24,301,tablet,West,partner,25-34,0
1019,2023-01-27,2024-03-08,22,48,283,desktop,North,partner,25-34,0
1020,2023-04-24,2025-05-24,11,69,75,desktop,East,web,55+,0
1021,2024-10-01,2024-11-11,16,1,140,mobile,South,partner,35-44,0
1022,2024-01-10,2024-08-05,12,21,115,tablet,East,web,35-44,0
1023,2023-08-29,2024-02-23,22,6,141,desktop,East,partner,35-44,0
1024,2024-12-10,2024-12-12,18,32,416,tablet,West,partner,45-54,0
1025,2023-10-13,2024-05-14,3,13,131,tablet,North,app,35-44,1
1026,2024-08-15,2024-09-19,0,13,153,mobile,West,app,55+,0
1027,2022-11-29,2023-10-13,7,2,300,desktop,East,web,25-34,0
1028,2022-07-06,2022-09-01,18,15,198,mobile,South,partner,35-44,1
1029,2024-09-14,2024-09-23,14,90,133,desktop,West,partner,55+,0
1030,2023-02-11,2024-02-23,1,7,185,mobile,East,app,25-34,1
1031,2023-11-14,2025-05-28,22,41,109,desktop,North,partner,35-44,0
1032,2023-08-21,2024-04-14,6,37,180,mobile,North,app,55+,0
1033,2022-04-02,2023-11-03,6,21,771,desktop,North,app,25-34,1
1034,2022-08-05,2024-11-27,17,39,123,desktop,East,web,25-34,0
1035,2023-07-13,2024-05-17,15,17,334,tablet,West,app,45-54,1
1036,2022-03-11,2025-01-13,0,6,59,mobile,South,web,25-34,1
1037,2023-02-08,2023-02-19,3,4,204,desktop,North,web,25-34,1
1038,2022-06-02,2024-06-08,2,22,169,mobile,West,web,18-24,0
1039,2022-07-27,2022-10-18,37,18,400,tablet,South,app,25-34,0
1040,2023-12-05,2025-05-23,7,113,205,tablet,East,web,55+,0
1041,2024-02-28,2024-04-29,32,15,533,mobile,South,partner,25-34,1
1042,2023-10-22,2024-04-24,3,8,167,tablet,North,app,18-24,0
1043,2022-03-03,2024-10-01,0,45,89,mobile,North,web,45-54,0
1044,2022-04-25,2024-10-10,11,19,460,mobile,East,partner,45-54,0
1045,2023-12-02,2024-08-11,4,13,210,tablet,West,web,18-24,1
1046,2022-08-14,2024-07-24,15,5,183,tablet,South,web,25-34,1
1047,2024-01-15,2025-06-02,4,5,877,desktop,East,web,55+,0
1048,2022-10-27,2025-07-16,1,45,160,desktop,South,app,35-44,1
1049,2022-08-07,2025-05-03,17,42,434,desktop,South,web,25-34,0
1050,2025-04-08,2025-07-26,9,11,310,desktop,North,app,45-54,1
1051,2024-01-10,2024-06-15,31,7,269,mobile,East,web,55+,1
1052,2024-05-28,2025-05-17,1,61,113,tablet,North,web,45-54,1
1053,2022-02-17,2025-07-10,11,111,201,mobile,South,app,35-44,0
1054,2022-10-30,2024-12-04,4,96,335,tablet,West,web,18-24,1
1055,2022-03-08,2024-07-16,11,38,139,desktop,North,partner,25-34,0
1056,2023-07-11,2024-06-17,9,93,414,tablet,North,app,45-54,0
1057,2024-02-29,2024-06-06,5,38,224,desktop,North,app,18-24,0
1058,2023-11-28,2024-04-20,3,36,219,mobile,West,app,35-44,1
1059,2022-07-07,2024-10-29,22,45,228,tablet,North,web,25-34,0
1060,2024-09-19,2024-09-27,2,3,179,desktop,East,web,55+,1
1061,2024-08-31,2024-11-14,20,32,521,desktop,North,partner,55+,0
1062,2023-12-18,2025-04-28,1,112,728,mobile,North,app,25-34,0
1063,2023-11-23,2024-11-02,18,14,159,mobile,East,web,25-34,1
1064,2023-12-25,2024-07-17,21,10,503,desktop,East,app,45-54,1
1065,2022-12-06,2024-03-13,16,29,239,mobile,East,partner,35-44,1
1066,2023-05-14,2024-07-15,3,30,292,mobile,North,app,18-24,0
1067,2023-11-28,2025-06-26,2,0,9,tablet,West,web,55+,0
1068,2023-09-19,2023-12-08,6,15,106,mobile,South,partner,45-54,1
1069,2023-08-22,2025-03-24,0,50,435,desktop,North,web,18-24,0
1070,2023-02-04,2025-03-02,2,0,284,tablet,North,app,25-34,0
1071,2022-11-07,2024-03-18,5,0,248,desktop,East,web,35-44,0
1072,2023-09-23,2025-05-21,18,28,327,tablet,South,app,25-34,0
1073,2022-05-05,2025-08-06,0,1,184,tablet,North,app,18-24,1
1074,2023-09-10,2024-05-05,25,31,351,tablet,West,app,25-34,1
1075,2023-11-25,2023-12-09,15,52,192,desktop,North,web,25-34,1
1076,2023-03-22,2023-10-01,11,26,112,mobile,South,app,35-44,1
1077,2024-02-27,2024-11-10,28,43,63,tablet,North,app,45-54,0
1078,2024-01-03,2025-06-02,0,3,163,mobile,South,partner,55+,0
1079,2023-09-13,2024-04-08,3,32,247,mobile,East,app,25-34,0
1080,2023-05-09,2023-11-17,3,7,546,desktop,West,partner,25-34,1
1081,2024-01-02,2024-09-29,7,4,38,mobile,South,partner,55+,1
1082,2023-01-01,2025-07-07,18,0,194,tablet,South,web,18-24,0
1083,2024-01-13,2025-02-18,6,30,157,mobile,North,app,55+,1
1084,2023-04-16,2024-06-16,0,48,209,mobile,South,web,25-34,0
1085,2022-03-18,2023-12-11,20,3,258,mobile,East,web,45-54,1
1086,2022-07-05,2024-03-13,6,1,61,desktop,North,app,55+,1
1087,2022-06-17,2023-05-01,3,10,144,mobile,North,partner,55+,1
1088,2024-05-12,2025-06-07,13,42,266,mobile,South,web,55+,0
1089,2024-02-03,2024-07-21,15,0,148,tablet,North,web,18-24,0
1090,2023-09-21,2023-11-03,0,34,285,tablet,East,web,18-24,0
1091,2024-07-26,2024-10-05,1,6,168,mobile,South,app,35-44,0
1092,2023-03-05,2024-06-14,9,6,698,mobile,West,partner,25-34,0
1093,2023-02-19,2025-06-16,12,15,221,mobile,East,app,45-54,1
1094,2024-07-01,2024-08-31,1,57,346,mobile,North,web,25-34,0
1095,2024-04-09,2024-08-13,10,195,90,tablet,South,web,35-44,0
1096,2023-05-06,2023-05-11,14,13,356,mobile,South,web,25-34,1
1097,2024-06-07,2025-02-25,17,23,314,tablet,East,partner,18-24,1
1098,2024-04-27,2025-04-19,12,5,283,mobile,West,web,45-54,0
1099,2024-04-11,2025-04-02,11,53,269,tablet,East,web,55+,1
1100,2024-01-05,2024-06-21,2,27,207,tablet,North,web,18-24,0
1101,2022-03-17,2024-10-14,31,51,133,desktop,West,web,35-44,0
1102,2023-06-09,2025-07-14,1,23,410,tablet,South,app,45-54,0
1103,2023-01-26,2025-06-28,5,2,126,mobile,East,partner,35-44,0
1104,2024-06-13,2025-03-05,0,61,853,mobile,West,partner,55+,1
1105,2024-08-02,2024-10-01,6,20,298,mobile,West,app,55+,0
1106,2024-11-08,2024-11-29,3,10,144,desktop,North,web,35-44,0
1107,2023-08-27,2024-03-02,36,7,160,mobile,South,web,55+,1
1108,2023-06-08,2025-06-30,9,66,401,desktop,South,app,55+,0
1109,2022-09-26,2023-02-09,5,16,333,tablet,North,app,45-54,0
1110,2024-01-31,2025-05-12,8,16,116,tablet,East,app,45-54,1
1111,2024-08-27,2025-04-01,13,37,304,mobile,South,partner,35-44,0
1112,2023-02-28,2025-06-11,7,2,146,tablet,West,app,18-24,0
1113,2024-05-24,2024-09-24,1,46,54,desktop,West,partner,18-24,1
1114,2022-12-10,2024-11-18,10,0,271,mobile,West,app,45-54,0
1115,2024-03-11,2024-03-25,3,12,92,tablet,East,app,25-34,0
1116,2024-10-28,2025-05-17,22,8,130,desktop,South,web,35-44,1
1117,2023-05-14,2023-11-25,49,19,161,desktop,West,partner,18-24,0
1118,2023-06-21,2024-07-23,21,33,231,desktop,East,web,35-44,1
1119,2022-09-18,2023-10-21,4,89,223,mobile,West,app,55+,0
1120,2025-03-29,2025-07-30,6,3,731,mobile,North,web,18-24,0
1121,2022-03-31,2024-09-05,0,14,316,desktop,South,app,35-44,1
1122,2024-12-04,2025-02-06,2,24,423,desktop,South,app,25-34,0
1123,2024-10-20,2025-03-06,8,7,346,mobile,East,partner,45-54,0
1124,2023-06-22,2024-04-12,3,7,245,desktop,West,app,55+,1
1125,2024-05-16,2025-03-18,26,0,216,tablet,South,web,45-54,0
1126,2023-07-12,2024-02-27,5,64,270,tablet,North,web,25-34,1
1127,2025-03-03,2025-07-14,16,37,221,mobile,South,app,55+,0
1128,2025-03-10,2025-04-20,9,31,145,tablet,East,partner,35-44,0
1129,2025-01-23,2025-07-25,5,10,54,tablet,North,partner,55+,0
1130,2022-09-17,2024-01-19,13,6,90,tablet,West,web,35-44,0
1131,2023-11-22,2024-07-27,3,25,180,tablet,West,web,55+,0
1132,2023-10-22,2024-03-16,2,67,115,tablet,East,app,35-44,0
1133,2023-03-22,2024-08-28,3,16,72,desktop,East,app,45-54,0
1134,2024-09-28,2025-05-01,4,7,39,tablet,North,partner,45-54,0
1135,2024-04-18,2025-03-07,4,43,131,desktop,East,partner,18-24,0
1136,2024-03-15,2024-08-07,15,119,179,mobile,North,partner,45-54,0
1137,2022-04-01,2024-03-30,7,5,305,desktop,East,partner,25-34,0
1138,2023-04-25,2025-04-22,0,4,222,tablet,West,web,35-44,1
1139,2024-10-13,2024-12-04,27,7,545,desktop,South,web,35-44,0
1140,2023-06-10,2024-08-31,6,11,332,mobile,South,partner,55+,0
1141,2024-07-05,2025-03-09,2,55,92,tablet,North,app,25-34,0
1142,2023-07-02,2023-10-14,8,10,418,tablet,East,partner,25-34,0
1143,2023-07-07,2023-11-16,15,15,141,desktop,North,app,55+,1
1144,2024-04-15,2025-06-18,15,101,73,desktop,North,partner,45-54,0
1145,2025-02-26,2025-05-07,0,8,163,desktop,East,partner,35-44,1
1146,2023-03-07,2024-06-19,4,5,292,desktop,South,partner,45-54,0
1147,2023-07-28,2024-08-31,16,34,115,mobile,East,web,25-34,0
1148,2023-03-15,2024-07-23,7,0,471,tablet,North,web,35-44,0
1149,2024-02-01,2024-07-18,10,74,225,tablet,South,partner,35-44,1
1150,2023-01-20,2024-07-31,0,29,430,mobile,East,app,35-44,0
1151,2023-09-08,2025-01-30,16,1,140,tablet,South,app,35-44,0
1152,2023-10-26,2024-03-22,48,31,189,desktop,South,partner,35-44,0
1153,2023-06-09,2023-09-18,1,73,152,desktop,West,web,35-44,1
1154,2022-09-28,2025-03-28,12,2,71,desktop,West,app,45-54,0
1155,2024-01-28,2025-07-28,9,4,186,desktop,East,web,25-34,0
1156,2025-04-14,2025-06-13,2,24,58,tablet,West,partner,45-54,0
1157,2023-01-13,2024-05-02,17,31,123,tablet,South,app,18-24,1
1158,2023-07-05,2025-04-19,15,92,125,mobile,East,partner,45-54,0
1159,2025-03-13,2025-03-30,4,17,182,tablet,West,web,35-44,0
1160,2025-04-11,2025-07-28,1,122,229,desktop,East,partner,45-54,0
1161,2023-02-05,2025-03-21,6,70,340,tablet,East,partner,18-24,0
1162,2023-08-11,2024-07-20,8,159,117,desktop,West,web,18-24,1
1163,2024-01-25,2024-12-23,3,38,215,tablet,East,app,55+,1
1164,2024-06-15,2024-08-11,1,1,200,desktop,East,web,18-24,1
1165,2022-01-30,2023-12-08,14,64,117,tablet,North,partner,45-54,1
1166,2023-09-25,2025-02-21,3,8,217,tablet,North,app,25-34,1
1167,2023-08-01,2024-04-03,16,13,130,tablet,South,partner,18-24,1
1168,2023-01-14,2023-12-12,14,23,189,desktop,West,partner,35-44,0
1169,2023-06-12,2023-10-30,0,84,234,desktop,West,app,35-44,1
1170,2025-01-20,2025-07-13,18,6,90,desktop,South,partner,25-34,0
1171,2023-03-09,2024-06-01,3,36,314,tablet,West,partner,35-44,0
1172,2024-05-10,2025-05-06,15,25,478,mobile,South,app,18-24,1
1173,2024-06-10,2024-12-11,3,31,99,desktop,North,partner,18-24,1
1174,2022-10-08,2023-03-30,1,10,416,tablet,South,partner,45-54,0
1175,2024-02-21,2025-05-30,19,20,435,desktop,South,partner,35-44,1
1176,2022-02-13,2024-01-14,3,3,335,tablet,South,web,25-34,0
1177,2025-01-12,2025-03-19,7,26,707,tablet,South,partner,18-24,0
1178,2023-09-08,2025-07-01,6,6,181,desktop,North,partner,45-54,1
1179,2022-09-01,2025-06-09,0,0,458,desktop,South,partner,45-54,0
1180,2023-08-07,2025-02-12,13,5,104,tablet,East,partner,18-24,1
1181,2024-12-05,2025-03-02,2,20,459,tablet,East,partner,25-34,0
1182,2024-04-24,2024-07-20,3,70,124,mobile,East,web,35-44,0
1183,2022-01-01,2023-08-23,2,85,135,tablet,North,app,18-24,1
1184,2024-09-28,2025-06-28,3,27,342,tablet,North,web,35-44,0
1185,2023-12-20,2024-10-19,1,26,248,mobile,North,app,25-34,0
1186,2023-09-16,2023-12-31,1,33,261,desktop,East,partner,18-24,0
1187,2022-01-11,2022-08-11,4,13,692,desktop,North,web,55+,1
1188,2023-12-14,2024-09-25,4,60,153,desktop,North,app,25-34,0
1189,2022-02-10,2023-09-22,25,8,272,desktop,East,app,55+,0
1190,2023-01-18,2024-10-24,4,0,106,tablet,South,web,55+,1
1191,2022-05-12,2024-01-16,36,28,416,mobile,East,partner,55+,0
1192,2022-09-29,2023-04-07,20,13,405,tablet,North,web,25-34,0
1193,2024-12-17,2025-08-14,0,13,270,mobile,East,app,35-44,0
1194,2024-04-18,2024-05-06,60,28,119,mobile,East,partner,18-24,1
1195,2022-04-02,2022-04-07,12,24,135,tablet,North,app,45-54,0
1196,2022-12-15,2024-01-13,0,6,455,tablet,West,web,18-24,0
1197,2022-12-21,2025-04-15,53,13,197,desktop,East,partner,35-44,1
1198,2024-06-13,2024-07-20,21,67,459,mobile,West,partner,25-34,1
1199,2022-02-23,2022-12-04,12,52,111,desktop,West,partner,55+,1
1200,2022-11-08,2023-03-24,4,3,330,desktop,South,app,55+,0
1201,2022-02-10,2024-03-22,0,31,305,mobile,North,app,25-34,0
1202,2022-05-25,2023-04-29,4,0,243,desktop,South,web,55+,1
1203,2024-09-22,2025-07-14,1,25,78,mobile,West,web,25-34,0
1204,2023-08-05,2024-01-12,6,178,336,desktop,South,partner,35-44,1
1205,2023-09-05,2024-01-14,4,21,197,tablet,North,partner,55+,1
1206,2022-06-28,2023-04-17,15,69,121,tablet,North,web,35-44,1
1207,2023-11-18,2023-12-03,16,6,93,mobile,West,web,55+,0
1208,2022-11-23,2023-06-15,8,9,264,desktop,East,partner,25-34,0
1209,2024-11-20,2025-06-01,22,50,808,tablet,East,app,35-44,0
1210,2025-03-28,2025-04-16,0,0,251,mobile,North,partner,25-34,0
1211,2024-09-26,2025-04-15,0,2,168,tablet,East,app,18-24,0
1212,2022-10-17,2025-01-21,5,3,116,tablet,West,web,35-44,0
1213,2024-04-03,2025-03-06,1,3,59,mobile,South,app,45-54,0
1214,2022-05-17,2023-01-18,10,7,85,desktop,North,app,35-44,0
1215,2022-04-10,2025-04-15,1,21,86,desktop,South,web,55+,0
1216,2022-01-11,2022-11-05,5,15,286,tablet,East,partner,45-54,0
1217,2023-12-01,2024-04-30,10,12,39,mobile,East,app,18-24,1
1218,2023-10-19,2024-01-18,3,22,25,mobile,East,partner,45-54,1
1219,2022-10-28,2023-12-30,11,10,260,tablet,West,web,45-54,1
1220,2023-03-08,2024-09-14,3,23,61,mobile,South,web,18-24,0
1221,2024-03-05,2024-07-25,28,75,230,mobile,West,web,18-24,1
1222,2024-02-21,2024-11-01,17,65,252,mobile,West,web,25-34,1
1223,2023-04-06,2025-03-28,1,40,41,tablet,North,app,35-44,0
1224,2024-11-09,2025-01-20,0,7,165,tablet,West,app,25-34,0
1225,2023-08-02,2025-02-15,13,53,598,mobile,South,web,35-44,1
1226,2024-06-28,2024-12-11,10,46,271,desktop,North,web,55+,0
1227,2025-04-12,2025-06-08,12,51,55,mobile,South,app,45-54,1
1228,2022-07-15,2023-09-03,5,18,658,tablet,West,web,55+,0
1229,2023-12-24,2024-07-02,1,30,243,tablet,North,app,25-34,1
1230,2024-01-03,2024-06-09,23,19,473,desktop,South,partner,45-54,0
1231,2022-08-16,2025-05-28,1,50,81,tablet,West,partner,25-34,0
1232,2023-06-07,2024-12-29,2,0,379,mobile,West,partner,45-54,0
1233,2024-06-10,2025-07-11,0,7,271,mobile,South,web,18-24,0
1234,2024-08-02,2024-09-21,4,17,112,desktop,South,partner,18-24,1
1235,2024-12-02,2025-06-06,14,11,399,mobile,North,web,18-24,0
1236,2025-03-31,2025-04-25,4,3,496,mobile,West,web,45-54,0
1237,2024-02-12,2025-07-07,22,11,188,mobile,South,partner,18-24,0
1238,2023-04-10,2025-06-17,33,40,380,tablet,West,app,18-24,0
1239,2025-01-17,2025-04-21,2,5,244,mobile,West,web,45-54,1
1240,2024-02-19,2025-04-14,16,74,198,mobile,North,web,25-34,1
1241,2023-02-02,2023-08-11,4,26,806,tablet,South,partner,55+,1
1242,2023-12-13,2025-03-06,52,10,222,desktop,North,partner,45-54,1
1243,2022-07-25,2025-05-11,24,2,50,mobile,North,web,55+,0
1244,2023-01-15,2024-08-05,16,55,782,tablet,North,partner,55+,1
1245,2023-04-16,2024-03-01,9,50,87,tablet,North,partner,18-24,0
1246,2024-11-23,2024-11-29,1,32,436,tablet,East,app,45-54,1
1247,2023-02-03,2023-05-16,23,75,200,tablet,North,partner,25-34,1
1248,2023-03-28,2023-04-12,1,22,154,mobile,South,partner,45-54,1
1249,2022-10-23,2025-02-08,1,7,110,mobile,North,partner,25-34,0
1250,2023-03-15,2023-09-07,19,29,132,tablet,West,web,55+,1
1251,2024-12-08,2025-07-07,39,6,120,mobile,East,partner,18-24,0
1252,2024-10-19,2024-12-18,10,0,78,mobile,South,web,18-24,0
1253,2023-05-22,2025-02-06,16,15,38,desktop,East,app,35-44,0
1254,2022-10-11,2024-02-25,8,61,329,desktop,South,app,55+,1
1255,2022-06-26,2023-12-06,11,9,259,tablet,East,web,18-24,0
1256,2022-02-06,2025-06-07,13,11,147,mobile,North,web,18-24,1
1257,2022-11-01,2023-01-10,0,9,280,tablet,South,partner,45-54,0
1258,2022-11-04,2023-07-25,57,111,209,desktop,West,partner,55+,1
1259,2022-10-10,2025-02-24,40,32,693,tablet,South,partner,18-24,0
1260,2023-04-01,2024-04-04,1,20,46,mobile,North,partner,18-24,0
1261,2024-01-09,2024-01-22,13,5,118,tablet,South,app,18-24,0
1262,2024-12-04,2025-07-08,16,23,63,mobile,East,app,35-44,0
1263,2024-02-02,2025-08-13,38,25,61,tablet,South,app,35-44,0
1264,2022-04-08,2024-01-04,4,117,230,desktop,North,app,45-54,0
1265,2024-11-23,2025-06-19,3,78,184,mobile,South,app,25-34,0
1266,2024-07-27,2025-08-10,22,3,203,tablet,West,partner,35-44,0
1267,2024-02-29,2024-07-31,0,67,434,desktop,South,web,45-54,0
1268,2024-04-08,2024-07-11,3,83,64,tablet,North,app,25-34,0
1269,2024-03-04,2025-03-13,12,3,59,tablet,East,app,18-24,0
1270,2024-09-29,2025-03-04,1,40,197,mobile,East,web,55+,0
1271,2022-10-14,2025-04-01,2,10,138,mobile,North,web,35-44,1
1272,2024-11-30,2024-12-24,2,41,373,desktop,East,app,18-24,0
1273,2023-04-09,2024-03-08,22,40,62,tablet,North,app,25-34,0
1274,2022-10-22,2022-11-06,3,26,428,mobile,North,partner,55+,0
1275,2025-01-13,2025-08-14,28,0,398,mobile,West,partner,18-24,0
1276,2023-11-04,2025-07-02,10,12,553,tablet,South,web,35-44,0
1277,2022-01-02,2022-10-23,27,5,163,mobile,East,app,18-24,0
1278,2022-09-17,2025-08-02,0,52,550,mobile,West,partner,25-34,0
1279,2023-12-14,2025-01-08,12,51,106,tablet,East,app,25-34,1
1280,2023-01-13,2023-03-15,1,41,469,desktop,East,web,18-24,1
1281,2022-11-11,2024-01-18,7,13,205,tablet,South,partner,35-44,0
1282,2024-03-30,2025-06-27,2,13,330,tablet,South,partner,18-24,0
1283,2024-06-14,2024-10-24,1,24,50,tablet,North,partner,45-54,1
1284,2023-05-27,2024-06-27,3,59,175,desktop,North,web,18-24,0
1285,2024-09-01,2024-10-22,1,56,65,tablet,North,web,35-44,1
1286,2023-06-20,2023-09-19,4,2,696,mobile,South,partner,18-24,1
1287,2023-10-14,2024-01-01,42,125,48,tablet,West,partner,55+,0
1288,2024-10-23,2025-02-27,18,119,267,tablet,East,app,25-34,0
1289,2022-08-14,2023-07-30,6,4,245,mobile,East,app,45-54,0
1290,2025-02-07,2025-06-19,6,1,333,desktop,South,app,18-24,1
1291,2023-10-31,2024-04-02,0,17,60,desktop,East,app,25-34,0
1292,2024-07-31,2025-06-27,2,9,382,mobile,West,web,18-24,0
1293,2022-02-04,2025-07-12,2,5,282,mobile,East,partner,35-44,1
1294,2022-11-02,2024-04-07,0,11,208,desktop,North,web,18-24,1
1295,2023-08-18,2025-07-22,2,99,209,mobile,South,partner,55+,0
1296,2025-01-27,2025-03-31,2,16,219,desktop,East,web,18-24,0
1297,2025-02-13,2025-05-24,6,15,141,mobile,West,web,18-24,0
1298,2024-05-03,2025-05-02,17,24,311,desktop,East,partner,18-24,1
1299,2024-05-01,2025-08-14,4,16,140,tablet,South,web,18-24,0
1300,2024-09-20,2024-09-25,9,24,259,desktop,North,app,25-34,1
1301,2022-04-23,2024-06-05,0,13,465,desktop,East,partner,25-34,1
1302,2023-09-26,2025-06-12,3,6,444,mobile,East,partner,35-44,1
1303,2022-05-29,2023-08-25,14,13,73,desktop,East,web,55+,0
1304,2024-06-12,2025-08-16,25,16,789,tablet,North,web,25-34,0
1305,2024-08-20,2025-01-13,14,53,330,desktop,West,web,25-34,0
1306,2023-11-30,2024-11-11,12,18,65,tablet,South,web,45-54,1
1307,2022-07-07,2022-10-10,10,16,879,desktop,South,partner,45-54,0
1308,2022-02-11,2022-03-05,1,24,588,desktop,North,web,18-24,1
1309,2023-12-19,2024-07-31,2,49,98,tablet,West,app,25-34,0
1310,2023-11-08,2024-04-15,7,49,417,desktop,North,app,45-54,1
1311,2022-09-04,2024-11-16,4,7,46,desktop,North,web,45-54,1
1312,2022-09-27,2023-04-02,3,19,364,tablet,West,web,45-54,1
1313,2023-10-13,2024-06-28,14,42,130,mobile,West,app,25-34,1
1314,2023-11-08,2024-06-09,2,18,272,mobile,West,app,18-24,0
1315,2023-01-20,2023-09-01,38,23,84,mobile,South,web,35-44,0
1316,2024-06-26,2025-07-23,11,37,355,desktop,West,app,25-34,0
1317,2024-12-06,2025-02-24,8,16,307,desktop,North,web,55+,1
1318,2024-03-20,2024-04-06,1,0,122,mobile,West,partner,25-34,0
1319,2023-05-29,2025-06-10,2,5,486,tablet,West,web,18-24,1
1320,2022-04-22,2024-04-18,10,18,236,desktop,North,web,55+,0
1321,2024-07-31,2025-06-29,20,2,125,mobile,East,web,18-24,1
1322,2023-05-07,2024-02-21,28,11,147,mobile,West,app,45-54,1
1323,2023-09-23,2024-07-24,4,53,325,desktop,South,web,45-54,0
1324,2023-01-08,2024-12-07,7,0,374,tablet,East,web,25-34,0
1325,2024-11-24,2025-05-14,8,29,97,desktop,East,web,18-24,0
1326,2022-05-19,2024-03-10,4,110,47,tablet,West,app,35-44,0
1327,2022-05-18,2024-10-21,4,164,375,mobile,North,partner,55+,0
1328,2023-12-15,2024-04-08,15,4,230,mobile,West,partner,18-24,1
1329,2022-11-29,2024-12-20,16,10,207,tablet,South,app,55+,0
1330,2022-02-17,2025-07-31,9,20,267,mobile,East,web,45-54,0
1331,2023-03-27,2023-04-25,6,39,141,desktop,North,app,25-34,0
1332,2022-09-21,2025-02-13,17,11,225,tablet,South,web,55+,0
1333,2023-11-24,2023-12-22,5,18,1039,desktop,North,app,25-34,0
1334,2024-11-17,2025-04-25,30,27,439,mobile,East,app,25-34,0
1335,2022-01-11,2025-08-01,4,14,82,mobile,East,partner,35-44,0
1336,2023-09-19,2024-02-26,7,12,250,tablet,South,web,45-54,0
1337,2022-10-28,2023-07-11,19,1,99,mobile,South,web,35-44,0
1338,2022-06-30,2025-06-26,0,50,335,desktop,South,web,45-54,1
1339,2024-06-07,2025-06-12,2,62,100,desktop,West,partner,25-34,0
1340,2023-12-23,2025-06-13,16,55,50,tablet,South,web,45-54,1
1341,2023-10-23,2025-01-27,9,2,89,mobile,East,app,35-44,0
1342,2024-08-12,2024-10-07,2,6,90,mobile,East,web,45-54,1
1343,2024-04-07,2025-02-21,2,36,42,mobile,East,app,18-24,0
1344,2022-02-12,2023-10-06,32,13,574,tablet,East,web,25-34,1
1345,2024-02-29,2025-02-04,7,11,33,mobile,South,partner,35-44,1
1346,2022-07-26,2025-05-27,28,11,360,tablet,West,app,55+,0
1347,2024-01-03,2025-07-31,41,20,105,tablet,West,web,35-44,0
1348,2023-08-29,2024-12-19,18,33,149,mobile,North,app,45-54,0
1349,2023-03-31,2024-06-12,5,16,432,mobile,South,partner,25-34,0
1350,2024-06-13,2025-06-09,4,127,125,tablet,East,web,25-34,0
1351,2022-08-08,2023-09-26,9,26,195,mobile,West,web,18-24,0
1352,2022-10-15,2024-05-25,13,24,175,tablet,West,app,35-44,0
1353,2024-07-19,2024-12-03,23,70,356,tablet,South,web,35-44,1
1354,2025-03-17,2025-06-23,44,11,263,tablet,West,web,18-24,0
1355,2023-09-27,2025-03-31,0,29,143,desktop,North,web,35-44,1
1356,2024-05-31,2024-09-14,5,4,42,mobile,East,web,25-34,1
1357,2025-02-20,2025-08-02,1,17,188,desktop,North,partner,45-54,1
1358,2025-01-17,2025-01-31,2,10,296,desktop,North,app,25-34,1
1359,2022-03-14,2023-11-16,7,38,190,desktop,East,partner,55+,0
1360,2022-01-24,2022-06-06,7,32,311,mobile,West,web,55+,1
1361,2022-04-07,2023-08-18,15,82,42,desktop,West,web,35-44,0
1362,2022-05-04,2024-04-27,6,39,157,tablet,South,app,35-44,1
1363,2023-10-19,2025-04-14,10,15,176,tablet,East,partner,18-24,1
1364,2023-12-07,2024-06-25,13,0,213,tablet,North,partner,45-54,0
1365,2024-06-13,2024-10-25,1,1,206,mobile,East,web,45-54,1
1366,2024-05-28,2024-09-27,3,19,210,desktop,East,partner,25-34,0
1367,2022-12-27,2025-02-11,8,2,466,desktop,East,web,45-54,1
1368,2024-09-26,2024-10-14,0,101,85,mobile,South,partner,45-54,1
1369,2023-11-07,2023-12-21,25,2,437,desktop,South,partner,25-34,0
1370,2024-11-25,2025-01-01,9,1,733,desktop,East,app,45-54,0
1371,2023-11-14,2024-11-24,11,43,353,desktop,South,web,25-34,0
1372,2024-02-09,2024-05-15,57,41,183,desktop,North,web,55+,0
1373,2022-02-23,2022-03-21,4,15,352,mobile,West,partner,45-54,0
1374,2023-05-03,2025-07-18,4,18,514,tablet,North,app,55+,1
1375,2022-12-06,2025-08-16,7,60,104,desktop,East,partner,55+,0
1376,2024-01-06,2024-07-10,1,26,260,desktop,East,partner,45-54,0
1377,2024-03-07,2024-08-02,16,22,186,desktop,South,app,18-24,0
1378,2024-07-07,2024-08-11,15,75,150,tablet,South,app,35-44,1
1379,2022-02-03,2022-10-12,24,3,287,mobile,East,partner,25-34,0
1380,2022-07-10,2023-06-06,3,15,72,tablet,South,partner,55+,0
1381,2024-05-27,2024-07-28,10,40,550,mobile,East,app,35-44,0
1382,2022-12-17,2023-07-27,2,77,166,mobile,North,partner,45-54,0
1383,2023-10-06,2023-12-20,7,29,529,tablet,North,web,18-24,0
1384,2024-03-22,2025-03-17,28,32,499,tablet,West,partner,55+,0
1385,2024-03-19,2024-08-08,3,44,195,desktop,North,web,18-24,0
1386,2022-12-21,2025-05-11,3,32,95,mobile,North,partner,25-34,0
1387,2024-04-01,2024-09-15,5,4,60,mobile,South,web,25-34,0
1388,2024-01-09,2024-04-04,13,19,277,desktop,South,web,18-24,1
1389,2022-08-15,2023-05-07,8,25,397,mobile,North,web,25-34,1
1390,2022-11-19,2025-01-02,3,5,148,mobile,West,app,18-24,0
1391,2024-12-08,2025-01-14,0,21,197,tablet,East,app,35-44,0
1392,2025-01-29,2025-07-09,6,8,133,desktop,West,app,35-44,0
1393,2023-11-23,2024-07-23,6,15,406,mobile,North,app,25-34,1
1394,2024-08-08,2025-06-18,0,30,175,desktop,North,web,55+,0
1395,2023-08-27,2024-12-01,10,0,430,mobile,East,web,35-44,1
1396,2024-05-24,2024-07-29,0,34,25,desktop,West,web,25-34,1
1397,2022-05-25,2022-11-16,15,72,319,tablet,North,web,45-54,0
1398,2024-07-16,2025-01-04,1,6,361,desktop,East,partner,18-24,1
1399,2023-02-12,2025-01-31,5,67,623,mobile,East,web,45-54,0
1400,2023-12-31,2025-01-12,6,48,68,mobile,North,partner,25-34,1
1401,2023-06-18,2023-07-11,1,7,71,mobile,West,app,25-34,0
1402,2022-03-05,2022-04-13,2,118,32,tablet,North,partner,45-54,1
1403,2023-06-21,2024-12-08,1,49,90,tablet,West,web,18-24,0
1404,2024-05-20,2024-08-04,2,1,171,mobile,South,web,45-54,0
1405,2024-10-25,2025-06-21,8,0,34,mobile,East,partner,45-54,0
1406,2024-02-12,2024-10-12,8,3,128,tablet,East,partner,18-24,0
1407,2023-07-02,2023-10-18,7,8,265,mobile,South,partner,18-24,1
1408,2023-03-20,2024-03-21,11,9,86,mobile,East,web,45-54,1
1409,2023-05-13,2023-08-25,11,62,364,tablet,South,web,25-34,0
1410,2024-04-25,2024-09-29,9,87,27,desktop,East,web,25-34,0
1411,2024-09-24,2025-06-01,0,104,439,mobile,South,app,35-44,1
1412,2023-05-28,2024-10-01,18,38,783,tablet,East,app,35-44,0
1413,2024-06-12,2025-03-03,3,7,187,tablet,East,web,55+,0
1414,2023-08-16,2025-04-28,25,38,257,desktop,North,app,18-24,1
1415,2022-05-11,2023-04-22,3,28,512,desktop,South,web,25-34,0
1416,2022-08-23,2025-03-26,11,54,406,tablet,South,app,18-24,1
1417,2023-08-05,2023-12-09,11,26,160,mobile,East,web,55+,1
1418,2023-05-03,2025-07-18,4,7,158,tablet,East,partner,45-54,0
1419,2022-05-20,2025-03-25,0,23,282,tablet,East,web,18-24,0
1420,2024-01-13,2025-02-20,5,1,199,tablet,North,partner,45-54,0
1421,2023-12-03,2024-09-11,1,4,52,desktop,West,web,35-44,0
1422,2022-05-06,2025-01-05,7,14,342,tablet,South,app,35-44,0
1423,2024-08-09,2025-04-07,17,34,73,desktop,West,partner,35-44,1
1424,2023-10-17,2024-04-10,1,25,113,tablet,West,partner,35-44,0
1425,2024-03-16,2024-12-29,1,17,62,tablet,North,web,45-54,1
1426,2024-12-21,2025-01-05,0,23,237,mobile,East,web,18-24,0
1427,2023-10-09,2024-05-17,1,10,252,tablet,South,web,45-54,1
1428,2025-02-02,2025-03-16,21,0,178,tablet,North,app,18-24,1
1429,2022-05-28,2024-08-25,22,14,465,tablet,East,app,55+,1
1430,2022-02-23,2023-05-09,6,21,79,mobile,South,app,18-24,0
1431,2024-07-25,2025-05-23,9,21,128,tablet,North,web,35-44,1
1432,2024-10-15,2025-01-02,3,15,208,tablet,South,partner,18-24,1
1433,2024-04-11,2024-12-25,6,0,76,tablet,North,app,25-34,0
1434,2022-07-29,2025-06-29,17,13,73,tablet,West,web,25-34,0
1435,2024-12-12,2025-08-01,9,20,324,mobile,West,app,35-44,1
1436,2022-01-06,2023-07-07,0,64,312,desktop,North,web,45-54,0
1437,2022-07-24,2023-05-02,22,39,141,tablet,North,web,35-44,1
1438,2024-11-27,2025-03-12,8,3,105,tablet,West,app,25-34,0
1439,2024-06-26,2025-03-18,1,10,176,mobile,East,app,45-54,0
1440,2024-09-18,2025-02-08,1,58,212,tablet,South,partner,25-34,1
1441,2023-02-19,2025-06-08,4,12,247,tablet,South,app,18-24,0
1442,2025-02-06,2025-04-19,21,0,166,tablet,East,web,18-24,0
1443,2023-11-02,2024-01-02,26,8,39,desktop,West,partner,25-34,1
1444,2025-01-14,2025-07-13,16,61,72,tablet,East,app,25-34,0
1445,2022-10-15,2023-12-19,26,4,89,tablet,East,partner,25-34,1
1446,2024-07-15,2025-07-13,15,19,99,tablet,West,web,18-24,0
1447,2025-02-20,2025-05-20,2,1,233,mobile,East,web,35-44,0
1448,2022-03-11,2023-03-21,26,3,491,tablet,North,web,35-44,1
1449,2022-07-13,2023-02-25,17,39,143,mobile,East,app,35-44,0
1450,2023-05-21,2024-04-07,6,47,82,desktop,East,partner,35-44,1
1451,2022-06-07,2025-02-09,9,4,162,desktop,West,app,18-24,0
1452,2023-06-10,2025-05-28,11,0,453,mobile,North,partner,45-54,0
1453,2022-01-15,2023-03-03,17,5,270,tablet,South,partner,18-24,1
1454,2024-05-03,2024-09-26,5,39,445,tablet,South,web,35-44,0
1455,2022-03-06,2023-01-23,19,3,92,desktop,East,app,45-54,1
1456,2024-08-06,2024-12-14,8,20,304,desktop,South,web,55+,1
1457,2024-07-15,2024-11-26,2,18,192,tablet,East,partner,18-24,0
1458,2024-12-25,2025-03-25,16,23,121,desktop,South,app,25-34,1
1459,2024-07-12,2024-09-29,12,78,145,tablet,North,partner,45-54,0
1460,2024-04-25,2025-08-09,11,1,53,desktop,West,app,25-34,0
1461,2023-12-02,2024-11-09,12,8,256,tablet,East,app,25-34,1
1462,2023-04-25,2023-07-22,14,8,443,mobile,North,web,35-44,1
1463,2024-03-28,2024-05-05,7,29,172,mobile,North,web,35-44,1
1464,2024-01-08,2024-04-07,15,54,288,mobile,North,app,18-24,1
1465,2024-03-10,2024-05-16,15,7,74,mobile,West,partner,45-54,1
1466,2024-05-19,2025-02-14,0,17,673,desktop,West,app,35-44,1
1467,2024-07-08,2024-12-05,8,0,79,tablet,West,app,35-44,1
1468,2024-08-03,2025-03-03,15,80,46,tablet,East,partner,35-44,0
1469,2023-12-18,2025-02-23,60,40,165,tablet,North,partner,55+,0
1470,2024-02-22,2024-03-07,20,15,191,tablet,North,app,45-54,1
1471,2022-06-10,2024-08-10,1,9,251,desktop,North,partner,25-34,0
1472,2023-02-15,2024-05-11,13,52,47,mobile,South,app,55+,1
1473,2022-07-29,2023-01-08,2,9,255,desktop,North,partner,55+,1
1474,2025-03-03,2025-08-13,0,94,259,mobile,West,partner,55+,0
1475,2025-02-22,2025-05-24,37,86,19,desktop,North,partner,25-34,0
1476,2024-11-19,2025-05-09,7,9,357,desktop,North,web,55+,1
1477,2022-06-24,2024-09-10,0,1,242,desktop,East,web,25-34,1
1478,2022-02-13,2023-09-25,5,91,161,tablet,North,web,35-44,0
1479,2023-12-21,2024-07-31,22,29,175,tablet,West,web,45-54,0
1480,2024-03-06,2025-01-19,2,20,133,tablet,North,app,25-34,0
1481,2023-06-15,2023-11-24,13,31,45,desktop,East,app,55+,1
1482,2025-01-02,2025-07-07,5,0,92,tablet,South,app,55+,0
1483,2023-10-12,2024-06-26,11,16,97,tablet,North,partner,25-34,0
1484,2024-02-15,2024-08-14,2,9,435,tablet,West,partner,25-34,1
1485,2024-10-08,2025-01-03,7,10,444,mobile,North,partner,55+,0
1486,2025-02-14,2025-07-22,24,38,319,mobile,East,web,18-24,1
1487,2024-04-06,2024-10-10,2,66,511,mobile,North,partner,25-34,0
1488,2024-09-12,2024-10-21,2,39,159,tablet,West,web,55+,1
1489,2023-01-28,2024-08-07,16,9,463,mobile,South,web,45-54,1
1490,2022-11-09,2025-01-09,1,83,210,mobile,West,web,55+,0
1491,2025-02-25,2025-06-08,2,23,88,tablet,East,partner,35-44,1
1492,2023-09-03,2025-01-15,0,23,221,mobile,West,web,55+,0
1493,2022-06-15,2023-04-15,7,2,85,tablet,West,web,18-24,0
1494,2022-05-09,2022-10-27,0,110,289,mobile,East,partner,25-34,1
1495,2025-03-18,2025-04-12,4,25,30,tablet,South,partner,35-44,0
1496,2024-12-24,2025-01-14,52,10,306,mobile,South,web,55+,0
1497,2023-01-30,2023-04-01,20,20,71,mobile,South,partner,18-24,1
1498,2024-09-14,2025-01-19,2,28,119,tablet,West,partner,55+,0
1499,2023-06-01,2024-08-04,23,38,189,tablet,South,app,45-54,1
1500,2023-03-21,2024-07-16,1,84,222,tablet,North,app,18-24,0
1501,2024-04-22,2025-06-27,20,13,361,desktop,North,web,55+,0
1502,2025-01-10,2025-03-08,4,12,245,tablet,West,web,35-44,0
1503,2024-02-05,2025-04-12,3,59,90,desktop,South,partner,25-34,1
1504,2022-10-20,2025-05-19,6,10,454,tablet,East,app,25-34,1
1505,2022-04-28,2024-11-02,17,23,179,mobile,South,web,45-54,0
1506,2024-04-05,2025-06-30,13,26,431,desktop,West,app,35-44,0
1507,2023-12-21,2025-03-12,1,47,222,mobile,South,app,18-24,0
1508,2022-05-01,2023-04-13,60,22,212,mobile,South,partner,35-44,0
1509,2024-07-23,2024-08-25,12,8,252,mobile,East,web,45-54,1
1510,2024-01-11,2025-03-04,2,18,40,desktop,West,partner,45-54,1
1511,2022-07-14,2023-04-29,21,9,335,desktop,East,app,55+,0
1512,2024-06-06,2025-08-03,18,66,68,mobile,West,partner,55+,0
1513,2024-05-04,2024-12-30,5,33,151,mobile,South,web,18-24,1
1514,2023-04-25,2025-06-02,0,3,176,desktop,West,web,45-54,1
1515,2022-04-04,2023-08-01,2,31,71,mobile,East,partner,45-54,1
1516,2025-03-12,2025-05-26,13,8,106,desktop,East,partner,45-54,0
1517,2022-06-23,2023-02-16,14,6,331,tablet,South,app,55+,0
1518,2022-06-14,2022-06-21,20,99,289,tablet,North,web,45-54,0
1519,2023-02-24,2024-02-23,28,13,275,desktop,West,app,55+,0
1520,2024-06-27,2024-12-13,32,34,215,desktop,South,partner,18-24,1
1521,2025-02-27,2025-06-08,3,27,204,tablet,South,partner,35-44,0
1522,2024-10-05,2025-07-29,22,2,27,tablet,West,app,55+,0
1523,2024-01-12,2024-01-15,32,69,44,tablet,South,app,25-34,1
1524,2023-02-12,2024-09-07,3,12,179,tablet,West,partner,25-34,1
1525,2022-05-07,2024-04-28,4,18,43,desktop,North,web,18-24,1
1526,2022-04-26,2022-05-18,1,0,235,tablet,East,app,45-54,0
1527,2024-06-16,2024-10-11,1,46,93,desktop,East,app,55+,1
1528,2024-04-09,2025-01-07,3,79,17,mobile,East,partner,55+,1
1529,2025-02-14,2025-07-17,5,17,333,desktop,West,web,35-44,0
1530,2022-11-06,2022-11-30,20,12,197,desktop,West,partner,55+,1
1531,2024-08-31,2024-10-31,7,33,520,tablet,East,web,35-44,0
1532,2023-10-24,2025-01-12,0,95,103,desktop,North,app,55+,0
1533,2023-06-18,2023-09-16,7,36,269,mobile,East,app,35-44,0
1534,2023-08-06,2023-09-07,34,7,433,desktop,South,partner,45-54,0
1535,2023-02-26,2024-10-16,2,14,199,mobile,North,web,25-34,0
1536,2023-12-05,2024-03-18,37,0,65,mobile,South,web,35-44,1
1537,2023-04-03,2025-02-20,7,14,320,mobile,South,web,45-54,1
1538,2023-05-15,2024-04-07,27,23,299,desktop,North,partner,18-24,1
1539,2023-09-03,2023-10-05,5,41,262,mobile,North,web,45-54,0
1540,2023-09-09,2024-02-09,2,27,251,mobile,North,partner,45-54,0
1541,2023-06-14,2023-07-14,7,9,291,tablet,West,app,18-24,0
1542,2022-11-10,2023-08-12,6,21,177,tablet,South,partner,25-34,0
1543,2022-03-04,2023-03-12,8,43,151,desktop,North,web,18-24,1
1544,2022-04-15,2025-03-11,0,34,372,mobile,North,web,18-24,1
1545,2023-03-06,2024-03-13,5,4,469,desktop,South,web,45-54,1
1546,2023-01-29,2024-02-17,15,48,223,mobile,North,web,25-34,1
1547,2022-07-27,2023-08-24,10,13,144,tablet,East,partner,25-34,1
1548,2023-10-16,2025-05-12,1,64,411,desktop,North,app,35-44,0
1549,2022-08-14,2022-11-18,1,58,125,desktop,West,app,45-54,0
1550,2025-01-17,2025-06-17,2,3,32,mobile,West,web,25-34,1
1551,2022-05-12,2023-03-05,26,76,544,mobile,South,web,35-44,0
1552,2024-03-03,2024-05-15,9,8,158,tablet,North,app,55+,1
1553,2024-09-02,2025-04-22,4,15,170,tablet,North,app,55+,0
1554,2024-02-10,2025-07-09,15,10,131,tablet,North,app,45-54,0
1555,2023-09-04,2024-05-23,15,49,70,mobile,East,partner,45-54,0
1556,2024-09-18,2025-05-02,13,6,72,tablet,South,web,55+,0
1557,2022-08-14,2023-11-02,22,9,178,tablet,South,app,25-34,0
1558,2023-02-21,2024-08-20,7,56,110,tablet,West,web,18-24,1
1559,2022-12-22,2023-08-26,17,0,478,tablet,North,app,45-54,1
1560,2022-02-07,2025-07-16,11,16,111,tablet,South,partner,45-54,1
1561,2022-12-06,2025-07-29,4,49,279,tablet,West,app,45-54,1
1562,2023-10-01,2024-01-16,29,2,121,tablet,South,app,45-54,1
1563,2025-01-04,2025-05-14,5,17,305,mobile,East,web,55+,0
1564,2023-06-05,2025-06-29,29,9,141,mobile,East,app,55+,0
1565,2023-07-13,2024-03-13,16,25,177,desktop,East,web,55+,0
1566,2023-03-22,2025-02-13,6,1,472,tablet,West,app,18-24,0
1567,2023-04-19,2024-12-29,11,35,258,desktop,North,web,45-54,1
1568,2023-07-07,2024-10-16,2,7,260,mobile,West,app,55+,1
1569,2022-10-21,2024-06-30,12,41,221,tablet,West,partner,18-24,1
1570,2025-03-11,2025-05-22,18,46,196,mobile,South,web,45-54,1
1571,2024-06-23,2025-06-06,20,21,82,desktop,North,partner,45-54,1
1572,2025-02-27,2025-02-28,6,43,227,desktop,East,web,45-54,1
1573,2022-10-31,2024-10-18,3,4,603,tablet,East,web,18-24,0
1574,2023-03-09,2024-03-25,7,8,186,desktop,East,web,18-24,0
1575,2024-08-21,2024-09-27,1,55,207,tablet,East,app,35-44,1
1576,2022-05-27,2025-04-30,7,82,255,mobile,West,partner,35-44,0
1577,2024-05-24,2024-06-18,16,131,84,desktop,East,app,45-54,1
1578,2023-05-30,2025-03-03,7,21,75,mobile,North,partner,25-34,0
1579,2024-05-01,2025-05-24,14,16,216,tablet,East,web,55+,0
1580,2023-09-14,2024-12-14,2,1,95,tablet,South,app,45-54,0
1581,2024-08-09,2024-09-06,8,7,161,mobile,East,partner,18-24,1
1582,2024-12-26,2025-05-22,29,11,55,desktop,West,web,18-24,1
1583,2025-01-30,2025-05-24,21,1,465,mobile,North,web,45-54,0
1584,2024-11-07,2025-07-04,11,16,270,tablet,West,partner,18-24,0
1585,2022-07-06,2024-09-24,0,44,144,tablet,East,app,55+,0
1586,2022-08-16,2024-10-28,3,45,962,mobile,South,partner,18-24,0
1587,2023-09-09,2025-06-09,15,23,375,tablet,South,partner,35-44,1
1588,2022-07-23,2024-09-06,8,2,394,desktop,South,web,25-34,0
1589,2022-06-28,2024-09-08,16,3,442,desktop,South,app,35-44,0
1590,2023-02-06,2023-08-25,45,32,183,mobile,South,web,55+,1
1591,2023-06-01,2024-04-07,25,6,285,desktop,North,partner,45-54,0
1592,2022-10-09,2023-01-16,4,11,80,tablet,West,web,18-24,0
1593,2024-02-16,2025-04-10,1,13,133,desktop,West,app,18-24,0
1594,2022-03-06,2023-04-15,8,7,366,tablet,West,web,45-54,0
1595,2022-12-30,2024-09-29,6,12,504,desktop,South,app,25-34,1
1596,2022-03-16,2024-03-28,4,30,78,tablet,North,partner,35-44,0
1597,2025-02-23,2025-06-29,3,26,354,desktop,South,web,45-54,0
1598,2022-05-24,2023-08-30,1,35,781,desktop,West,app,55+,1
1599,2024-08-26,2025-07-08,8,17,45,desktop,North,partner,45-54,0
1600,2023-07-23,2024-02-27,6,51,210,tablet,East,web,35-44,1
1601,2022-12-14,2023-06-11,29,20,420,mobile,East,app,18-24,1
1602,2025-03-23,2025-05-20,23,6,223,mobile,West,partner,35-44,0
1603,2022-03-06,2023-10-08,4,22,140,desktop,West,partner,55+,0
1604,2025-01-15,2025-07-26,3,70,103,mobile,East,web,35-44,0
1605,2024-04-01,2025-06-05,29,32,125,mobile,West,web,35-44,0
1606,2024-04-10,2025-01-13,7,41,265,desktop,East,partner,35-44,1
1607,2023-12-27,2024-11-18,18,0,800,desktop,South,partner,25-34,1
1608,2022-06-26,2023-01-03,11,23,160,desktop,South,partner,25-34,1
1609,2024-06-07,2024-12-13,18,12,306,desktop,East,partner,25-34,0
1610,2022-04-24,2024-12-01,0,12,244,tablet,North,app,18-24,1
1611,2024-09-16,2025-08-03,0,21,220,mobile,North,web,55+,0
1612,2024-01-14,2024-12-07,3,1,210,tablet,North,web,18-24,0
1613,2023-01-16,2023-12-19,7,3,309,tablet,East,web,25-34,0
1614,2024-04-03,2024-06-08,9,0,164,tablet,North,app,18-24,1
1615,2024-03-19,2024-09-25,5,35,10,desktop,North,app,35-44,1
1616,2022-03-30,2024-06-17,23,4,75,tablet,North,partner,45-54,0
1617,2023-05-14,2024-02-05,5,32,145,desktop,South,web,55+,0
1618,2024-08-14,2025-05-04,1,27,406,mobile,South,web,18-24,0
1619,2022-04-29,2024-05-13,15,14,256,mobile,North,app,55+,0
1620,2024-04-29,2024-11-14,19,11,440,tablet,East,partner,45-54,0
1621,2024-09-29,2025-01-27,3,31,58,desktop,North,web,55+,0
1622,2023-05-04,2024-01-10,2,29,445,tablet,West,web,35-44,0
1623,2024-03-06,2025-06-30,10,24,153,tablet,South,app,35-44,1
1624,2024-06-29,2025-06-20,1,14,28,tablet,North,web,18-24,0
1625,2025-03-22,2025-07-28,5,28,213,desktop,West,web,35-44,1
1626,2024-06-04,2024-06-30,9,1,386,tablet,East,partner,25-34,1
1627,2023-07-28,2024-09-20,2,1,72,desktop,East,app,55+,0
1628,2024-01-26,2024-10-03,3,7,151,mobile,South,web,25-34,0
1629,2022-02-10,2022-06-05,17,17,237,mobile,North,partner,18-24,0
1630,2023-11-07,2024-03-06,15,4,292,mobile,East,partner,55+,0
1631,2023-03-24,2024-01-12,46,25,341,tablet,North,partner,45-54,1
1632,2024-03-04,2025-08-08,13,9,241,desktop,West,partner,18-24,0
1633,2022-09-08,2022-09-13,5,27,133,tablet,North,web,45-54,0
1634,2024-11-08,2025-04-22,7,43,164,mobile,South,web,25-34,1
1635,2023-02-20,2025-06-22,13,38,440,desktop,South,web,45-54,0
1636,2023-02-21,2024-06-22,13,65,141,tablet,West,app,35-44,0
1637,2024-01-31,2024-06-05,1,74,80,desktop,North,web,18-24,1
1638,2023-07-06,2024-09-16,2,18,92,desktop,South,web,55+,0
1639,2024-04-23,2025-08-15,3,9,688,mobile,South,web,35-44,1
1640,2022-11-15,2025-04-29,15,11,225,mobile,East,web,35-44,1
1641,2022-07-18,2025-05-21,18,41,166,tablet,North,app,35-44,0
1642,2024-10-09,2025-03-02,15,20,353,mobile,West,web,25-34,0
1643,2022-10-22,2023-05-31,10,52,132,mobile,East,app,35-44,0
1644,2024-03-03,2025-02-13,13,2,441,mobile,West,web,55+,0
1645,2024-09-04,2024-12-06,11,7,558,mobile,West,web,25-34,1
1646,2022-04-20,2023-06-23,4,105,107,tablet,North,app,55+,0
1647,2023-04-26,2025-04-07,2,24,168,mobile,East,web,18-24,1
1648,2022-07-16,2024-11-28,9,44,6,tablet,South,partner,45-54,1
1649,2025-02-21,2025-04-22,10,94,37,mobile,South,partner,25-34,0
1650,2022-03-24,2022-04-04,7,26,418,desktop,East,partner,45-54,0
1651,2023-04-27,2024-10-14,2,3,40,mobile,South,app,18-24,0
1652,2024-01-05,2024-10-24,4,101,115,tablet,South,partner,45-54,0
1653,2022-02-01,2022-12-14,9,100,403,mobile,South,app,18-24,0
1654,2023-10-12,2025-03-09,7,4,39,tablet,East,app,35-44,0
1655,2024-02-06,2025-05-03,2,86,46,mobile,East,partner,35-44,0
1656,2023-02-18,2023-08-13,17,52,187,mobile,North,app,45-54,1
1657,2024-01-04,2024-07-12,2,5,206,tablet,West,web,25-34,1
1658,2024-10-12,2025-05-24,3,19,102,mobile,North,web,55+,0
1659,2023-06-24,2024-01-02,7,40,364,mobile,East,partner,18-24,1
1660,2022-01-20,2023-10-06,0,5,204,desktop,West,app,25-34,1
1661,2025-03-11,2025-03-23,18,95,847,mobile,West,partner,45-54,1
1662,2022-08-10,2024-07-11,18,53,629,desktop,North,partner,45-54,0
1663,2024-05-16,2025-06-07,8,15,207,mobile,South,web,45-54,0
1664,2023-08-06,2025-07-04,3,19,364,desktop,South,partner,18-24,0
1665,2022-07-29,2025-01-24,7,59,111,tablet,South,partner,18-24,0
1666,2022-06-24,2025-07-22,22,44,332,tablet,North,web,35-44,0
1667,2023-09-08,2024-09-18,25,22,49,mobile,North,web,55+,0
1668,2022-03-28,2023-02-15,1,93,92,tablet,East,app,25-34,1
1669,2024-04-11,2025-05-06,27,14,51,tablet,East,app,35-44,0
1670,2023-04-06,2024-07-29,17,81,346,mobile,West,app,25-34,0
1671,2022-06-07,2025-03-17,0,32,89,mobile,South,web,55+,1
1672,2022-05-12,2023-07-11,16,60,466,tablet,West,web,25-34,1
1673,2024-03-24,2024-06-22,10,19,176,tablet,East,partner,18-24,0
1674,2024-04-04,2025-07-15,15,10,164,mobile,West,web,25-34,0
1675,2024-11-05,2025-07-03,7,17,699,mobile,South,web,35-44,0
1676,2022-06-21,2024-03-02,8,2,152,mobile,East,partner,35-44,0
1677,2022-01-22,2024-01-20,3,26,448,tablet,West,partner,55+,1
1678,2023-06-29,2025-02-23,7,0,18,tablet,South,app,55+,1
1679,2022-01-12,2025-06-10,1,38,154,mobile,West,partner,35-44,1
1680,2024-09-03,2024-12-23,2,2,331,mobile,East,app,55+,0
1681,2024-02-17,2025-06-14,34,35,145,tablet,South,partner,35-44,1
1682,2024-10-27,2024-12-11,7,2,530,tablet,South,partner,18-24,1
1683,2023-02-17,2024-10-16,3,7,258,desktop,West,partner,55+,0
1684,2023-02-22,2025-07-29,9,38,130,mobile,North,partner,35-44,1
1685,2024-10-21,2025-03-09,12,2,196,desktop,North,partner,45-54,0
1686,2022-01-30,2023-02-23,31,5,641,desktop,West,web,55+,1
1687,2024-06-17,2024-09-28,37,21,380,tablet,West,partner,35-44,1
1688,2023-07-13,2024-05-24,2,1,216,desktop,West,partner,18-24,0
1689,2023-11-21,2025-02-28,0,10,573,desktop,West,app,25-34,0
1690,2022-04-27,2023-09-22,0,8,195,tablet,West,app,35-44,1
1691,2024-03-05,2024-10-05,1,9,384,desktop,East,web,35-44,0
1692,2024-10-03,2025-07-27,4,49,67,tablet,South,web,45-54,0
1693,2022-10-02,2024-01-15,0,41,708,tablet,East,partner,35-44,0
1694,2022-12-17,2023-01-01,2,69,480,tablet,North,app,55+,0
1695,2022-12-06,2025-07-10,8,39,108,mobile,East,app,45-54,0
1696,2023-03-06,2023-11-14,4,34,55,mobile,West,partner,55+,0
1697,2025-03-08,2025-08-07,10,12,185,tablet,East,web,35-44,0
1698,2022-01-28,2022-03-26,0,22,132,desktop,West,web,25-34,1
1699,2023-08-11,2023-11-04,4,14,372,desktop,North,app,25-34,1
1700,2023-02-04,2025-04-25,20,77,175,desktop,West,web,25-34,1
1701,2025-02-28,2025-06-14,2,28,246,desktop,West,app,35-44,1
1702,2022-02-14,2022-07-09,4,23,222,desktop,South,app,25-34,0
1703,2025-03-01,2025-08-15,35,3,90,tablet,South,partner,25-34,0
1704,2022-08-20,2025-07-07,2,0,177,desktop,East,web,25-34,0
1705,2024-12-05,2025-07-08,16,18,114,desktop,North,web,18-24,0
1706,2025-04-11,2025-05-15,16,2,507,desktop,West,web,25-34,0
1707,2023-10-29,2025-02-11,7,36,35,desktop,North,web,35-44,0
1708,2022-11-10,2023-02-28,22,17,32,desktop,West,partner,35-44,1
1709,2023-01-31,2024-11-11,12,25,731,mobile,West,app,25-34,0
1710,2024-04-09,2024-05-21,7,26,223,desktop,North,partner,35-44,0
1711,2023-12-25,2025-06-09,2,71,52,mobile,East,app,25-34,0
1712,2024-06-22,2025-03-28,3,12,43,tablet,North,partner,25-34,0
1713,2025-01-18,2025-02-22,7,53,159,mobile,North,partner,55+,0
1714,2023-12-03,2025-03-02,7,131,118,tablet,South,app,18-24,1
1715,2024-07-30,2024-11-01,0,13,42,mobile,South,web,45-54,0
1716,2023-09-20,2024-11-25,2,47,154,tablet,East,web,18-24,1
1717,2024-03-16,2025-07-09,7,1,282,tablet,East,partner,55+,0
1718,2022-02-04,2025-06-08,15,9,142,mobile,West,web,25-34,0
1719,2022-02-19,2024-12-20,11,181,109,mobile,West,app,45-54,1
1720,2024-01-24,2024-08-05,7,30,450,desktop,North,web,18-24,0
1721,2022-09-13,2024-01-02,1,29,94,desktop,West,web,45-54,0
1722,2023-05-26,2024-06-10,1,10,294,mobile,East,partner,25-34,0
1723,2025-03-24,2025-06-17,8,6,121,desktop,North,partner,55+,1
1724,2023-08-08,2023-11-16,10,28,507,desktop,East,app,45-54,1
1725,2024-08-05,2025-05-04,6,15,145,desktop,North,web,45-54,1
1726,2025-01-28,2025-06-26,1,3,83,desktop,South,partner,55+,0
1727,2022-07-07,2023-09-04,9,10,189,mobile,West,partner,45-54,0
1728,2022-08-27,2023-03-12,31,19,202,mobile,North,app,45-54,0
1729,2023-07-28,2025-01-10,25,15,463,mobile,East,app,25-34,0
1730,2024-05-22,2025-05-20,27,12,223,tablet,North,web,18-24,1
1731,2022-11-24,2024-10-31,0,11,191,mobile,South,app,18-24,0
1732,2023-01-30,2024-11-28,23,21,123,desktop,West,partner,45-54,0
1733,2025-02-14,2025-04-01,2,7,275,desktop,East,partner,35-44,0
1734,2024-07-24,2025-01-14,10,6,70,tablet,South,web,55+,0
1735,2023-12-16,2024-03-11,14,11,178,tablet,West,web,35-44,0
1736,2024-01-30,2024-06-04,0,13,193,desktop,South,web,45-54,0
1737,2024-01-06,2025-01-18,3,1,267,desktop,East,partner,55+,0
1738,2022-06-28,2025-03-29,4,1,97,tablet,East,app,18-24,0
1739,2022-08-28,2024-01-05,2,7,126,tablet,East,web,35-44,0
1740,2023-05-22,2025-07-22,9,73,128,tablet,East,web,35-44,1
1741,2024-12-28,2025-04-23,28,9,643,tablet,North,app,25-34,0
1742,2022-02-20,2025-02-22,6,10,121,desktop,North,app,25-34,0
1743,2024-02-07,2025-06-12,5,81,304,desktop,North,web,25-34,0
1744,2022-02-03,2024-10-31,10,0,82,tablet,West,app,45-54,0
1745,2023-11-29,2024-11-06,1,9,230,desktop,South,web,45-54,0
1746,2024-09-12,2024-11-17,3,80,147,mobile,East,partner,18-24,0
1747,2022-10-15,2025-01-04,14,17,201,mobile,West,web,35-44,1
1748,2025-02-27,2025-06-30,38,2,101,tablet,West,partner,18-24,1
1749,2022-03-28,2023-09-17,26,0,113,desktop,West,web,55+,0
1750,2024-05-23,2024-12-08,2,16,168,mobile,North,partner,25-34,1
1751,2023-11-22,2025-06-24,4,103,100,tablet,South,app,55+,0
1752,2022-07-01,2024-11-13,0,16,278,mobile,South,partner,55+,0
1753,2023-02-22,2025-04-23,1,32,72,desktop,East,partner,55+,1
1754,2022-03-26,2023-04-23,20,11,460,mobile,West,partner,55+,1
1755,2024-06-03,2024-10-23,2,133,174,mobile,South,app,35-44,1
1756,2023-08-01,2024-01-21,6,16,156,desktop,South,partner,55+,0
1757,2022-10-17,2023-04-15,2,23,641,tablet,South,partner,45-54,0
1758,2022-11-23,2024-12-11,2,8,76,tablet,East,partner,25-34,1
1759,2024-11-30,2025-04-21,9,67,553,desktop,West,app,55+,0
1760,2025-01-12,2025-02-03,30,86,393,mobile,North,partner,18-24,1
1761,2022-03-04,2024-03-24,3,33,243,mobile,North,partner,55+,0
1762,2023-05-05,2024-06-12,0,32,311,tablet,South,app,18-24,0
1763,2023-09-13,2025-03-02,4,3,173,mobile,North,web,55+,0
1764,2024-09-01,2025-01-21,4,39,207,mobile,West,web,45-54,1
1765,2025-03-18,2025-06-18,7,34,28,tablet,South,web,25-34,0
1766,2023-01-07,2025-02-05,23,51,110,desktop,East,partner,18-24,0
1767,2023-03-14,2023-04-08,3,7,82,mobile,East,app,18-24,1
1768,2025-01-16,2025-08-12,1,141,206,mobile,North,partner,18-24,1
1769,2023-08-14,2024-06-23,5,44,363,mobile,South,partner,35-44,0
1770,2025-03-11,2025-05-08,1,74,573,tablet,East,app,18-24,0
1771,2025-04-06,2025-07-01,23,1,154,mobile,West,partner,35-44,0
1772,2022-04-24,2024-06-30,10,5,107,tablet,North,web,35-44,0
1773,2023-01-08,2023-10-27,27,22,74,mobile,East,web,55+,1
1774,2022-03-23,2022-08-30,18,10,433,desktop,South,app,55+,1
1775,2022-08-01,2023-05-07,6,21,151,desktop,West,app,25-34,0
1776,2025-01-06,2025-04-04,1,69,114,mobile,East,app,55+,0
1777,2024-08-12,2025-02-09,4,82,214,mobile,South,partner,35-44,0
1778,2022-09-16,2024-08-21,6,34,105,desktop,North,web,18-24,0
1779,2022-04-09,2025-07-01,4,24,287,mobile,West,app,45-54,0
1780,2022-12-25,2025-07-05,4,6,96,tablet,East,partner,45-54,1
1781,2024-12-21,2025-04-27,13,1,615,mobile,East,app,25-34,0
1782,2023-04-06,2025-05-23,0,26,71,mobile,East,app,45-54,0
1783,2025-01-16,2025-05-03,0,63,86,mobile,South,app,25-34,1
1784,2023-06-19,2024-08-29,15,59,62,desktop,South,web,25-34,1
1785,2024-12-31,2025-04-22,17,44,581,desktop,North,app,35-44,0
1786,2022-02-11,2025-01-15,12,22,229,desktop,North,app,35-44,0
1787,2022-03-25,2022-07-17,10,5,129,desktop,South,app,45-54,1
1788,2023-01-10,2024-10-15,4,54,230,mobile,East,app,25-34,1
1789,2023-01-20,2025-07-14,16,37,239,tablet,South,partner,25-34,0
1790,2022-10-06,2024-08-28,9,13,290,desktop,North,partner,45-54,0
1791,2024-05-04,2024-05-05,2,44,109,desktop,West,partner,45-54,0
1792,2024-01-06,2024-10-10,5,6,216,mobile,North,web,45-54,0
1793,2022-04-25,2024-01-04,8,5,649,mobile,South,app,25-34,1
1794,2023-06-17,2024-06-19,0,95,223,tablet,West,app,35-44,0
1795,2024-09-25,2025-08-12,7,47,66,mobile,North,web,55+,0
1796,2022-01-20,2022-09-24,10,4,142,mobile,South,app,55+,1
1797,2024-07-21,2024-10-09,1,31,359,tablet,South,app,55+,1
1798,2024-12-26,2025-06-06,10,9,174,desktop,North,web,25-34,1
1799,2023-07-27,2023-10-21,11,58,134,desktop,North,partner,55+,1
1800,2024-07-24,2025-07-09,13,13,389,mobile,West,web,35-44,0
1801,2022-07-01,2024-08-11,4,20,98,tablet,South,partner,25-34,0
1802,2022-02-18,2023-05-01,24,2,331,tablet,East,app,18-24,0
1803,2023-03-05,2023-07-21,57,119,80,desktop,North,partner,25-34,0
1804,2023-06-24,2024-09-29,21,28,414,tablet,East,web,35-44,0
1805,2024-02-03,2024-07-26,0,30,65,tablet,North,web,55+,1
1806,2024-02-07,2025-07-20,17,30,107,mobile,South,web,25-34,0
1807,2023-07-03,2024-11-11,8,6,20,mobile,East,app,18-24,0
1808,2022-06-28,2023-09-26,6,70,96,desktop,West,web,35-44,1
1809,2025-01-29,2025-02-17,23,33,134,mobile,East,app,25-34,1
1810,2022-06-14,2023-09-24,7,77,165,desktop,South,partner,45-54,0
1811,2024-11-02,2025-05-01,4,105,507,mobile,South,web,18-24,0
1812,2022-04-04,2023-04-10,9,7,56,desktop,North,app,45-54,0
1813,2022-08-11,2022-11-13,49,0,66,mobile,South,web,35-44,0
1814,2024-10-09,2024-11-22,35,52,164,mobile,East,app,45-54,0
1815,2024-04-02,2025-04-18,0,28,635,tablet,West,web,35-44,0
1816,2023-02-24,2024-08-22,3,11,181,desktop,North,partner,55+,0
1817,2025-03-03,2025-04-17,8,44,63,tablet,West,partner,45-54,1
1818,2022-07-10,2024-05-24,2,106,14,tablet,West,app,25-34,0
1819,2024-02-15,2025-07-13,5,41,236,desktop,West,web,18-24,0
1820,2025-01-04,2025-04-09,36,6,224,tablet,South,app,55+,0
1821,2022-10-01,2025-01-22,3,10,476,mobile,North,web,35-44,1
1822,2023-01-15,2025-01-12,8,15,172,desktop,North,web,35-44,1
1823,2024-05-29,2024-06-27,8,6,228,tablet,West,partner,25-34,0
1824,2024-04-18,2024-04-19,0,14,97,mobile,West,web,35-44,0
1825,2022-05-30,2024-04-24,0,7,135,desktop,South,web,45-54,0
1826,2022-09-14,2023-05-02,0,44,309,tablet,North,partner,35-44,1
1827,2022-02-14,2023-08-05,27,32,97,mobile,West,app,35-44,0
1828,2024-10-23,2024-11-15,0,61,163,tablet,South,app,18-24,1
1829,2022-02-08,2024-12-01,7,0,82,mobile,North,partner,18-24,1
1830,2025-02-04,2025-05-11,20,12,104,desktop,North,app,35-44,1
1831,2024-09-12,2025-05-01,20,18,394,tablet,South,web,18-24,1
1832,2023-08-09,2025-07-21,26,18,172,tablet,North,app,18-24,1
1833,2024-03-04,2025-02-08,19,36,181,tablet,East,partner,25-34,1
1834,2025-01-26,2025-07-17,9,66,247,tablet,West,partner,55+,0
1835,2023-04-22,2024-03-22,6,0,243,tablet,West,web,18-24,0
1836,2022-06-23,2022-08-30,1,27,192,tablet,West,app,45-54,1
1837,2025-04-13,2025-08-02,0,5,142,desktop,West,web,45-54,1
1838,2022-05-31,2022-07-12,8,7,405,mobile,West,web,35-44,0
1839,2023-08-01,2025-08-12,27,8,195,desktop,West,app,55+,0
1840,2024-02-03,2024-04-21,3,3,146,tablet,East,web,55+,1
1841,2024-02-02,2025-06-05,1,41,385,mobile,West,app,25-34,1
1842,2022-08-20,2025-02-11,2,12,810,mobile,West,app,55+,1
1843,2022-12-27,2023-03-14,25,57,110,desktop,East,web,55+,0
1844,2024-03-31,2024-10-13,44,11,328,tablet,South,app,25-34,1
1845,2022-06-26,2025-04-06,6,55,86,desktop,South,web,55+,0
1846,2022-01-27,2022-09-30,21,19,535,mobile,West,web,18-24,0
1847,2023-10-07,2024-11-26,38,75,140,tablet,West,partner,35-44,0
1848,2024-03-04,2025-03-25,2,6,593,tablet,West,partner,18-24,0
1849,2024-09-04,2025-05-15,32,3,57,mobile,North,app,35-44,0
1850,2024-12-08,2025-07-27,20,1,112,tablet,North,app,35-44,0
1851,2025-01-25,2025-05-11,8,32,9,mobile,West,web,18-24,0
1852,2022-11-20,2024-03-08,6,2,69,mobile,South,partner,25-34,0
1853,2024-12-25,2025-07-25,13,92,605,tablet,North,web,55+,0
1854,2025-02-20,2025-07-04,3,45,169,mobile,North,web,35-44,0
1855,2024-04-05,2024-10-25,34,11,386,desktop,West,app,55+,0
1856,2023-07-10,2024-05-03,1,10,152,mobile,East,web,55+,1
1857,2022-04-17,2024-07-17,4,20,63,tablet,North,partner,45-54,0
1858,2023-07-01,2023-10-10,5,9,217,desktop,North,web,18-24,1
1859,2022-02-21,2022-10-04,2,34,100,desktop,North,partner,25-34,0
1860,2022-07-20,2022-07-28,23,0,248,tablet,East,partner,45-54,1
1861,2024-12-02,2025-01-20,1,33,515,desktop,South,partner,45-54,1
1862,2024-03-10,2024-07-26,60,35,116,mobile,East,app,55+,0
1863,2025-02-16,2025-05-11,7,2,349,desktop,East,partner,35-44,0
1864,2022-11-06,2025-07-31,14,18,165,tablet,North,web,55+,0
1865,2023-10-27,2025-03-12,18,27,218,desktop,East,web,35-44,1
1866,2025-01-08,2025-03-19,0,36,601,mobile,East,partner,55+,1
1867,2022-04-04,2024-02-15,9,6,220,desktop,East,app,25-34,0
1868,2024-11-27,2025-01-27,9,17,62,desktop,East,partner,55+,0
1869,2023-07-04,2024-04-05,23,28,168,mobile,West,app,35-44,0
1870,2024-07-04,2024-10-09,2,28,115,tablet,South,web,55+,0
1871,2022-10-15,2024-11-07,8,74,143,tablet,South,partner,18-24,0
1872,2024-07-12,2024-12-06,4,61,228,mobile,East,partner,25-34,0
1873,2022-11-13,2022-11-15,10,45,236,desktop,East,partner,55+,1
1874,2022-11-07,2023-08-19,3,99,136,mobile,West,app,25-34,1
1875,2023-09-26,2025-02-14,1,14,165,tablet,North,app,18-24,0
1876,2024-06-19,2025-03-24,8,17,102,mobile,West,partner,55+,0
1877,2024-12-17,2025-02-14,2,46,212,tablet,West,web,25-34,0
1878,2022-06-02,2022-09-03,0,36,189,desktop,West,partner,45-54,0
1879,2023-11-06,2024-06-16,4,1,28,mobile,East,partner,55+,0
1880,2024-01-25,2025-01-08,2,87,581,tablet,East,app,55+,0
1881,2023-05-08,2025-08-12,17,1,83,desktop,West,web,45-54,0
1882,2024-03-16,2025-06-15,1,19,211,mobile,East,partner,45-54,1
1883,2023-07-05,2024-03-15,0,20,282,mobile,North,web,18-24,1
1884,2024-04-29,2024-07-02,4,14,359,tablet,South,app,35-44,0
1885,2025-04-13,2025-06-11,0,6,57,desktop,West,app,35-44,1
1886,2024-04-06,2024-06-17,39,58,250,tablet,East,web,55+,1
1887,2025-04-02,2025-04-12,6,28,275,tablet,South,web,18-24,0
1888,2024-08-31,2025-08-16,12,61,549,mobile,South,app,35-44,0
1889,2024-12-19,2025-01-18,10,1,781,mobile,South,web,55+,0
1890,2024-01-15,2025-02-13,5,34,27,mobile,East,app,35-44,0
1891,2024-07-08,2024-11-29,15,17,121,mobile,East,web,45-54,1
1892,2024-11-03,2024-11-05,14,14,212,mobile,West,web,45-54,1
1893,2024-12-05,2024-12-26,4,5,236,desktop,North,app,45-54,1
1894,2025-01-13,2025-02-24,9,59,280,mobile,North,web,45-54,0
1895,2024-03-29,2025-08-10,2,16,153,desktop,South,web,55+,0
1896,2022-05-08,2022-08-04,0,15,158,mobile,West,partner,45-54,0
1897,2023-08-15,2024-01-02,27,31,264,tablet,North,web,45-54,1
1898,2023-01-12,2024-03-26,1,37,277,desktop,South,web,35-44,0
1899,2022-02-18,2024-08-03,11,2,470,tablet,North,web,55+,0
1900,2024-12-20,2025-01-23,17,22,234,mobile,West,partner,25-34,0
1901,2023-10-02,2025-04-27,23,54,42,desktop,South,partner,45-54,0
1902,2024-04-20,2025-05-16,6,19,317,desktop,East,app,25-34,0
1903,2023-09-21,2025-03-02,3,47,103,mobile,North,partner,55+,0
1904,2022-09-05,2025-03-29,33,24,164,tablet,East,partner,45-54,0
1905,2022-08-11,2023-12-10,6,0,81,mobile,East,partner,35-44,1
1906,2022-09-16,2022-12-15,0,19,183,mobile,East,partner,18-24,1
1907,2022-02-21,2024-01-15,7,1,455,mobile,East,app,35-44,0
1908,2024-09-28,2025-03-09,6,15,336,tablet,East,app,55+,0
1909,2024-10-28,2025-04-15,14,0,100,desktop,West,app,45-54,0
1910,2023-08-03,2024-12-25,17,40,394,tablet,East,web,55+,1
1911,2023-04-01,2024-03-10,52,13,17,mobile,North,web,25-34,1
1912,2024-10-03,2025-06-13,4,47,219,mobile,South,web,45-54,1
1913,2022-05-24,2024-08-15,1,18,421,tablet,East,web,35-44,1
1914,2025-04-03,2025-04-11,4,14,255,tablet,West,app,18-24,1
1915,2022-04-19,2023-03-24,7,34,229,tablet,South,web,25-34,0
1916,2024-08-30,2025-03-27,20,42,680,desktop,North,web,45-54,1
1917,2022-01-20,2024-09-22,21,1,29,mobile,North,app,45-54,1
1918,2023-09-05,2023-12-30,31,21,177,tablet,North,app,25-34,1
1919,2024-12-15,2025-08-06,7,68,137,mobile,North,partner,45-54,0
1920,2023-01-06,2023-04-23,16,39,269,mobile,East,app,45-54,1
1921,2023-03-08,2024-10-21,7,9,104,desktop,West,web,55+,1
1922,2022-02-28,2024-01-04,0,23,311,mobile,East,web,55+,1
1923,2022-02-02,2023-05-09,23,4,640,desktop,South,web,35-44,0
1924,2024-10-15,2024-11-07,12,6,115,mobile,North,web,18-24,0
1925,2022-07-09,2025-02-22,0,50,104,desktop,West,partner,45-54,0
1926,2023-12-24,2025-03-18,6,35,415,desktop,North,partner,45-54,0
1927,2025-03-11,2025-07-26,13,78,227,tablet,East,web,45-54,0
1928,2024-01-02,2025-05-31,3,9,497,tablet,East,app,55+,1
1929,2023-04-22,2024-09-15,15,127,82,mobile,West,partner,55+,1
1930,2023-11-10,2024-10-21,9,3,125,desktop,North,app,18-24,0
1931,2022-05-02,2022-06-23,19,8,254,desktop,North,app,45-54,0
1932,2024-01-21,2024-06-18,14,17,243,tablet,North,web,55+,1
1933,2025-01-24,2025-06-03,11,51,174,desktop,East,web,55+,0
1934,2024-11-18,2025-05-08,6,24,120,desktop,East,partner,18-24,1
1935,2023-12-20,2025-05-19,13,29,362,desktop,South,app,55+,0
1936,2022-07-23,2024-03-14,6,27,181,desktop,West,web,35-44,0
1937,2024-06-04,2025-03-24,6,82,39,tablet,North,app,35-44,0
1938,2025-02-05,2025-07-23,5,32,409,tablet,South,partner,45-54,1
1939,2022-06-08,2024-04-17,12,71,110,tablet,North,app,45-54,0
1940,2022-07-26,2022-08-24,16,3,122,tablet,South,partner,45-54,1
1941,2024-09-13,2024-12-13,7,92,179,desktop,North,partner,35-44,1
1942,2023-11-09,2025-03-15,6,54,587,tablet,North,web,35-44,0
1943,2024-07-16,2024-10-02,9,115,62,tablet,North,web,18-24,1
1944,2022-05-09,2023-11-28,3,87,549,tablet,South,app,25-34,0
1945,2023-06-15,2024-12-02,1,9,312,tablet,West,web,55+,0
1946,2025-03-26,2025-04-22,1,24,284,tablet,East,partner,55+,1
1947,2022-09-11,2024-01-08,1,2,765,mobile,North,web,45-54,0
1948,2022-04-11,2025-05-02,33,3,262,tablet,West,app,25-34,1
1949,2025-02-14,2025-04-23,0,22,265,desktop,South,partner,35-44,1
1950,2023-10-03,2025-03-21,2,6,229,desktop,North,partner,35-44,0
1951,2023-07-09,2025-03-05,11,48,125,desktop,North,web,25-34,0
1952,2024-10-13,2025-01-04,11,14,113,mobile,West,partner,18-24,0
1953,2025-03-18,2025-03-23,3,2,671,desktop,East,web,25-34,0
1954,2023-12-09,2025-06-02,59,0,530,desktop,South,app,55+,1
1955,2023-07-31,2024-08-29,1,7,160,tablet,North,partner,18-24,0
1956,2024-06-20,2024-08-24,1,36,82,desktop,South,app,18-24,0
1957,2025-01-17,2025-01-30,1,44,118,mobile,South,app,25-34,1
1958,2022-06-19,2024-05-26,5,18,104,mobile,North,app,18-24,0
1959,2022-11-11,2024-04-24,2,4,90,mobile,West,partner,55+,1
1960,2023-11-20,2023-12-19,9,81,370,desktop,South,web,35-44,0
1961,2024-12-24,2025-01-03,11,16,353,tablet,West,partner,25-34,0
1962,2025-02-25,2025-03-21,2,4,259,tablet,West,app,35-44,0
1963,2023-12-07,2024-02-17,11,33,407,tablet,South,web,55+,0
1964,2022-12-03,2025-06-04,15,10,227,desktop,South,web,18-24,0
1965,2023-01-04,2024-04-18,0,15,14,tablet,North,web,35-44,0
1966,2024-06-13,2025-04-27,4,2,159,mobile,East,app,18-24,0
1967,2024-05-16,2025-08-14,6,4,122,tablet,East,partner,45-54,0
1968,2023-02-27,2025-06-26,12,56,33,tablet,South,app,18-24,0
1969,2025-02-18,2025-06-14,0,5,274,mobile,East,app,25-34,0
1970,2025-01-12,2025-08-14,12,11,271,mobile,South,web,18-24,0
1971,2025-03-23,2025-06-21,4,74,19,mobile,West,web,25-34,0
1972,2023-04-20,2023-06-21,19,74,169,mobile,West,partner,18-24,1
1973,2022-03-11,2023-01-23,1,4,322,desktop,West,web,18-24,1
1974,2023-08-07,2023-10-08,5,63,136,desktop,East,web,25-34,0
1975,2022-01-23,2022-12-06,11,2,169,tablet,West,partner,35-44,0
1976,2023-03-05,2024-12-01,1,35,283,desktop,East,partner,25-34,0
1977,2022-03-03,2024-10-18,15,34,233,desktop,North,app,45-54,1
1978,2023-12-20,2024-10-26,0,58,54,desktop,East,partner,18-24,0
1979,2023-11-16,2024-06-16,11,26,119,mobile,West,app,45-54,1
1980,2024-05-08,2024-08-30,1,11,126,desktop,South,partner,45-54,0
1981,2023-03-22,2024-09-25,4,31,573,desktop,West,partner,18-24,0
1982,2022-06-25,2024-09-20,6,9,408,mobile,West,web,55+,1
1983,2025-03-30,2025-07-30,12,26,217,desktop,West,app,45-54,0
1984,2025-01-06,2025-04-26,0,0,484,desktop,West,web,25-34,1
1985,2024-01-13,2025-08-03,6,54,28,tablet,South,partner,45-54,0
1986,2024-06-11,2024-12-09,24,23,382,mobile,North,app,45-54,0
1987,2024-05-05,2024-06-16,10,12,160,desktop,West,partner,18-24,1
1988,2023-11-23,2024-01-15,15,5,192,tablet,North,app,25-34,1
1989,2025-02-04,2025-03-25,33,0,440,desktop,West,partner,25-34,1
1990,2023-02-18,2024-09-03,1,12,96,desktop,East,app,45-54,0
1991,2023-01-10,2023-06-05,3,27,202,desktop,West,partner,55+,0
1992,2025-03-16,2025-07-16,12,13,448,mobile,South,app,55+,0
1993,2023-06-20,2025-08-16,6,14,239,mobile,West,partner,18-24,0
1994,2023-03-11,2024-12-17,9,21,169,desktop,West,app,25-34,1
1995,2022-02-15,2023-01-08,7,44,68,desktop,North,app,45-54,0
1996,2022-12-25,2024-05-28,15,20,53,tablet,South,partner,18-24,0
1997,2024-03-08,2025-06-13,20,44,322,mobile,South,app,45-54,0
1998,2024-03-07,2024-12-28,19,8,62,mobile,West,app,55+,0
1999,2022-10-12,2025-03-23,4,9,260,tablet,West,partner,45-54,1
2000,2024-09-01,2025-07-11,4,5,264,desktop,West,web,25-34,0
2001,2023-04-11,2023-09-06,26,0,562,mobile,East,partner,18-24,0
2002,2023-11-20,2023-11-30,17,5,171,tablet,West,app,35-44,0
2003,2024-08-27,2025-01-07,25,40,165,tablet,West,partner,25-34,0
2004,2024-11-29,2024-12-27,13,1,795,mobile,West,app,35-44,1
2005,2022-04-24,2024-10-27,1,6,222,desktop,East,app,45-54,1
2006,2023-04-08,2025-06-18,8,24,95,mobile,West,partner,55+,0
2007,2024-02-15,2025-07-23,2,74,80,mobile,North,web,18-24,0
2008,2022-10-24,2024-02-05,11,52,152,desktop,East,web,25-34,1
2009,2023-01-18,2023-04-26,16,42,419,mobile,West,app,45-54,0
2010,2024-05-25,2025-06-23,8,12,227,tablet,West,partner,18-24,0
2011,2022-03-04,2025-02-09,13,8,129,mobile,North,web,25-34,0
2012,2022-09-25,2024-08-05,16,108,394,tablet,North,app,25-34,1
2013,2024-12-10,2025-02-15,1,52,637,tablet,East,app,18-24,1
2014,2023-10-15,2024-02-18,7,6,91,mobile,East,partner,45-54,1
2015,2024-05-24,2025-02-05,10,0,753,mobile,North,web,18-24,1
2016,2023-01-17,2024-12-22,11,22,567,desktop,East,web,45-54,0
2017,2022-04-05,2024-07-17,7,28,169,tablet,East,app,45-54,0
2018,2022-02-22,2024-10-14,2,35,100,mobile,East,web,45-54,1
2019,2022-04-25,2024-01-17,2,34,308,mobile,South,app,35-44,1
2020,2023-04-15,2023-05-08,39,25,773,mobile,West,partner,18-24,0
2021,2022-07-13,2023-07-09,2,9,388,mobile,East,app,35-44,0
2022,2022-02-03,2022-12-15,1,103,553,tablet,South,partner,18-24,0
2023,2023-08-17,2025-06-08,13,29,378,tablet,East,app,25-34,1
2024,2024-05-29,2024-11-23,8,3,552,tablet,East,web,18-24,1
2025,2022-03-23,2022-05-05,3,10,371,desktop,West,partner,35-44,1
2026,2023-06-21,2025-05-06,3,17,703,desktop,West,web,55+,0
2027,2023-07-20,2023-08-23,0,23,17,tablet,South,app,25-34,1
2028,2023-07-28,2024-11-04,6,37,130,tablet,East,partner,45-54,0
2029,2025-01-16,2025-05-10,2,29,207,tablet,East,partner,45-54,1
2030,2024-09-25,2025-02-25,1,11,313,mobile,North,partner,18-24,0
2031,2023-07-17,2025-01-07,5,12,109,tablet,West,partner,35-44,1
2032,2024-05-31,2025-07-09,5,50,294,desktop,South,app,55+,0
2033,2024-02-21,2025-06-10,0,34,59,tablet,South,app,18-24,0
2034,2023-05-13,2025-03-24,5,50,508,desktop,South,app,45-54,0
2035,2022-10-27,2023-09-16,17,94,299,mobile,East,app,25-34,0
2036,2024-07-01,2025-05-25,28,26,64,tablet,West,partner,55+,1
2037,2023-02-07,2024-08-24,1,10,17,tablet,South,app,55+,1
2038,2024-10-25,2025-08-10,9,137,342,desktop,South,partner,25-34,0
2039,2023-08-23,2023-10-22,0,3,154,desktop,West,app,18-24,1
2040,2022-10-05,2024-03-08,3,52,348,mobile,East,app,25-34,0
2041,2024-12-04,2025-05-22,6,1,287,tablet,South,web,45-54,1
2042,2022-02-20,2022-06-15,4,19,137,tablet,East,web,35-44,0
2043,2024-01-02,2024-10-15,10,3,143,tablet,South,web,35-44,0
2044,2024-03-06,2025-04-15,15,118,269,desktop,West,app,45-54,0
2045,2023-10-20,2025-03-26,8,4,861,desktop,East,app,18-24,1
2046,2024-03-03,2025-06-17,4,18,48,mobile,East,web,35-44,1
2047,2024-10-24,2024-12-27,13,40,37,mobile,West,app,35-44,0
2048,2024-02-21,2024-08-02,12,34,190,mobile,East,app,18-24,1
2049,2023-04-16,2025-05-05,20,8,188,tablet,East,web,25-34,1
2050,2022-12-03,2023-04-04,0,34,146,desktop,North,partner,35-44,0
2051,2025-01-11,2025-07-09,3,7,379,desktop,North,partner,25-34,1
2052,2023-03-02,2025-07-21,3,49,43,desktop,East,web,55+,0
2053,2024-09-23,2025-06-16,2,5,470,desktop,West,app,35-44,1
2054,2022-09-05,2022-09-05,0,12,194,tablet,North,app,45-54,1
2055,2023-02-23,2023-06-03,14,43,44,tablet,East,partner,25-34,1
2056,2023-06-24,2024-03-22,10,81,1116,desktop,West,app,25-34,0
2057,2024-11-29,2025-06-06,22,3,959,mobile,East,partner,18-24,1
2058,2022-12-04,2025-03-14,0,32,359,mobile,South,web,18-24,1
2059,2022-03-23,2022-03-27,19,3,83,mobile,South,web,55+,1
2060,2023-05-16,2025-07-03,2,35,76,tablet,West,app,45-54,0
2061,2023-04-01,2023-12-18,13,71,130,desktop,North,web,25-34,1
2062,2025-02-07,2025-03-17,14,75,299,desktop,West,web,18-24,0
2063,2024-05-13,2024-12-03,0,11,203,tablet,East,web,18-24,0
2064,2022-10-12,2024-11-03,39,63,78,desktop,East,web,45-54,1
2065,2023-11-06,2024-02-23,29,0,196,mobile,South,partner,18-24,0
2066,2022-10-19,2025-07-09,0,13,165,tablet,South,app,25-34,0
2067,2023-11-29,2024-02-26,7,11,76,desktop,South,partner,35-44,0
2068,2022-05-08,2023-09-16,1,15,167,desktop,North,app,35-44,1
2069,2024-11-27,2025-07-06,37,44,137,desktop,South,app,18-24,0
2070,2023-09-23,2025-08-04,11,11,211,desktop,West,web,25-34,0
2071,2022-04-07,2022-04-25,13,8,154,tablet,North,partner,45-54,1
2072,2023-09-15,2025-03-08,15,9,92,tablet,South,partner,18-24,0
2073,2023-11-07,2024-03-08,6,71,249,desktop,South,web,25-34,1
2074,2023-02-12,2024-12-20,2,14,285,tablet,East,app,18-24,1
2075,2022-08-28,2024-08-20,18,58,642,desktop,North,partner,18-24,1
2076,2022-05-21,2023-12-14,4,2,123,desktop,West,app,45-54,1
2077,2023-08-03,2024-02-12,0,14,158,desktop,East,app,55+,1
2078,2022-08-13,2025-01-06,7,18,144,mobile,South,app,25-34,1
2079,2023-07-23,2024-03-07,5,16,472,mobile,South,app,55+,1
2080,2023-01-09,2024-09-28,1,27,105,desktop,South,partner,18-24,1
2081,2023-03-13,2023-08-01,14,44,498,tablet,North,partner,18-24,1
2082,2022-03-29,2024-08-18,22,81,299,tablet,South,web,55+,1
2083,2022-03-12,2022-08-05,0,7,219,desktop,West,partner,35-44,1
2084,2024-11-13,2024-11-27,12,1,244,desktop,North,app,55+,0
2085,2022-11-26,2024-03-26,2,47,248,desktop,North,app,25-34,0
2086,2024-04-30,2025-04-24,43,24,576,desktop,South,partner,25-34,0
2087,2023-08-04,2024-12-15,19,69,385,mobile,South,web,55+,1
2088,2023-06-29,2023-07-20,4,18,16,desktop,South,app,45-54,0
2089,2024-08-29,2025-05-30,5,24,242,desktop,North,app,45-54,0
2090,2023-07-07,2024-04-18,7,49,663,tablet,North,partner,18-24,1
2091,2022-10-03,2023-07-24,15,96,170,desktop,North,app,25-34,1
2092,2024-09-11,2025-08-15,17,16,237,desktop,West,web,25-34,0
2093,2024-10-14,2025-07-31,1,103,199,tablet,West,web,55+,0
2094,2024-10-14,2025-04-28,0,25,474,desktop,East,app,18-24,1
2095,2022-11-06,2025-06-14,7,21,177,mobile,North,app,35-44,0
2096,2024-04-24,2024-10-26,0,44,155,tablet,North,partner,55+,1
2097,2022-02-10,2024-03-09,9,0,247,tablet,South,partner,25-34,0
2098,2024-09-24,2025-02-20,2,4,152,mobile,North,web,35-44,1
2099,2024-02-26,2024-08-24,12,43,572,mobile,East,web,18-24,1
2100,2024-11-19,2025-03-02,0,14,120,mobile,West,web,18-24,1
2101,2022-05-04,2022-05-29,1,4,107,mobile,West,app,25-34,1
2102,2023-02-02,2024-01-31,5,47,130,desktop,East,partner,25-34,1
2103,2023-10-08,2024-02-17,5,46,98,mobile,West,app,25-34,1
2104,2024-05-27,2025-05-25,24,42,125,mobile,East,partner,25-34,0
2105,2022-07-27,2023-02-19,17,100,166,desktop,North,partner,25-34,1
2106,2023-02-21,2023-02-26,0,26,427,desktop,North,web,35-44,0
2107,2024-02-02,2024-10-28,6,27,303,tablet,South,partner,18-24,1
2108,2023-11-03,2024-04-27,58,29,22,tablet,East,partner,18-24,0
2109,2023-09-01,2024-03-07,36,18,274,desktop,West,partner,18-24,0
2110,2023-05-27,2025-07-06,5,3,680,mobile,East,app,45-54,0
2111,2023-12-04,2025-01-11,11,6,67,mobile,West,web,55+,0
2112,2024-10-08,2025-02-23,27,10,84,tablet,East,partner,45-54,0
2113,2022-02-07,2023-10-07,10,36,179,mobile,West,app,35-44,0
2114,2024-11-22,2025-01-06,6,19,86,desktop,North,app,18-24,1
2115,2022-09-14,2023-04-18,7,19,485,desktop,North,app,45-54,0
2116,2022-05-30,2024-11-29,12,61,333,desktop,South,partner,18-24,1
2117,2023-10-29,2025-08-02,0,6,134,desktop,North,web,55+,0
2118,2024-05-30,2025-03-21,27,176,273,mobile,South,web,35-44,1
2119,2023-04-29,2024-01-15,9,18,127,desktop,East,web,25-34,0
2120,2024-07-09,2025-06-22,12,0,64,tablet,South,app,35-44,0
2121,2024-01-24,2024-12-16,11,33,307,tablet,West,app,45-54,0
2122,2024-06-07,2025-07-26,5,2,241,mobile,South,web,35-44,0
2123,2024-07-16,2024-08-27,3,1,292,mobile,East,partner,45-54,0
2124,2024-09-29,2025-01-12,0,19,149,mobile,North,app,25-34,0
2125,2025-01-18,2025-08-04,21,50,328,mobile,West,partner,55+,0
2126,2023-12-29,2025-04-27,25,3,109,desktop,South,web,55+,1
2127,2024-03-09,2024-08-08,0,132,267,mobile,West,app,25-34,0
2128,2024-12-16,2025-06-20,0,25,441,tablet,North,partner,25-34,0
2129,2024-05-28,2024-07-30,21,2,204,desktop,East,web,55+,0
2130,2024-07-28,2025-02-06,10,0,312,desktop,North,app,55+,0
2131,2024-02-23,2025-01-04,4,41,437,mobile,East,partner,18-24,0
2132,2024-01-28,2025-02-16,0,8,88,desktop,North,web,35-44,1
2133,2024-12-27,2025-07-22,2,13,346,desktop,South,partner,55+,0
2134,2025-01-26,2025-07-14,19,16,352,desktop,North,app,18-24,0
2135,2022-11-19,2024-04-10,0,0,107,desktop,South,web,35-44,0
2136,2024-03-11,2024-04-20,0,49,664,tablet,South,partner,35-44,0
2137,2025-04-07,2025-06-01,7,102,142,desktop,East,app,25-34,0
2138,2022-01-23,2025-05-02,0,3,181,desktop,East,partner,45-54,1
2139,2023-08-18,2024-08-22,8,5,198,mobile,South,partner,25-34,1
2140,2024-03-08,2025-04-23,6,80,97,desktop,South,web,35-44,0
2141,2024-10-22,2024-12-04,7,24,395,mobile,West,app,45-54,0
2142,2024-01-19,2025-06-02,0,18,206,desktop,West,web,35-44,1
2143,2022-03-08,2022-07-18,7,20,159,mobile,West,partner,35-44,0
2144,2023-07-12,2024-06-30,6,1,41,mobile,East,partner,25-34,1
2145,2023-12-29,2023-12-31,3,13,486,desktop,East,web,25-34,0
2146,2024-08-01,2024-10-14,4,22,560,desktop,West,partner,55+,1
2147,2023-02-17,2024-06-16,4,38,273,tablet,South,web,25-34,1
2148,2022-06-02,2025-01-01,10,41,162,tablet,East,partner,55+,1
2149,2022-10-12,2024-06-07,16,153,542,desktop,North,partner,45-54,0
2150,2022-02-15,2023-09-08,18,0,271,mobile,North,app,18-24,0
2151,2025-02-14,2025-03-22,24,21,201,mobile,North,app,55+,1
2152,2024-06-29,2024-07-20,8,86,211,desktop,East,partner,25-34,1
2153,2023-04-21,2024-12-04,0,27,35,desktop,East,app,18-24,1
2154,2023-04-04,2025-04-14,46,23,196,tablet,North,partner,18-24,0
2155,2024-03-03,2025-05-23,15,5,306,mobile,South,partner,35-44,0
2156,2022-07-10,2024-08-13,2,38,284,tablet,North,partner,55+,1
2157,2023-05-26,2024-09-26,19,13,329,desktop,South,web,45-54,0
2158,2023-04-13,2025-03-16,40,18,207,tablet,East,app,18-24,0
2159,2024-04-22,2025-08-05,4,7,298,desktop,East,web,45-54,0
2160,2024-10-07,2025-03-31,22,3,90,tablet,East,partner,35-44,0
2161,2025-04-07,2025-06-10,0,45,73,tablet,North,partner,25-34,0
2162,2022-01-24,2023-07-19,6,77,232,tablet,East,app,35-44,0
2163,2025-02-05,2025-03-20,15,17,229,desktop,North,web,18-24,0
2164,2023-09-22,2025-05-03,3,88,357,mobile,West,app,55+,1
2165,2022-06-15,2023-11-20,16,24,159,mobile,West,app,35-44,0
2166,2022-05-07,2025-05-10,0,19,224,mobile,South,partner,55+,0
2167,2023-04-06,2024-09-02,13,56,166,tablet,East,web,55+,1
2168,2022-12-27,2024-08-31,19,28,142,mobile,South,web,25-34,0
2169,2023-11-24,2024-09-19,5,21,201,desktop,West,web,55+,0
2170,2024-11-04,2025-04-10,1,5,209,tablet,West,partner,45-54,0
2171,2024-03-23,2025-01-17,10,26,312,mobile,North,app,18-24,0
2172,2024-02-12,2025-06-27,7,8,136,mobile,East,web,18-24,0
2173,2022-12-15,2025-05-10,24,7,281,tablet,North,web,25-34,0
2174,2023-12-05,2025-07-26,4,30,71,desktop,East,partner,18-24,0
2175,2025-03-10,2025-04-09,0,2,150,tablet,South,app,25-34,1
2176,2023-06-19,2024-09-08,4,32,477,tablet,East,app,25-34,0
2177,2023-12-26,2024-07-27,11,34,26,mobile,West,web,45-54,1
2178,2023-07-18,2025-04-12,13,81,220,desktop,South,web,35-44,0
2179,2023-04-08,2023-07-24,8,21,339,desktop,South,partner,35-44,1
2180,2024-06-18,2024-12-26,1,81,178,tablet,South,app,35-44,0
2181,2022-08-13,2025-06-09,0,22,209,mobile,East,partner,45-54,1
2182,2023-06-24,2024-08-24,13,36,290,tablet,North,partner,55+,0
2183,2022-01-20,2023-11-11,32,28,385,tablet,North,partner,35-44,0
2184,2023-06-10,2024-12-22,5,53,249,tablet,North,web,35-44,0
2185,2022-12-21,2023-09-26,4,13,112,desktop,West,web,55+,0
2186,2025-03-23,2025-07-05,0,23,50,mobile,North,web,45-54,1
2187,2023-10-06,2024-12-07,15,11,122,desktop,East,web,25-34,0
2188,2022-07-31,2023-08-28,9,16,229,tablet,East,partner,18-24,1
2189,2024-05-24,2024-09-11,3,5,86,desktop,East,app,25-34,1
2190,2024-04-25,2024-07-15,6,5,390,desktop,West,partner,18-24,1
2191,2023-10-11,2024-01-20,23,3,202,desktop,East,app,55+,0
2192,2024-03-28,2024-04-24,11,27,29,mobile,East,web,35-44,1
2193,2023-06-27,2023-11-07,17,20,538,tablet,West,partner,35-44,1
2194,2025-02-25,2025-07-21,1,29,538,tablet,East,app,35-44,0
2195,2023-01-21,2023-02-04,5,10,135,mobile,North,app,18-24,1
2196,2022-01-12,2023-03-14,30,15,57,tablet,South,partner,45-54,1
2197,2023-03-04,2024-06-25,9,6,154,mobile,North,partner,35-44,0
2198,2024-11-15,2025-06-29,7,54,38,tablet,South,app,55+,0
2199,2024-03-09,2025-03-28,0,24,51,tablet,North,web,25-34,0
2200,2022-06-24,2024-03-06,5,49,501,mobile,South,partner,45-54,0
2201,2023-12-30,2024-10-07,0,102,65,tablet,North,web,18-24,1
2202,2023-09-25,2023-11-15,2,29,184,mobile,North,partner,25-34,0
2203,2022-07-07,2024-03-23,2,16,56,mobile,West,partner,25-34,1
2204,2022-04-06,2022-10-13,32,4,578,mobile,West,app,35-44,0
2205,2024-02-16,2024-06-29,29,94,159,mobile,South,partner,35-44,0
2206,2024-10-21,2025-04-23,35,9,149,desktop,West,web,35-44,1
2207,2023-05-06,2023-11-20,15,2,251,desktop,South,partner,55+,0
2208,2023-05-30,2025-07-07,17,12,73,desktop,South,partner,55+,1
2209,2025-01-30,2025-03-19,26,23,323,tablet,East,partner,18-24,0
2210,2023-08-22,2024-07-16,9,51,380,tablet,West,partner,55+,0
2211,2024-04-04,2024-09-03,3,109,269,mobile,North,app,45-54,0
2212,2024-05-31,2024-12-17,1,10,4,tablet,West,app,55+,1
2213,2023-12-14,2025-01-06,3,4,98,mobile,West,web,18-24,0
2214,2024-01-12,2024-11-01,2,85,300,desktop,North,web,55+,1
2215,2022-09-07,2024-01-15,9,36,251,desktop,East,web,35-44,0
2216,2024-09-13,2025-04-15,0,73,297,tablet,West,partner,18-24,0
2217,2023-01-31,2025-08-03,15,6,179,desktop,West,partner,35-44,1
2218,2025-04-02,2025-08-07,8,21,79,tablet,East,app,25-34,0
2219,2022-07-17,2024-01-31,8,59,96,desktop,North,app,18-24,1
2220,2023-05-17,2025-06-03,27,16,180,tablet,East,partner,25-34,1
2221,2024-05-08,2024-05-10,11,55,235,tablet,West,partner,25-34,0
2222,2024-05-16,2024-12-20,8,8,216,mobile,South,web,25-34,0
2223,2023-03-24,2023-05-08,4,124,262,desktop,North,app,35-44,1
2224,2022-06-09,2023-05-03,5,5,487,desktop,North,web,55+,0
2225,2024-10-07,2025-03-02,31,4,213,desktop,East,partner,55+,0
2226,2024-02-04,2025-05-18,23,0,231,desktop,East,partner,55+,1
2227,2024-05-16,2024-12-29,13,22,165,tablet,South,app,45-54,1
2228,2022-03-30,2023-03-24,9,11,213,desktop,East,app,18-24,1
2229,2022-10-22,2024-03-15,4,22,324,mobile,West,partner,35-44,1
2230,2022-12-10,2024-09-10,13,5,550,mobile,North,partner,45-54,0
2231,2023-05-31,2024-11-03,8,41,168,mobile,South,app,35-44,1
2232,2022-01-23,2022-01-28,12,5,151,tablet,North,app,18-24,0
2233,2023-06-05,2024-10-19,29,8,232,tablet,East,app,45-54,1
2234,2024-03-15,2025-06-07,0,26,90,tablet,North,app,35-44,0
2235,2022-02-23,2022-09-06,20,51,155,tablet,East,app,25-34,0
2236,2024-01-01,2024-09-30,8,13,54,mobile,North,partner,18-24,0
2237,2022-03-06,2022-10-02,6,2,536,desktop,East,web,55+,0
2238,2023-11-03,2024-01-04,0,12,363,mobile,North,app,25-34,1
2239,2023-01-02,2024-11-14,8,13,287,desktop,East,app,35-44,0
2240,2024-09-21,2024-12-28,1,29,547,tablet,North,web,55+,0
2241,2022-01-16,2023-04-25,9,85,140,desktop,East,web,55+,0
2242,2023-02-05,2023-05-30,18,7,45,tablet,West,partner,35-44,1
2243,2022-03-10,2022-09-28,0,30,168,mobile,East,app,18-24,1
2244,2023-06-14,2023-11-04,2,22,39,desktop,East,web,35-44,0
2245,2022-12-07,2024-06-06,0,35,261,mobile,North,web,55+,1
2246,2024-09-06,2024-10-07,1,0,252,tablet,West,web,55+,0
2247,2022-02-18,2023-12-01,0,5,49,desktop,North,partner,35-44,1
2248,2024-09-26,2025-06-07,0,29,129,desktop,North,web,18-24,0
2249,2024-10-25,2025-06-01,6,51,145,tablet,West,app,25-34,0
2250,2025-01-16,2025-03-19,17,25,128,mobile,East,partner,35-44,1
2251,2023-07-28,2023-08-13,5,6,345,tablet,West,partner,35-44,0
2252,2023-03-29,2024-07-14,0,23,46,desktop,South,web,18-24,1
2253,2024-08-05,2025-02-08,15,37,197,tablet,North,web,45-54,0
2254,2023-01-12,2023-07-26,0,74,69,desktop,South,app,45-54,1
2255,2023-07-19,2025-06-15,4,41,36,tablet,East,app,25-34,0
2256,2025-02-06,2025-06-21,28,31,49,mobile,North,partner,55+,0
2257,2024-11-12,2024-11-27,3,26,318,mobile,South,app,45-54,0
2258,2022-12-01,2024-10-31,11,38,196,tablet,South,partner,18-24,1
2259,2024-06-28,2024-10-03,1,88,305,mobile,East,app,18-24,1
2260,2024-03-18,2025-04-18,8,7,93,mobile,West,app,25-34,0
2261,2025-03-10,2025-07-01,8,5,40,mobile,North,app,25-34,0
2262,2024-12-03,2025-04-01,8,2,168,mobile,South,web,25-34,1
2263,2024-04-13,2024-08-11,5,55,139,mobile,North,app,55+,0
2264,2022-09-13,2024-11-20,0,33,29,mobile,East,app,35-44,1
2265,2022-12-19,2024-01-04,5,11,93,desktop,South,app,45-54,0
2266,2024-02-17,2024-07-17,0,43,96,tablet,South,app,45-54,1
2267,2022-12-09,2022-12-26,16,23,76,desktop,South,partner,18-24,1
2268,2023-11-13,2025-02-10,2,38,187,tablet,North,app,55+,0
2269,2023-10-14,2024-03-28,3,21,401,desktop,North,web,25-34,0
2270,2022-08-30,2022-11-19,4,28,224,tablet,East,web,18-24,1
2271,2022-01-13,2025-02-10,2,20,43,tablet,West,app,45-54,0
2272,2023-07-16,2025-01-17,1,107,268,desktop,South,partner,45-54,0
2273,2025-01-22,2025-03-05,4,24,90,desktop,South,app,35-44,0
2274,2022-05-17,2024-02-10,8,5,115,tablet,North,partner,55+,0
2275,2023-03-29,2023-12-17,9,42,353,mobile,East,app,25-34,1
2276,2025-03-01,2025-08-10,6,7,99,tablet,South,web,45-54,0
2277,2024-09-01,2024-12-28,17,111,514,tablet,West,partner,45-54,0
2278,2024-07-11,2025-03-25,1,52,459,desktop,South,web,25-34,1
2279,2022-10-25,2025-04-12,1,30,399,desktop,East,web,18-24,1
2280,2024-02-16,2025-01-16,2,0,108,desktop,North,app,25-34,1
2281,2022-10-01,2024-03-30,6,1,191,tablet,West,partner,45-54,0
2282,2024-02-03,2025-05-26,15,29,119,mobile,West,web,55+,1
2283,2023-07-11,2024-12-21,0,6,140,mobile,West,web,18-24,0
2284,2024-01-31,2024-10-12,30,43,192,tablet,South,web,35-44,0
2285,2024-01-10,2024-01-20,11,65,227,desktop,East,web,35-44,0
2286,2023-11-08,2024-06-15,20,37,175,tablet,South,partner,35-44,0
2287,2023-01-22,2023-04-06,27,117,121,mobile,North,web,35-44,0
2288,2023-05-04,2024-08-02,5,14,502,tablet,North,web,35-44,0
2289,2022-11-08,2023-05-01,11,17,867,mobile,North,web,45-54,0
2290,2024-09-18,2025-07-04,10,18,44,tablet,West,partner,45-54,0
2291,2022-11-07,2023-03-30,6,10,160,desktop,North,partner,55+,1
2292,2023-12-17,2024-01-15,3,8,234,tablet,West,web,55+,1
2293,2022-12-08,2024-01-31,9,37,273,mobile,South,partner,45-54,1
2294,2023-03-19,2023-09-29,6,13,386,desktop,East,partner,45-54,1
2295,2025-01-29,2025-05-31,16,6,12,mobile,East,app,35-44,1
2296,2024-09-17,2025-07-07,0,9,44,mobile,North,web,45-54,0
2297,2022-06-27,2023-06-22,20,52,41,mobile,West,web,45-54,0
2298,2024-09-19,2024-12-17,6,10,73,mobile,North,app,18-24,0
2299,2022-04-14,2022-10-05,4,14,369,desktop,North,partner,55+,1
2300,2024-09-07,2024-09-22,0,105,167,mobile,West,web,18-24,0
2301,2023-10-24,2024-09-20,1,4,213,tablet,East,partner,18-24,1
2302,2023-10-27,2025-01-21,11,12,196,tablet,West,partner,55+,1
2303,2022-04-15,2024-04-06,2,57,801,tablet,South,partner,18-24,1
2304,2024-07-25,2024-12-11,3,55,297,mobile,South,web,25-34,0
2305,2022-04-18,2023-08-30,1,9,227,mobile,East,app,45-54,0
2306,2022-07-12,2024-06-19,16,3,367,mobile,East,app,25-34,0
2307,2023-02-24,2024-10-18,22,73,302,tablet,West,web,35-44,1
2308,2022-06-21,2023-04-28,6,147,378,tablet,North,web,35-44,0
2309,2022-02-25,2024-06-20,3,38,510,desktop,South,partner,45-54,1
2310,2022-05-25,2022-06-03,7,11,125,tablet,South,app,18-24,0
2311,2023-12-04,2025-01-26,13,9,222,desktop,West,partner,25-34,0
2312,2024-01-22,2024-05-07,24,23,79,desktop,West,web,18-24,0
2313,2022-08-31,2025-06-20,3,182,213,mobile,North,app,55+,0
2314,2024-01-28,2024-12-18,1,11,121,mobile,West,web,18-24,1
2315,2023-02-06,2023-10-10,8,18,161,tablet,North,web,18-24,0
2316,2024-06-03,2024-09-07,11,7,66,tablet,South,partner,55+,0
2317,2023-05-08,2024-08-08,11,0,541,mobile,West,app,25-34,0
2318,2023-12-13,2024-04-04,3,0,29,desktop,East,web,35-44,1
2319,2022-09-26,2025-01-01,3,31,77,tablet,West,web,45-54,1
2320,2023-09-17,2024-04-21,0,25,337,desktop,West,web,35-44,1
2321,2022-01-22,2024-06-21,3,5,151,mobile,South,app,35-44,1
2322,2024-12-17,2025-01-22,23,3,322,tablet,East,partner,18-24,0
2323,2024-04-13,2024-10-07,0,110,114,tablet,South,web,18-24,1
2324,2024-12-14,2025-05-04,11,19,315,mobile,South,web,25-34,0
2325,2022-02-17,2022-11-05,2,0,372,desktop,South,web,55+,0
2326,2024-06-26,2025-04-19,3,12,272,desktop,East,app,25-34,1
2327,2022-09-02,2023-11-17,6,12,145,desktop,North,app,25-34,1
2328,2024-12-09,2025-05-08,0,17,316,desktop,South,app,35-44,1
2329,2024-02-21,2024-04-01,25,16,67,desktop,East,app,25-34,0
2330,2022-01-07,2025-06-28,5,17,98,mobile,East,partner,55+,0
2331,2023-05-12,2024-06-03,5,11,124,desktop,North,partner,25-34,0
2332,2023-05-24,2025-02-19,9,39,117,mobile,West,app,25-34,1
2333,2024-01-16,2025-06-12,13,27,147,desktop,South,web,55+,0
2334,2022-02-12,2022-04-13,6,10,211,desktop,North,web,35-44,1
2335,2023-04-22,2023-10-25,10,186,225,mobile,South,partner,55+,1
2336,2023-01-05,2025-05-24,3,48,107,tablet,West,partner,18-24,0
2337,2023-10-17,2025-04-03,3,12,125,tablet,North,web,55+,1
2338,2022-04-20,2025-02-02,29,5,133,desktop,North,web,25-34,0
2339,2023-09-14,2024-08-19,0,8,547,desktop,East,web,25-34,1
2340,2022-07-13,2024-03-07,6,19,175,tablet,West,app,25-34,0
2341,2024-02-16,2024-12-29,20,30,294,desktop,West,partner,18-24,0
2342,2022-02-18,2023-04-16,9,20,106,tablet,West,web,35-44,0
2343,2025-03-20,2025-06-06,6,46,185,desktop,West,web,45-54,0
2344,2025-03-26,2025-05-20,11,48,345,tablet,South,web,25-34,1
2345,2024-04-20,2024-11-25,1,37,9,desktop,South,partner,25-34,1
2346,2022-07-26,2024-04-27,6,102,87,tablet,South,app,55+,0
2347,2024-08-31,2025-02-26,10,27,263,mobile,South,web,25-34,0
2348,2023-02-17,2024-09-19,0,4,96,mobile,West,web,45-54,0
2349,2023-05-29,2023-12-19,5,24,614,desktop,East,partner,18-24,1
2350,2023-02-26,2024-10-06,33,44,304,mobile,North,partner,55+,0
2351,2023-10-26,2024-01-16,15,17,340,mobile,North,partner,18-24,0
2352,2022-12-12,2025-05-29,19,1,131,tablet,North,web,35-44,1
2353,2024-06-06,2024-07-16,7,42,109,mobile,West,partner,35-44,0
2354,2025-04-14,2025-07-12,12,24,59,desktop,West,partner,45-54,0
2355,2024-10-14,2024-12-10,2,8,207,tablet,South,partner,55+,0
2356,2024-10-25,2025-01-17,10,10,353,tablet,North,app,25-34,1
2357,2022-12-14,2023-02-04,16,3,139,mobile,South,partner,45-54,0
2358,2023-02-02,2023-08-10,2,0,182,desktop,South,app,45-54,0
2359,2024-11-30,2025-03-24,2,62,115,mobile,North,app,45-54,1
2360,2023-06-28,2023-09-29,8,1,196,desktop,East,partner,35-44,0
2361,2023-02-27,2023-09-21,32,38,354,desktop,East,partner,45-54,0
2362,2025-01-06,2025-01-17,0,36,95,tablet,North,app,45-54,0
2363,2024-01-30,2025-01-10,8,143,234,desktop,North,partner,45-54,0
2364,2023-08-20,2025-06-19,21,47,86,mobile,East,app,18-24,0
2365,2024-05-27,2025-05-07,16,1,21,desktop,West,web,18-24,0
2366,2023-07-02,2025-07-23,13,2,128,mobile,West,app,35-44,0
2367,2024-01-09,2024-03-11,1,13,128,desktop,East,partner,35-44,0
2368,2022-11-07,2023-10-04,2,0,202,desktop,South,app,18-24,0
2369,2023-10-06,2024-09-20,0,20,119,tablet,North,app,35-44,1
2370,2023-04-10,2024-06-15,14,96,217,mobile,East,app,35-44,1
2371,2022-11-28,2024-10-03,9,31,222,tablet,West,app,55+,1
2372,2022-04-13,2023-01-14,60,32,184,mobile,South,web,25-34,1
2373,2023-10-12,2024-03-27,21,6,240,desktop,South,app,35-44,0
2374,2024-08-02,2025-07-12,5,27,324,desktop,South,partner,45-54,1
2375,2022-12-27,2024-06-17,12,2,489,tablet,North,partner,55+,1
2376,2022-08-21,2025-01-05,16,21,531,tablet,South,app,18-24,0
2377,2023-05-07,2024-04-18,10,100,418,tablet,South,partner,55+,1
2378,2024-11-09,2025-05-13,12,28,186,tablet,North,partner,35-44,1
2379,2022-03-10,2023-12-15,13,7,481,desktop,West,partner,45-54,1
2380,2024-03-14,2024-06-25,14,8,77,desktop,West,partner,35-44,1
2381,2023-12-11,2024-03-07,24,13,136,mobile,East,partner,25-34,0
2382,2022-07-07,2022-07-15,7,128,175,mobile,West,app,25-34,0
2383,2024-12-24,2025-06-16,22,17,305,desktop,North,web,45-54,0
2384,2023-07-03,2024-03-02,8,68,58,mobile,West,partner,35-44,1
2385,2023-07-30,2023-10-22,4,32,300,mobile,North,web,35-44,0
2386,2023-05-28,2025-01-22,0,2,303,desktop,South,app,18-24,0
2387,2025-01-22,2025-03-26,12,29,239,desktop,East,app,25-34,0
2388,2024-08-08,2024-11-25,1,22,50,desktop,South,web,25-34,1
2389,2023-02-17,2024-04-13,24,201,227,tablet,South,partner,45-54,1
2390,2023-02-19,2023-04-18,9,65,40,tablet,South,web,45-54,0
2391,2024-05-10,2024-08-30,1,43,30,desktop,West,web,18-24,1
2392,2023-08-14,2023-09-01,39,37,289,desktop,East,partner,25-34,1
2393,2024-01-20,2025-06-15,10,43,156,tablet,East,web,35-44,1
2394,2022-02-22,2022-06-10,26,51,176,tablet,North,app,25-34,1
2395,2023-01-27,2024-07-16,19,29,273,mobile,South,partner,55+,1
2396,2023-08-28,2024-03-11,15,13,474,tablet,West,web,45-54,1
2397,2022-04-19,2025-06-09,2,24,198,mobile,South,web,55+,0
2398,2023-07-15,2024-06-18,3,98,404,desktop,East,app,18-24,1
2399,2024-04-04,2024-08-16,1,8,267,desktop,West,web,25-34,1
2400,2023-02-26,2024-10-27,0,4,160,desktop,East,app,25-34,1
2401,2023-05-08,2023-05-20,26,130,5,desktop,North,web,25-34,0
2402,2022-03-17,2023-06-16,6,36,40,tablet,South,app,25-34,1
2403,2023-01-10,2025-05-16,16,51,470,mobile,East,app,35-44,0
2404,2023-11-27,2024-06-24,17,2,386,tablet,West,web,25-34,1
2405,2022-07-01,2024-10-03,2,10,499,mobile,East,app,18-24,1
2406,2024-10-18,2025-02-10,10,95,99,tablet,West,web,18-24,0
2407,2022-03-05,2023-03-31,12,11,201,mobile,West,web,25-34,0
2408,2022-10-22,2023-06-16,8,18,327,tablet,North,web,25-34,1
2409,2023-10-31,2024-07-21,0,15,37,mobile,East,web,18-24,1
2410,2024-04-07,2025-06-21,2,1,413,desktop,East,web,18-24,0
2411,2022-02-16,2024-06-19,0,5,180,tablet,South,partner,55+,0
2412,2022-09-03,2025-01-01,10,20,347,mobile,West,partner,45-54,1
2413,2025-01-23,2025-06-01,16,16,240,desktop,North,app,18-24,0
2414,2023-11-09,2024-06-05,4,86,109,mobile,West,web,35-44,0
2415,2022-06-28,2024-01-25,5,10,1068,mobile,South,app,55+,0
2416,2024-06-07,2024-12-21,25,58,289,tablet,North,app,35-44,1
2417,2024-07-09,2025-03-25,4,11,188,mobile,West,web,55+,1
2418,2025-01-14,2025-03-28,3,39,136,desktop,North,web,25-34,0
2419,2025-02-24,2025-06-27,6,9,609,tablet,South,web,55+,0
2420,2022-12-14,2023-01-11,2,28,424,mobile,North,web,18-24,0
2421,2022-04-04,2024-11-07,1,3,504,mobile,East,partner,35-44,1
2422,2023-08-26,2024-11-05,2,12,105,mobile,North,web,35-44,1
2423,2023-07-04,2025-05-06,4,123,124,mobile,North,web,55+,0
2424,2022-04-04,2023-05-08,2,21,108,mobile,West,partner,55+,0
2425,2024-12-05,2025-06-24,17,34,273,mobile,North,web,25-34,1
2426,2024-12-25,2025-05-02,1,22,176,mobile,North,web,18-24,0
2427,2023-04-13,2024-09-06,0,137,205,desktop,East,partner,45-54,1
2428,2023-12-14,2024-06-20,18,8,266,tablet,West,app,45-54,0
2429,2022-09-01,2024-01-05,4,1,57,mobile,South,web,55+,1
2430,2023-01-02,2023-04-17,8,28,83,desktop,North,app,45-54,1
2431,2023-02-01,2024-09-11,13,81,82,desktop,West,partner,45-54,1
2432,2022-07-31,2023-05-01,14,6,24,mobile,North,partner,35-44,1
2433,2022-07-29,2023-06-09,11,26,68,tablet,West,web,25-34,0
2434,2022-08-30,2025-07-01,6,3,274,mobile,East,app,55+,0
2435,2024-01-17,2024-12-24,5,4,276,tablet,West,app,18-24,1
2436,2023-05-26,2023-12-13,4,5,211,desktop,North,app,25-34,0
2437,2023-07-27,2025-06-21,4,77,434,tablet,North,partner,25-34,1
2438,2025-04-03,2025-04-08,7,11,292,desktop,West,web,35-44,0
2439,2022-01-05,2022-05-14,1,6,333,desktop,East,web,35-44,0
2440,2022-04-07,2023-11-27,4,15,64,tablet,East,web,35-44,0
2441,2024-07-13,2025-01-20,0,14,159,mobile,North,web,35-44,1
2442,2022-11-10,2024-08-09,27,31,75,desktop,West,app,35-44,1
2443,2022-12-25,2025-07-04,7,56,136,mobile,West,app,25-34,0
2444,2025-03-18,2025-07-24,0,32,458,mobile,West,partner,18-24,0
2445,2023-01-24,2023-12-11,1,0,218,mobile,South,partner,35-44,0
2446,2025-01-16,2025-06-23,0,26,141,mobile,East,partner,55+,0
2447,2023-03-25,2024-03-20,9,1,331,desktop,West,partner,45-54,1
2448,2024-07-03,2024-10-30,9,31,221,desktop,North,partner,35-44,1
2449,2024-06-02,2025-04-10,4,13,557,desktop,North,app,18-24,0
2450,2024-10-28,2025-03-19,3,21,132,desktop,West,web,35-44,0
2451,2022-08-12,2023-11-03,5,19,268,desktop,South,web,55+,0
2452,2022-04-02,2024-06-14,3,18,223,mobile,West,app,25-34,1
2453,2024-02-04,2024-08-31,5,54,45,mobile,North,app,18-24,0
2454,2022-05-02,2024-09-26,21,55,339,desktop,West,partner,18-24,1
2455,2023-07-08,2025-04-21,0,11,271,tablet,North,web,45-54,0
2456,2023-05-24,2025-07-29,2,15,422,desktop,North,partner,25-34,0
2457,2024-10-01,2025-02-21,7,18,223,mobile,East,web,18-24,0
2458,2022-12-15,2025-02-14,8,37,157,tablet,South,web,18-24,0
2459,2025-04-08,2025-07-05,19,12,109,desktop,West,app,35-44,0
2460,2024-01-02,2024-11-16,35,72,324,tablet,South,web,55+,0
2461,2022-04-09,2022-11-08,7,8,375,tablet,East,web,18-24,0
2462,2024-09-04,2024-10-13,5,22,37,mobile,West,web,55+,1
2463,2022-08-15,2025-03-09,0,14,223,tablet,East,web,35-44,0
2464,2025-02-16,2025-08-11,2,2,168,mobile,West,partner,18-24,0
2465,2022-09-15,2023-07-12,9,89,178,tablet,South,web,18-24,1
2466,2023-06-28,2024-06-28,2,10,518,mobile,West,app,45-54,0
2467,2023-06-25,2023-11-13,20,72,130,mobile,East,partner,25-34,1
2468,2022-06-03,2022-10-21,3,6,33,tablet,South,app,55+,1
2469,2023-08-20,2024-05-10,17,81,73,desktop,East,partner,35-44,0
2470,2022-06-14,2024-09-25,2,3,304,tablet,South,app,55+,1
2471,2022-05-04,2023-04-28,1,36,84,desktop,West,app,55+,1
2472,2023-03-18,2024-12-17,7,53,193,mobile,South,web,35-44,0
2473,2022-09-11,2024-05-01,8,15,146,desktop,East,partner,45-54,0
2474,2025-02-03,2025-07-11,60,24,353,mobile,East,app,18-24,0
2475,2024-08-23,2025-02-16,14,15,311,desktop,East,web,18-24,0
2476,2024-09-05,2025-07-03,15,43,144,mobile,West,web,35-44,1
2477,2023-01-18,2023-11-08,1,80,546,mobile,West,app,25-34,0
2478,2024-05-27,2025-07-06,9,8,503,tablet,South,web,45-54,0
2479,2022-10-18,2023-06-21,4,15,265,mobile,East,app,18-24,0
2480,2024-05-02,2024-05-09,9,8,208,tablet,West,app,25-34,0
2481,2024-02-24,2025-06-13,9,2,414,desktop,North,partner,35-44,0
2482,2023-02-17,2023-10-24,1,21,258,desktop,North,app,55+,1
2483,2022-11-29,2025-02-26,7,44,267,mobile,East,web,45-54,0
2484,2023-09-15,2025-08-09,4,34,421,mobile,East,app,18-24,1
2485,2022-03-11,2022-08-07,7,80,396,tablet,South,partner,35-44,1
2486,2022-11-11,2023-01-21,8,16,76,desktop,South,app,18-24,1
2487,2024-03-20,2025-03-03,25,5,64,desktop,East,app,55+,1
2488,2023-02-09,2025-05-13,22,4,107,mobile,East,app,45-54,1
2489,2024-01-13,2024-08-27,0,6,615,tablet,West,web,18-24,0
2490,2022-01-23,2025-03-31,0,1,171,desktop,North,partner,25-34,1
2491,2022-10-30,2023-02-02,7,0,271,tablet,North,app,35-44,1
2492,2022-11-03,2023-12-02,1,9,26,mobile,North,app,18-24,0
2493,2023-07-03,2025-08-13,11,13,283,tablet,East,app,55+,0
2494,2022-08-01,2024-05-18,9,66,170,tablet,South,web,18-24,0
2495,2025-02-11,2025-08-10,0,68,89,desktop,East,web,55+,1
2496,2024-10-05,2024-11-20,3,43,145,tablet,North,app,25-34,1
2497,2022-10-10,2024-01-22,3,15,226,desktop,East,web,55+,0
2498,2024-04-30,2025-08-08,13,26,236,mobile,North,partner,25-34,1
2499,2025-02-06,2025-02-06,17,40,70,desktop,West,app,55+,1
2500,2024-04-22,2025-07-31,11,0,89,desktop,East,partner,35-44,0
2501,2023-09-28,2024-01-12,6,92,241,mobile,North,partner,55+,1
2502,2024-12-13,2025-03-16,11,2,439,mobile,West,web,25-34,0
2503,2022-03-03,2022-12-15,14,49,492,tablet,East,partner,45-54,0
2504,2023-01-27,2024-04-14,14,37,227,mobile,South,partner,25-34,0
2505,2024-09-03,2025-06-03,13,6,42,mobile,East,partner,55+,0
2506,2023-12-23,2024-09-14,3,45,126,tablet,South,web,35-44,1
2507,2024-12-02,2025-01-14,3,11,74,mobile,East,partner,25-34,0
2508,2023-10-18,2025-01-29,13,21,347,tablet,West,partner,55+,0
2509,2024-09-19,2025-03-05,4,28,260,mobile,East,web,35-44,1
2510,2022-12-30,2023-12-11,23,16,602,desktop,South,app,45-54,0
2511,2023-08-23,2024-11-07,5,8,494,tablet,North,web,18-24,0
2512,2023-02-15,2023-09-29,5,38,181,desktop,East,partner,18-24,1
2513,2024-09-29,2024-10-19,23,12,21,tablet,South,app,45-54,0
2514,2022-08-05,2024-08-22,7,120,554,desktop,North,partner,25-34,1
2515,2022-01-18,2023-07-22,36,19,291,tablet,West,partner,45-54,1
2516,2023-08-04,2025-02-08,54,7,181,tablet,East,partner,55+,1
2517,2022-04-13,2023-09-13,14,7,49,tablet,West,web,25-34,1
2518,2022-03-01,2022-06-09,41,66,69,mobile,North,app,45-54,1
2519,2024-07-03,2025-03-20,7,9,233,mobile,North,app,25-34,1
2520,2025-02-19,2025-08-02,1,23,222,tablet,North,partner,55+,0
2521,2024-04-21,2024-05-06,4,22,213,mobile,East,partner,45-54,1
2522,2024-09-13,2024-12-10,18,9,698,mobile,West,app,45-54,1
2523,2023-06-09,2024-05-09,0,3,269,desktop,West,partner,35-44,1
2524,2022-08-09,2023-03-23,0,61,42,mobile,South,partner,25-34,1
2525,2023-01-20,2025-06-05,12,115,119,tablet,East,web,35-44,1
2526,2023-01-22,2024-02-21,0,22,301,mobile,East,partner,35-44,1
2527,2022-07-02,2023-01-07,3,9,144,mobile,East,app,25-34,1
2528,2025-04-12,2025-04-29,6,6,238,desktop,North,app,45-54,0
2529,2023-07-20,2024-10-10,5,8,260,desktop,East,app,25-34,1
2530,2023-11-04,2024-09-21,0,21,482,desktop,East,partner,55+,0
2531,2023-12-30,2024-02-17,1,29,120,tablet,West,app,18-24,1
2532,2022-05-15,2024-06-03,13,4,321,desktop,North,app,25-34,1
2533,2024-04-25,2024-06-08,1,9,29,desktop,South,partner,25-34,0
2534,2023-11-10,2024-08-16,8,28,119,tablet,East,web,25-34,1
2535,2024-06-09,2025-06-27,28,5,167,mobile,South,app,25-34,0
2536,2022-11-26,2025-01-11,2,15,156,tablet,East,web,18-24,0
2537,2024-11-11,2025-01-24,7,73,200,tablet,West,app,55+,0
2538,2022-07-19,2025-04-21,12,6,91,tablet,West,partner,18-24,0
2539,2024-06-15,2025-08-12,4,17,194,desktop,West,app,18-24,0
2540,2024-11-18,2025-02-22,32,12,45,tablet,North,web,45-54,1
2541,2023-01-18,2023-10-22,7,29,94,mobile,East,app,35-44,0
2542,2022-11-12,2024-08-24,1,4,68,tablet,East,web,25-34,1
2543,2022-12-13,2023-10-21,0,41,275,mobile,North,partner,55+,0
2544,2022-01-24,2023-05-15,6,80,180,mobile,East,app,25-34,1
2545,2025-01-15,2025-05-20,37,51,112,desktop,North,web,25-34,1
2546,2024-12-24,2025-02-05,44,25,331,desktop,East,partner,35-44,1
2547,2022-08-18,2025-08-03,0,4,66,tablet,East,app,25-34,0
2548,2023-10-02,2024-06-04,9,14,194,desktop,South,partner,55+,0
2549,2025-02-11,2025-02-19,3,55,27,desktop,East,web,18-24,0
2550,2023-03-22,2024-04-02,12,24,307,desktop,West,partner,55+,1
2551,2024-04-03,2025-04-19,20,3,154,desktop,East,web,18-24,1
2552,2022-02-18,2022-12-18,10,19,67,mobile,South,partner,35-44,0
2553,2023-02-07,2025-02-22,2,1,57,mobile,North,web,45-54,0
2554,2023-09-10,2024-09-08,1,4,43,tablet,South,app,25-34,1
2555,2023-10-11,2024-10-10,25,4,623,tablet,East,web,18-24,1
2556,2024-09-19,2025-08-13,3,51,87,mobile,South,partner,25-34,0
2557,2024-12-25,2025-02-26,19,2,223,mobile,North,partner,55+,0
2558,2023-11-13,2024-04-12,0,1,223,desktop,East,web,55+,0
2559,2024-06-05,2025-04-08,11,3,145,desktop,East,app,55+,1
2560,2023-07-23,2024-09-21,21,2,692,mobile,West,partner,55+,0
2561,2022-10-27,2023-02-08,14,100,59,tablet,North,app,55+,0
2562,2023-05-26,2025-03-10,6,1,312,desktop,North,app,25-34,0
2563,2022-12-16,2025-07-02,2,17,17,tablet,West,partner,18-24,1
2564,2023-01-11,2025-05-19,13,15,323,tablet,South,partner,18-24,0
2565,2022-02-15,2023-12-11,5,37,250,mobile,South,partner,55+,0
2566,2023-02-09,2024-02-29,33,59,333,mobile,West,web,25-34,0
2567,2022-06-20,2024-11-11,2,25,185,mobile,North,partner,45-54,1
2568,2022-03-03,2023-12-04,2,33,165,tablet,South,web,45-54,1
2569,2024-11-18,2025-01-24,1,120,642,desktop,North,web,45-54,0
2570,2022-03-31,2022-05-26,4,14,351,mobile,South,web,45-54,1
2571,2024-08-10,2024-11-22,10,9,153,mobile,West,web,18-24,0
2572,2022-05-25,2024-07-25,0,17,453,tablet,West,web,45-54,1
2573,2023-12-23,2025-08-05,15,43,38,tablet,West,partner,18-24,1
2574,2022-07-31,2023-05-31,7,15,64,tablet,West,partner,35-44,0
2575,2023-08-15,2024-11-15,18,49,80,desktop,North,app,35-44,0
2576,2022-03-20,2022-10-24,2,33,246,tablet,South,app,45-54,0
2577,2023-06-11,2023-10-18,15,83,304,mobile,North,web,35-44,1
2578,2022-01-24,2022-07-08,0,12,88,tablet,North,partner,45-54,0
2579,2023-08-25,2024-12-27,4,39,91,tablet,West,app,35-44,0
2580,2023-09-05,2024-11-15,11,13,103,desktop,South,web,18-24,0
2581,2024-03-10,2025-01-15,22,24,125,mobile,West,partner,18-24,0
2582,2023-06-09,2023-11-16,10,42,19,tablet,South,web,18-24,0
2583,2023-08-01,2024-07-07,16,5,363,tablet,South,web,25-34,1
2584,2022-04-10,2024-05-21,9,31,116,desktop,West,partner,18-24,0
2585,2022-01-31,2025-03-05,2,3,514,tablet,East,partner,55+,0
2586,2024-01-08,2024-08-10,1,6,284,mobile,West,app,25-34,0
2587,2023-11-08,2023-12-05,0,9,146,desktop,South,partner,18-24,0
2588,2022-11-22,2024-06-07,3,8,121,tablet,West,partner,18-24,1
2589,2023-02-18,2023-09-04,5,127,219,tablet,West,app,35-44,1
2590,2023-06-30,2024-01-28,8,9,189,mobile,North,partner,55+,1
2591,2022-06-04,2023-08-09,10,75,395,tablet,South,app,45-54,1
2592,2022-12-11,2023-07-27,10,0,660,mobile,West,web,45-54,1
2593,2024-04-25,2025-04-30,10,14,446,mobile,South,app,55+,1
2594,2022-11-09,2022-12-08,5,14,68,tablet,South,app,45-54,0
2595,2024-09-13,2025-04-24,0,20,261,desktop,West,app,18-24,0
2596,2025-03-28,2025-07-16,6,32,362,desktop,West,web,45-54,1
2597,2022-08-05,2024-10-25,7,26,137,desktop,West,app,45-54,1
2598,2024-10-08,2025-02-20,16,98,220,mobile,South,app,35-44,1
2599,2023-07-24,2024-06-16,18,37,374,tablet,East,web,25-34,1
2600,2022-01-29,2025-04-15,7,18,308,mobile,North,web,35-44,1
2601,2023-07-23,2024-02-05,6,8,413,mobile,North,partner,25-34,0
2602,2024-05-26,2025-01-27,0,0,184,mobile,East,partner,35-44,1
2603,2025-04-08,2025-07-25,6,9,212,mobile,East,web,45-54,0
2604,2022-10-25,2025-04-14,31,45,171,tablet,South,partner,18-24,1
2605,2023-08-16,2025-07-20,4,29,190,mobile,North,partner,55+,0
2606,2025-01-06,2025-03-09,14,13,225,mobile,West,app,55+,0
2607,2025-03-04,2025-04-13,10,63,95,tablet,South,partner,55+,0
2608,2023-12-17,2024-03-11,2,29,128,mobile,West,web,18-24,1
2609,2023-08-07,2023-12-22,25,54,269,tablet,South,web,55+,0
2610,2025-03-11,2025-06-26,12,139,10,desktop,North,app,45-54,1
2611,2022-05-06,2024-11-01,20,13,407,tablet,North,partner,35-44,0
2612,2022-04-22,2023-07-21,0,18,356,mobile,West,app,45-54,0
2613,2022-10-22,2022-12-11,3,84,278,mobile,South,web,45-54,0
2614,2024-11-30,2024-12-14,12,7,199,mobile,North,app,35-44,1
2615,2024-05-28,2025-03-22,0,42,448,tablet,North,web,25-34,0
2616,2025-03-11,2025-04-24,0,24,636,mobile,North,partner,18-24,1
2617,2022-03-23,2022-07-31,3,1,14,mobile,South,app,18-24,0
2618,2023-05-24,2024-11-10,16,15,221,tablet,North,web,35-44,0
2619,2023-08-01,2023-09-25,10,23,249,desktop,North,partner,45-54,0
2620,2023-08-17,2023-12-21,20,51,240,mobile,East,app,18-24,1
2621,2024-02-27,2024-12-31,9,10,371,desktop,North,web,45-54,0
2622,2024-12-03,2025-01-01,8,18,85,mobile,South,partner,55+,0
2623,2022-04-03,2024-06-18,4,9,242,mobile,South,web,35-44,1
2624,2023-10-05,2023-10-11,15,2,451,mobile,South,partner,25-34,0
2625,2023-05-11,2024-02-11,10,13,179,desktop,North,app,18-24,0
2626,2024-08-09,2024-09-21,4,46,20,desktop,East,web,35-44,0
2627,2024-02-17,2024-06-14,12,106,265,desktop,East,partner,25-34,1
2628,2024-03-09,2024-05-11,0,58,542,tablet,West,partner,55+,1
2629,2025-04-01,2025-08-14,0,3,148,desktop,South,web,35-44,0
2630,2023-03-16,2025-06-12,7,58,238,mobile,South,partner,55+,0
2631,2024-04-10,2024-12-02,18,59,236,desktop,North,app,18-24,0
2632,2022-11-15,2023-02-16,11,10,91,desktop,West,partner,18-24,1
2633,2023-09-15,2023-11-07,20,0,248,tablet,South,app,55+,1
2634,2024-09-01,2025-01-10,9,42,140,tablet,East,app,25-34,0
2635,2024-07-27,2024-10-03,5,82,89,mobile,South,app,55+,1
2636,2025-01-03,2025-03-04,7,6,132,desktop,North,partner,35-44,1
2637,2023-03-17,2025-02-15,14,27,179,desktop,North,partner,18-24,0
2638,2023-02-14,2025-04-23,34,12,277,tablet,West,app,35-44,0
2639,2023-12-18,2024-06-11,8,28,180,tablet,West,web,25-34,1
2640,2023-03-17,2023-04-18,0,24,43,desktop,South,app,35-44,1
2641,2024-06-21,2024-11-12,2,8,314,tablet,North,app,18-24,1
2642,2024-10-28,2025-07-16,28,55,546,mobile,East,web,18-24,0
2643,2022-08-22,2024-09-12,29,1,152,tablet,South,app,45-54,0
2644,2024-04-04,2025-06-11,4,9,357,desktop,South,partner,55+,1
2645,2023-05-25,2023-12-25,10,67,205,tablet,West,partner,45-54,0
2646,2024-05-09,2024-12-05,2,21,322,tablet,South,app,45-54,0
2647,2023-09-28,2023-12-09,3,66,253,mobile,East,partner,35-44,0
2648,2023-02-06,2024-05-30,4,36,69,tablet,North,partner,55+,1
2649,2024-11-15,2025-07-11,3,13,275,mobile,North,app,35-44,0
2650,2022-09-19,2025-03-25,9,66,111,desktop,South,app,45-54,0
2651,2023-09-03,2023-09-06,36,56,121,mobile,North,app,35-44,1
2652,2022-11-11,2024-05-21,5,33,297,desktop,South,web,35-44,0
2653,2023-11-19,2025-06-18,15,20,264,tablet,West,web,35-44,0
2654,2024-04-26,2024-09-21,11,6,309,tablet,West,app,55+,0
2655,2022-09-30,2024-11-09,2,6,23,desktop,East,partner,18-24,1
2656,2024-02-20,2025-07-07,2,18,303,mobile,North,web,35-44,0
2657,2025-02-04,2025-04-16,7,0,97,desktop,North,web,25-34,1
2658,2023-05-17,2025-04-29,13,19,126,tablet,South,partner,35-44,1
2659,2023-03-29,2024-12-27,15,58,96,tablet,North,partner,18-24,1
2660,2023-12-07,2024-05-28,0,31,193,mobile,South,partner,35-44,1
2661,2023-08-11,2024-09-05,0,53,141,mobile,South,app,45-54,1
2662,2024-11-27,2025-02-02,4,23,197,tablet,South,web,18-24,1
2663,2023-10-05,2024-05-01,4,11,304,mobile,West,web,18-24,1
2664,2024-05-22,2024-10-30,9,4,893,tablet,North,web,45-54,0
2665,2024-02-07,2025-05-07,8,74,142,tablet,South,app,25-34,0
2666,2025-01-25,2025-07-13,21,23,226,desktop,East,partner,55+,0
2667,2025-02-08,2025-05-09,9,5,484,mobile,West,partner,55+,0
2668,2024-06-29,2024-11-10,0,13,51,desktop,East,app,45-54,0
2669,2022-06-26,2023-03-04,3,154,325,desktop,North,web,55+,0
2670,2023-02-14,2024-11-12,1,20,121,tablet,North,app,55+,0
2671,2025-03-18,2025-03-28,9,6,73,desktop,East,partner,18-24,0
2672,2022-03-15,2023-05-11,60,30,263,mobile,West,app,55+,0
2673,2023-11-05,2024-10-02,5,95,410,tablet,West,app,45-54,0
2674,2025-02-17,2025-03-19,8,44,318,mobile,West,app,35-44,0
2675,2022-01-18,2022-05-01,0,44,799,desktop,South,partner,18-24,0
2676,2022-10-16,2023-12-19,1,55,356,tablet,North,web,25-34,1
2677,2024-08-27,2025-07-01,2,21,151,tablet,East,web,55+,1
2678,2022-02-11,2022-12-07,1,1,518,desktop,East,app,45-54,0
2679,2024-10-30,2025-01-14,4,92,151,mobile,South,web,55+,0
2680,2022-12-30,2024-06-02,0,1,313,mobile,East,app,55+,0
2681,2022-03-08,2023-03-25,23,5,105,tablet,South,web,55+,1
2682,2022-04-12,2023-01-22,3,33,160,desktop,North,web,18-24,0
2683,2023-11-18,2025-01-21,4,1,140,tablet,North,partner,18-24,0
2684,2022-11-05,2023-02-02,30,12,424,tablet,West,web,55+,0
2685,2022-02-18,2023-08-07,7,95,301,desktop,North,app,18-24,0
2686,2024-08-26,2025-06-09,7,24,53,desktop,North,web,35-44,0
2687,2023-06-28,2024-04-27,12,25,108,mobile,South,partner,18-24,0
2688,2024-01-10,2024-06-18,21,8,365,tablet,North,app,25-34,0
2689,2023-12-02,2025-07-30,7,44,177,tablet,East,partner,45-54,0
2690,2022-08-11,2022-11-13,1,20,211,mobile,West,app,25-34,0
2691,2023-11-15,2025-06-11,5,43,135,desktop,South,web,35-44,0
2692,2025-02-13,2025-07-02,7,33,79,tablet,South,partner,55+,1
2693,2023-08-27,2024-09-01,2,14,28,desktop,East,app,25-34,0
2694,2022-11-29,2025-02-14,9,29,333,tablet,South,app,18-24,1
2695,2025-02-14,2025-07-29,11,135,501,desktop,South,web,55+,0
2696,2023-09-10,2024-02-01,2,73,319,tablet,North,app,55+,0
2697,2022-03-29,2024-10-24,7,15,208,tablet,West,web,55+,0
2698,2024-04-16,2024-06-06,17,41,199,mobile,North,partner,45-54,0
2699,2023-11-22,2024-05-18,23,38,210,mobile,East,app,35-44,1
2700,2024-08-16,2025-03-09,4,32,245,desktop,East,web,45-54,1
2701,2024-12-04,2025-06-10,13,22,278,desktop,West,web,35-44,0
2702,2024-01-11,2024-03-01,11,38,368,desktop,East,web,35-44,0
2703,2022-10-04,2024-10-19,18,19,283,desktop,North,app,25-34,0
2704,2022-01-20,2025-05-09,24,31,22,desktop,West,app,35-44,1
2705,2023-02-25,2025-04-08,1,22,148,desktop,West,partner,45-54,1
2706,2024-11-26,2025-05-05,1,9,322,desktop,East,web,35-44,0
2707,2022-12-21,2024-06-01,60,79,292,mobile,North,web,25-34,0
2708,2024-01-13,2024-03-14,0,32,104,desktop,East,web,45-54,1
2709,2024-06-27,2025-01-16,3,88,65,desktop,South,partner,45-54,1
2710,2023-07-03,2025-02-26,16,32,667,mobile,South,app,18-24,0
2711,2023-11-06,2023-11-15,22,25,368,desktop,East,web,25-34,0
2712,2023-01-20,2023-06-27,5,11,143,tablet,East,app,25-34,0
2713,2023-04-06,2024-03-14,2,0,167,tablet,West,web,18-24,1
2714,2024-09-04,2024-12-19,3,15,412,tablet,North,partner,25-34,0
2715,2022-02-08,2024-12-19,4,87,314,mobile,North,app,45-54,0
2716,2023-04-28,2023-05-08,10,38,312,tablet,South,partner,55+,0
2717,2022-08-16,2023-02-20,9,120,335,tablet,North,web,25-34,1
2718,2024-04-12,2024-11-03,9,7,260,mobile,South,web,18-24,0
2719,2025-02-15,2025-02-20,1,29,370,mobile,North,web,25-34,0
2720,2024-03-29,2024-06-04,0,167,100,mobile,North,web,35-44,0
2721,2023-04-07,2025-06-14,1,16,163,mobile,North,web,25-34,1
2722,2022-01-10,2022-03-21,4,33,130,mobile,West,partner,35-44,1
2723,2023-03-03,2024-07-20,24,65,273,mobile,North,partner,35-44,0
2724,2022-02-08,2023-01-05,2,60,165,desktop,North,web,18-24,0
2725,2023-04-26,2025-05-10,1,28,291,tablet,South,partner,25-34,0
2726,2022-09-14,2024-05-02,13,8,56,desktop,East,partner,25-34,0
2727,2024-05-13,2024-12-10,1,34,204,tablet,North,web,25-34,1
2728,2024-06-07,2024-11-27,15,26,69,tablet,North,partner,45-54,0
2729,2022-11-19,2023-04-30,2,4,496,tablet,East,web,55+,0
2730,2022-08-17,2024-01-31,1,44,143,tablet,North,web,35-44,1
2731,2023-04-01,2024-03-30,8,9,142,mobile,West,partner,35-44,0
2732,2024-01-29,2024-03-02,16,83,139,tablet,West,web,25-34,0
2733,2025-02-28,2025-05-27,3,76,134,tablet,East,partner,25-34,0
2734,2023-03-07,2024-08-13,6,55,683,tablet,West,partner,55+,0
2735,2024-09-30,2024-10-18,13,1,167,desktop,West,web,25-34,0
2736,2022-09-03,2025-02-15,0,25,125,tablet,West,app,25-34,0
2737,2025-03-05,2025-04-25,0,23,127,desktop,West,web,25-34,0
2738,2023-01-17,2024-07-10,17,40,336,desktop,South,partner,45-54,1
2739,2024-09-08,2024-11-07,3,16,196,mobile,South,web,55+,1
2740,2023-11-30,2024-07-19,4,26,301,mobile,North,app,45-54,1
2741,2022-05-19,2024-05-02,20,15,176,mobile,West,partner,18-24,0
2742,2024-03-20,2025-04-11,17,65,216,desktop,North,web,55+,0
2743,2024-08-16,2024-12-30,14,5,373,mobile,West,app,25-34,0
2744,2025-04-08,2025-07-27,13,43,158,tablet,South,web,55+,0
2745,2023-04-22,2023-10-08,6,20,22,tablet,South,web,18-24,0
2746,2022-05-16,2024-02-14,15,36,282,desktop,East,app,35-44,0
2747,2022-05-05,2023-01-06,44,20,21,tablet,West,web,35-44,0
2748,2025-03-11,2025-07-01,8,143,389,mobile,North,partner,35-44,0
2749,2022-03-14,2023-01-27,0,17,258,tablet,North,app,45-54,0
2750,2023-06-10,2024-07-07,11,56,136,tablet,North,web,55+,1
2751,2022-03-18,2022-12-28,4,64,154,tablet,North,partner,55+,0
2752,2023-12-31,2025-07-21,3,53,402,desktop,South,web,25-34,0
2753,2024-03-20,2025-01-01,10,37,203,mobile,West,web,35-44,0
2754,2022-05-22,2022-06-09,15,3,207,tablet,South,app,45-54,1
2755,2023-08-23,2025-06-29,15,6,88,tablet,North,web,45-54,0
2756,2023-12-21,2024-11-21,9,3,650,mobile,North,web,25-34,1
2757,2025-03-27,2025-08-14,45,41,289,mobile,North,app,55+,0
2758,2024-11-23,2025-08-08,19,55,133,tablet,East,partner,25-34,0
2759,2022-08-29,2025-08-04,11,17,126,mobile,North,web,25-34,0
2760,2023-02-18,2023-07-26,17,86,285,desktop,North,web,55+,1
2761,2022-05-31,2022-09-25,2,39,225,desktop,East,web,55+,1
2762,2023-05-23,2024-09-04,5,3,249,mobile,North,web,55+,0
2763,2022-07-13,2023-05-08,0,1,63,tablet,North,app,18-24,1
2764,2022-02-06,2022-10-11,2,4,435,mobile,East,app,18-24,0
2765,2023-03-07,2025-02-07,7,23,161,tablet,West,app,45-54,1
2766,2023-10-05,2025-07-16,4,2,614,desktop,West,web,55+,0
2767,2022-12-23,2023-11-22,12,5,443,desktop,North,app,25-34,1
2768,2022-09-22,2025-08-06,6,17,297,mobile,West,partner,55+,0
2769,2025-01-25,2025-04-19,1,18,322,desktop,West,partner,18-24,1
2770,2022-12-19,2024-02-20,17,53,277,desktop,North,partner,25-34,1
2771,2022-12-06,2023-01-17,12,21,75,mobile,South,web,55+,0
2772,2024-06-25,2025-01-14,2,78,501,mobile,South,app,35-44,0
2773,2024-03-25,2024-07-16,28,105,670,tablet,North,web,18-24,0
2774,2022-10-18,2023-09-09,15,37,428,mobile,East,partner,18-24,0
2775,2022-08-26,2024-05-23,6,66,156,tablet,West,web,18-24,0
2776,2022-10-13,2025-03-23,13,64,668,mobile,East,app,25-34,1
2777,2023-08-12,2025-06-01,15,13,147,mobile,North,web,55+,0
2778,2023-01-08,2024-05-21,0,4,48,desktop,West,web,55+,1
2779,2022-01-27,2025-07-16,5,4,92,desktop,South,app,25-34,0
2780,2023-09-14,2025-05-30,5,75,66,desktop,West,app,45-54,0
2781,2022-01-13,2024-11-27,15,32,402,tablet,North,web,18-24,0
2782,2023-04-09,2024-05-05,0,62,270,tablet,East,web,45-54,1
2783,2022-11-07,2025-03-20,0,31,645,desktop,West,partner,45-54,1
2784,2022-07-13,2024-04-11,7,19,65,desktop,South,web,55+,0
2785,2022-06-05,2022-06-19,0,2,208,desktop,South,web,45-54,0
2786,2024-08-02,2024-10-03,0,6,169,tablet,East,app,45-54,1
2787,2023-10-30,2024-06-08,0,3,268,tablet,South,partner,35-44,1
2788,2025-01-21,2025-05-31,18,6,121,desktop,South,partner,55+,0
2789,2022-11-28,2024-09-18,21,7,72,desktop,South,app,35-44,0
2790,2025-03-24,2025-06-06,60,38,458,desktop,East,partner,18-24,1
2791,2024-06-16,2025-08-13,28,5,38,tablet,South,web,55+,0
2792,2024-04-08,2024-07-03,10,14,138,desktop,North,web,25-34,0
2793,2023-12-13,2024-04-06,3,46,425,desktop,South,app,35-44,1
2794,2022-05-04,2024-01-10,3,107,31,mobile,East,web,55+,0
2795,2024-03-06,2024-11-18,5,17,299,mobile,South,partner,35-44,1
2796,2023-09-25,2023-12-13,9,8,367,mobile,North,app,45-54,1
2797,2023-06-01,2025-06-16,13,0,262,desktop,North,partner,35-44,0
2798,2022-01-25,2024-03-13,20,119,105,desktop,West,app,25-34,0
2799,2023-06-14,2024-02-03,1,10,45,desktop,South,web,35-44,0
2800,2023-09-08,2024-04-22,15,11,148,desktop,East,app,18-24,1
2801,2022-04-26,2022-05-04,9,15,294,desktop,South,web,45-54,1
2802,2024-05-05,2024-11-05,16,41,390,mobile,West,partner,55+,0
2803,2022-09-10,2024-10-01,1,11,434,tablet,West,partner,45-54,0
2804,2025-04-04,2025-07-06,24,6,66,mobile,North,partner,35-44,0
2805,2024-10-06,2025-08-14,2,10,325,tablet,South,partner,18-24,0
2806,2022-01-08,2025-07-02,1,120,172,desktop,South,app,45-54,0
2807,2023-12-31,2024-03-23,9,1,98,desktop,South,web,35-44,0
2808,2022-08-15,2024-03-04,0,24,304,desktop,East,partner,35-44,1
2809,2022-07-20,2024-09-30,6,30,299,mobile,South,web,35-44,0
2810,2024-08-05,2025-05-06,10,1,359,tablet,East,web,25-34,0
2811,2022-10-22,2023-02-19,6,7,756,tablet,South,web,45-54,1
2812,2023-06-05,2025-02-07,1,11,364,desktop,South,web,18-24,0
2813,2024-01-21,2024-12-09,7,21,74,desktop,South,app,55+,1
2814,2022-11-25,2023-05-05,1,49,224,tablet,South,web,35-44,0
2815,2022-10-21,2025-06-27,0,37,63,mobile,North,partner,45-54,0
2816,2023-11-22,2024-01-10,8,14,100,mobile,South,app,25-34,0
2817,2022-11-19,2024-12-19,1,5,214,tablet,East,web,35-44,0
2818,2023-08-10,2024-07-26,18,4,928,tablet,West,partner,55+,1
2819,2022-10-30,2024-11-29,0,28,593,mobile,North,app,18-24,1
2820,2022-06-27,2024-12-01,10,38,221,mobile,West,web,25-34,1
2821,2022-07-25,2025-05-18,5,0,204,tablet,South,app,18-24,0
2822,2022-06-11,2025-05-06,0,107,464,mobile,East,web,55+,0
2823,2024-03-25,2025-05-21,7,57,63,tablet,West,app,35-44,0
2824,2023-03-10,2024-07-03,9,16,206,mobile,East,app,18-24,0
2825,2022-12-21,2024-08-18,8,22,305,tablet,North,partner,55+,0
2826,2022-05-31,2024-01-20,12,57,70,tablet,South,partner,18-24,1
2827,2023-12-09,2024-07-08,26,3,575,tablet,East,web,25-34,1
2828,2024-09-04,2024-09-19,15,36,358,mobile,East,app,45-54,1
2829,2024-07-02,2025-05-10,16,61,380,mobile,North,partner,18-24,1
2830,2023-12-24,2024-01-02,11,43,279,desktop,West,app,35-44,0
2831,2023-04-24,2025-01-08,13,22,305,desktop,West,app,45-54,0
2832,2022-10-14,2023-10-13,8,15,28,tablet,West,web,35-44,0
2833,2024-12-23,2025-04-27,7,18,79,desktop,North,app,35-44,0
2834,2025-03-31,2025-04-07,10,5,53,tablet,South,web,18-24,1
2835,2022-09-12,2023-11-06,11,9,120,mobile,East,web,35-44,1
2836,2025-03-29,2025-05-28,15,2,81,desktop,North,partner,35-44,0
2837,2024-10-12,2024-10-24,4,48,350,tablet,South,app,25-34,0
2838,2023-03-11,2023-04-18,1,16,199,desktop,East,partner,45-54,0
2839,2022-07-20,2025-04-28,2,55,109,tablet,South,partner,55+,0
2840,2024-07-18,2025-04-16,6,30,148,desktop,North,web,55+,0
2841,2022-09-02,2023-07-05,1,16,113,tablet,North,app,45-54,0
2842,2023-02-07,2024-07-01,0,184,126,mobile,South,web,18-24,1
2843,2022-05-06,2024-06-03,0,40,190,mobile,East,partner,25-34,1
2844,2024-10-06,2025-02-09,14,54,58,mobile,West,web,45-54,1
2845,2025-03-26,2025-07-25,9,1,213,mobile,West,partner,18-24,0
2846,2022-10-24,2023-03-24,0,20,37,desktop,East,partner,25-34,0
2847,2025-04-10,2025-05-27,9,17,170,tablet,South,partner,45-54,1
2848,2022-07-06,2024-12-24,15,0,155,mobile,South,web,35-44,0
2849,2024-02-01,2025-01-30,5,40,50,desktop,West,partner,45-54,0
2850,2024-03-13,2025-03-23,4,36,82,mobile,South,partner,18-24,1
2851,2022-04-07,2022-08-02,18,1,97,desktop,North,partner,35-44,0
2852,2024-02-24,2024-07-25,8,34,231,tablet,East,app,35-44,0
2853,2022-02-04,2024-07-24,4,6,175,tablet,North,app,25-34,0
2854,2024-04-22,2024-07-31,21,25,76,tablet,West,app,35-44,1
2855,2023-12-01,2025-02-28,5,20,723,desktop,West,app,55+,0
2856,2023-11-27,2024-02-09,1,22,390,tablet,West,web,35-44,0
2857,2023-02-10,2023-05-11,10,2,289,mobile,North,partner,25-34,0
2858,2022-07-13,2025-02-25,1,4,383,desktop,North,app,45-54,1
2859,2024-01-20,2024-11-14,9,8,305,tablet,North,app,25-34,1
2860,2024-06-09,2024-12-30,9,8,152,tablet,West,app,18-24,0
2861,2023-04-25,2024-11-29,12,5,366,mobile,South,partner,35-44,0
2862,2023-05-26,2024-06-20,5,29,213,tablet,South,web,25-34,0
2863,2023-06-07,2023-12-17,6,8,252,desktop,South,app,55+,0
2864,2025-03-12,2025-05-14,1,61,204,desktop,East,partner,25-34,0
2865,2024-02-06,2024-09-25,2,176,231,desktop,North,app,45-54,0
2866,2024-05-17,2025-07-18,6,25,117,tablet,East,app,35-44,0
2867,2022-08-13,2025-05-31,14,34,184,tablet,North,web,45-54,1
2868,2024-08-05,2024-11-05,11,12,56,tablet,North,app,25-34,1
2869,2024-09-26,2025-06-30,14,21,481,desktop,West,partner,45-54,0
2870,2023-06-10,2025-03-04,3,2,160,desktop,North,web,45-54,0
2871,2023-01-01,2024-02-02,1,75,379,tablet,South,partner,35-44,1
2872,2022-01-31,2025-04-11,7,22,54,mobile,East,app,45-54,0
2873,2024-10-15,2025-05-15,23,45,230,tablet,East,app,35-44,0
2874,2022-05-27,2025-04-30,19,39,43,mobile,North,app,55+,0
2875,2022-07-25,2023-08-15,0,0,370,mobile,West,web,35-44,1
2876,2024-11-23,2025-05-23,3,99,241,mobile,West,web,55+,0
2877,2023-09-03,2024-05-17,0,16,195,desktop,East,partner,55+,1
2878,2022-09-11,2025-01-09,1,216,107,mobile,North,web,18-24,0
2879,2024-06-25,2024-08-26,2,18,372,desktop,East,app,25-34,1
2880,2022-09-29,2023-07-17,2,6,122,mobile,West,web,35-44,0
2881,2023-03-28,2025-03-10,38,51,230,desktop,North,app,25-34,1
2882,2023-09-15,2024-11-04,51,45,76,desktop,South,web,35-44,0
2883,2022-09-18,2025-08-08,27,10,117,mobile,South,web,18-24,0
2884,2022-04-10,2022-12-30,8,9,109,mobile,East,web,18-24,0
2885,2024-05-12,2025-02-28,17,63,3,tablet,East,app,35-44,1
2886,2022-07-23,2023-10-12,25,33,305,mobile,East,partner,18-24,0
2887,2024-02-11,2024-09-17,2,21,329,tablet,East,app,55+,0
2888,2023-09-15,2024-12-01,0,13,557,desktop,South,app,35-44,0
2889,2022-12-21,2023-09-20,0,12,92,mobile,South,partner,45-54,1
2890,2022-10-21,2025-06-26,2,36,66,tablet,West,app,35-44,0
2891,2024-12-10,2025-04-12,2,35,295,tablet,South,app,25-34,0
2892,2023-05-02,2024-06-08,20,4,317,mobile,West,app,45-54,0
2893,2022-10-07,2024-03-18,14,16,243,tablet,East,app,25-34,0
2894,2022-04-07,2023-10-29,7,44,317,tablet,West,web,18-24,0
2895,2022-09-26,2023-06-14,17,0,416,desktop,East,app,18-24,1
2896,2022-08-17,2024-06-20,6,24,200,mobile,North,app,45-54,1
2897,2023-11-03,2024-12-06,3,37,251,desktop,North,partner,35-44,1
2898,2025-03-11,2025-03-29,8,20,493,mobile,East,app,18-24,0
2899,2024-07-14,2024-07-30,1,84,316,mobile,West,partner,25-34,1
2900,2023-01-12,2023-04-22,1,66,136,desktop,West,app,45-54,1
2901,2023-05-29,2024-07-28,1,19,92,tablet,West,partner,45-54,0
2902,2022-02-21,2023-04-15,34,30,599,desktop,South,app,45-54,0
2903,2022-11-12,2023-07-09,2,89,424,mobile,North,app,35-44,0
2904,2024-08-01,2025-03-13,0,25,135,desktop,North,partner,35-44,1
2905,2023-12-14,2025-03-25,14,36,209,tablet,North,partner,25-34,1
2906,2022-06-21,2025-01-23,56,40,153,desktop,West,partner,18-24,1
2907,2023-08-04,2023-08-19,7,23,41,desktop,West,partner,18-24,0
2908,2023-09-02,2024-10-15,8,3,277,mobile,South,partner,25-34,1
2909,2022-04-10,2024-04-12,6,8,36,tablet,West,app,55+,0
2910,2022-04-13,2022-06-18,9,43,187,desktop,West,app,45-54,0
2911,2024-07-24,2025-03-30,9,59,171,desktop,South,partner,25-34,1
2912,2023-03-22,2024-04-03,2,13,437,mobile,North,app,55+,1
2913,2024-12-23,2025-02-23,3,21,221,tablet,East,app,55+,1
2914,2024-09-20,2025-05-19,2,18,107,tablet,South,app,45-54,0
2915,2023-04-18,2024-05-07,18,50,207,tablet,North,app,25-34,0
2916,2023-11-01,2024-12-27,1,20,153,mobile,East,web,55+,0
2917,2023-05-10,2024-08-28,2,37,116,mobile,South,partner,45-54,1
2918,2024-11-17,2025-06-30,25,26,344,desktop,West,app,45-54,0
2919,2024-05-29,2025-01-14,26,7,823,tablet,South,app,45-54,0
2920,2024-10-13,2025-06-15,7,7,12,desktop,East,app,25-34,1
2921,2023-08-15,2025-01-04,44,43,350,desktop,South,partner,18-24,1
2922,2022-11-09,2025-05-17,10,37,39,mobile,North,partner,55+,1
2923,2023-02-25,2023-03-02,3,2,66,tablet,East,web,45-54,0
2924,2024-02-07,2025-07-17,25,20,320,desktop,South,app,18-24,0
2925,2024-08-01,2024-09-21,5,2,45,tablet,West,partner,25-34,0
2926,2022-08-21,2024-09-23,6,57,37,mobile,East,partner,55+,0
2927,2024-10-05,2025-06-05,2,108,55,desktop,South,web,55+,1
2928,2022-08-17,2024-07-03,27,2,74,mobile,East,partner,35-44,1
2929,2024-11-01,2024-12-18,18,6,72,tablet,East,partner,25-34,0
2930,2022-07-17,2024-04-20,3,10,293,tablet,West,web,18-24,0
2931,2023-06-01,2025-04-12,16,4,69,tablet,North,partner,55+,1
2932,2025-02-21,2025-07-17,0,15,113,desktop,West,web,55+,0
2933,2024-04-22,2024-08-17,14,3,478,desktop,West,app,25-34,0
2934,2023-06-10,2025-02-23,4,13,313,desktop,South,web,55+,1
2935,2023-02-12,2023-04-02,6,12,114,mobile,West,partner,25-34,0
2936,2024-10-07,2025-04-05,0,12,151,desktop,South,app,25-34,0
2937,2022-12-15,2025-04-10,11,1,498,desktop,North,web,18-24,1
2938,2024-12-08,2025-02-15,8,25,143,desktop,East,app,55+,0
2939,2023-04-25,2024-03-21,7,1,145,tablet,South,app,35-44,0
2940,2023-01-08,2023-10-09,2,29,219,mobile,East,web,35-44,0
2941,2022-04-03,2025-08-01,3,39,66,desktop,South,app,18-24,0
2942,2022-12-18,2025-02-24,1,39,30,desktop,West,partner,18-24,0
2943,2024-02-18,2024-07-12,0,40,602,mobile,North,app,35-44,0
2944,2022-03-06,2022-04-02,12,19,88,mobile,East,web,18-24,1
2945,2022-03-28,2023-09-01,1,40,323,mobile,West,app,18-24,0
2946,2023-02-08,2024-05-03,18,18,104,mobile,East,web,45-54,0
2947,2024-04-05,2025-05-13,21,11,133,tablet,East,partner,55+,0
2948,2023-03-27,2024-10-18,3,8,244,tablet,West,app,35-44,1
2949,2022-10-14,2024-04-29,7,23,431,desktop,East,app,35-44,1
2950,2022-10-02,2025-04-29,6,5,262,desktop,West,web,18-24,0
2951,2023-08-07,2024-03-25,17,24,228,desktop,South,partner,45-54,0
2952,2023-12-02,2024-06-04,10,6,199,mobile,East,web,55+,0
2953,2022-07-09,2024-05-08,8,3,273,tablet,South,web,55+,0
2954,2022-07-19,2024-11-19,11,50,152,desktop,South,web,25-34,0
2955,2022-12-03,2024-07-06,1,5,433,desktop,South,partner,35-44,0
2956,2022-09-17,2022-10-01,22,38,337,desktop,East,app,45-54,0
2957,2022-07-24,2022-08-11,0,61,106,tablet,South,partner,45-54,0
2958,2023-08-23,2025-07-01,22,11,350,tablet,West,web,45-54,0
2959,2023-01-27,2025-03-05,19,17,49,tablet,South,partner,35-44,0
2960,2022-05-31,2023-09-23,8,17,232,tablet,West,partner,18-24,0
2961,2023-05-18,2024-10-14,2,16,413,mobile,West,partner,45-54,0
2962,2022-10-23,2025-06-29,5,45,130,tablet,East,app,35-44,0
2963,2022-04-20,2024-09-08,4,36,406,desktop,North,partner,25-34,1
2964,2023-03-29,2023-07-13,5,10,176,desktop,East,web,55+,0
2965,2022-07-02,2024-04-23,1,51,42,mobile,North,partner,18-24,1
2966,2023-03-10,2025-05-12,14,69,211,tablet,West,app,45-54,0
2967,2024-04-29,2024-11-21,2,52,107,mobile,East,web,55+,0
2968,2022-08-03,2025-01-06,8,12,253,tablet,North,app,18-24,0
2969,2024-08-27,2025-04-16,5,21,186,tablet,East,app,55+,0
2970,2024-07-12,2024-11-18,2,27,393,mobile,North,web,25-34,0
2971,2022-08-07,2024-01-02,3,32,101,desktop,South,web,18-24,1
2972,2022-12-20,2023-10-20,6,23,623,tablet,North,partner,25-34,0
2973,2023-03-31,2023-11-15,20,118,220,tablet,North,web,35-44,0
2974,2024-04-14,2025-04-23,10,34,259,mobile,West,web,18-24,0
2975,2022-01-15,2023-02-15,20,43,359,mobile,South,web,55+,1
2976,2024-03-13,2025-05-27,5,16,40,desktop,West,app,45-54,0
2977,2022-07-22,2025-07-24,9,35,132,tablet,North,partner,35-44,0
2978,2023-04-13,2024-03-02,9,88,1204,desktop,North,web,18-24,1
2979,2024-11-08,2025-01-29,2,6,296,mobile,West,web,45-54,1
2980,2023-06-18,2024-06-25,3,35,566,mobile,North,partner,55+,0
2981,2023-04-03,2025-01-01,8,24,105,desktop,North,web,25-34,0
2982,2023-01-04,2023-03-23,6,24,179,tablet,West,web,55+,1
2983,2024-12-20,2025-07-29,4,3,87,tablet,North,app,45-54,0
2984,2023-05-17,2024-10-07,8,1,115,mobile,West,web,45-54,1
2985,2022-01-05,2023-12-09,20,25,529,mobile,East,web,18-24,1
2986,2023-10-24,2024-06-22,8,43,179,desktop,South,partner,25-34,0
2987,2025-03-14,2025-06-08,17,5,28,mobile,East,web,35-44,0
2988,2023-10-01,2024-10-23,5,84,61,tablet,South,partner,18-24,1
2989,2024-06-14,2025-06-08,15,13,58,desktop,North,partner,35-44,1
2990,2022-06-21,2022-09-17,1,158,268,desktop,East,web,45-54,0
2991,2024-12-20,2025-02-01,7,24,78,tablet,East,partner,18-24,1
2992,2024-04-15,2024-06-06,27,7,189,tablet,East,web,25-34,1
2993,2022-10-22,2023-08-28,1,2,52,tablet,North,app,35-44,1
2994,2022-05-10,2022-09-09,4,31,246,desktop,North,app,55+,0
2995,2022-05-10,2022-07-26,42,49,107,desktop,North,app,55+,0
2996,2023-08-20,2023-09-02,10,35,97,tablet,North,partner,45-54,0
2997,2023-03-05,2023-03-17,3,18,90,tablet,North,partner,45-54,0
2998,2022-11-03,2025-06-08,20,19,105,mobile,South,web,45-54,0
2999,2024-12-27,2025-04-26,8,9,46,mobile,East,partner,18-24,0
3000,2023-03-24,2025-04-15,1,27,75,desktop,West,app,25-34,1
