monthly_spend,invoices,last_payment_date,sign_up_date,last_seen_at,sessions_30d,pages_viewed_30d,time_on_site_sec_30d,plan_basic,plan_premium,plan_standard,payment_status_delinquent,payment_status_on_time,device_type_desktop,device_type_mobile,device_type_tablet,region_East,region_North,region_South,region_West,channel_app,channel_partner,channel_web,age_band_18-24,age_band_25-34,age_band_35-44,age_band_45-54,age_band_55+,customer_id,churn
-0.8184484978784055,1.240499109125429,0.39133510489320067,-1.2291516610231359,-0.9416271877698578,-0.6756289121933012,2.726184433889136,-1.2365191921686665,True,False,False,False,True,True,False,False,False,False,True,False,True,False,False,True,False,False,False,False,1,0
-0.8011567885126515,-1.4404457028439166,1.0305668717141971,1.4173711929599333,1.1524318060156602,0.6306785378854628,-0.5237612457269243,-0.3778575407621753,True,False,False,False,True,False,True,False,False,True,False,False,True,False,False,False,False,False,False,True,2,0
-0.7170038029326493,-1.5269277935526053,0.9724548929122884,1.5430967442180366,0.7585397112153133,-0.7761141006608985,-0.23126613456147885,1.971858464775858,True,False,False,False,True,False,True,False,False,False,True,False,False,False,True,True,False,False,False,False,3,0
-0.5579200767677137,-0.48914270504834245,0.02716670440123904,0.47442955852416047,0.25210701790058143,-0.575143723725704,0.7762170261194999,-0.7839812948057859,True,False,False,False,True,True,False,False,False,False,False,True,False,False,True,False,True,False,False,False,4,1
-0.054731334224276076,-0.9215531585917853,0.5734193051391815,0.9301846818347841,-0.19001676197735903,-0.47465853525810675,-0.4587623321346031,-1.056664386806496,False,False,True,False,True,False,True,False,False,False,False,True,False,False,True,False,False,False,False,True,5,0
-0.6040313017430574,-0.48914270504834245,0.08527868320314781,0.5341491953717594,1.3132040896076385,-0.977084477596093,0.2237262605847696,-0.006544394208016959,True,False,False,False,True,False,True,False,False,False,True,False,False,True,False,False,False,False,False,True,6,0
-0.81671932694183,1.5864274719601832,-1.4798706125282617,-1.615757731141803,0.8550030813705002,0.8316489148206573,-0.26376559135763944,-1.1785015130195793,True,False,False,False,True,False,True,False,False,False,False,True,False,False,True,False,True,False,False,False,7,1
-0.7158510223082657,-1.180999430717851,0.9956996844330519,1.1564906740993695,0.7585397112153133,-0.7761141006608985,-0.26376559135763944,1.362672833710442,True,False,False,False,True,False,True,False,False,False,True,False,True,False,False,False,False,False,True,False,8,0
-0.006314548000165241,-0.7485889771744081,0.3952092368133279,0.7133081059145563,-0.31059597467134276,1.0326192917558517,-0.6862585297077273,-0.4126681482516276,False,False,True,False,True,False,True,False,False,True,False,False,False,True,False,False,False,True,False,False,9,0
-0.07029387265345453,1.0675349277080517,0.612160624340454,-1.0814241382948648,-1.0059361012066492,-0.47465853525810675,-0.10126830737683644,0.21972455447342326,False,False,True,True,False,False,False,True,False,False,True,False,False,False,True,False,False,False,False,True,10,0
0.4916866817335463,-0.7485889771744081,0.9027205183499979,0.722737522258914,-0.242267754144752,-0.17320296985531508,-0.7837569000962091,-1.097276762210857,False,False,True,False,True,False,False,True,False,False,True,False,True,False,False,True,False,False,False,False,11,0
-0.8224832300637479,0.8945707462906747,-0.5423306878574669,-0.8928358114077103,-1.6409866213949635,-0.2736881583229123,0.5487208285463757,2.093695590988941,True,False,False,False,True,False,False,True,False,True,False,False,False,True,False,True,False,False,False,False,12,0
0.3107001237053224,-0.0567322515048996,-1.1195763439564272,0.04381954546515747,0.24004909663118307,-0.575143723725704,-0.26376559135763944,0.24293162613305816,False,False,True,False,True,False,False,True,False,False,True,False,True,False,False,False,False,False,False,True,13,0
-0.7273788285521017,0.4621602927472318,0.42232816025421865,-0.45908265956725475,-1.259152447864015,-0.17320296985531508,-0.7512574433000485,-0.7955848306356034,True,False,False,False,True,True,False,False,True,False,False,False,True,False,False,False,False,False,False,True,14,0
-0.4097877665344223,-0.22969643292227673,-0.7941492626657383,0.2606961213853852,1.0760649713094705,0.9321341032882544,-0.49126178893076367,-1.2771315675730275,True,False,False,False,True,True,False,False,True,False,False,False,True,False,False,False,True,False,False,False,15,1
-0.4374545015196284,-0.48914270504834245,0.7400069777046533,0.47128641974270785,-0.49950340789191733,0.02776740707987939,-0.29626504815380006,0.49820941438904204,True,False,False,False,True,False,True,False,False,False,True,False,False,False,True,False,False,False,False,True,16,0
-1.053615745252658,0.9810528369993632,-2.1036058516687492,-0.9808436972883825,-2.046936637464709,-0.7761141006608985,-0.4262628753384425,-0.22120980705963975,True,False,False,False,True,True,False,False,False,False,False,True,True,False,False,False,False,False,True,False,17,0
-0.5740590055090841,-1.6998919749699823,1.3017561061231047,1.6813948506019498,1.0760649713094705,-0.07271778138771784,-0.6537590729115668,1.2234304037526325,True,False,False,False,True,True,False,False,False,True,False,False,False,False,True,False,False,False,False,True,18,1
-0.5510033930214122,1.4999453812514947,1.228147599640687,-1.5214635676982255,-0.7607583687288821,-0.977084477596093,3.376173569812348,0.2487333940479669,True,False,False,False,True,True,False,False,False,False,True,False,True,False,False,False,True,False,False,False,19,0
0.4749713626799843,1.1540170184167404,0.3254748622510374,-1.1191418036722958,-0.7888935183574783,-0.575143723725704,0.06122897660396659,-0.25021864663418336,False,False,True,False,True,True,False,False,False,False,False,True,False,False,True,True,False,False,False,False,20,1
0.317616807451624,-0.8350710678830967,0.39133510489320067,0.8201748244839439,0.4450337582109554,-0.07271778138771784,-0.7187579865038879,-0.4532805236559887,False,False,True,False,True,False,False,True,True,False,False,False,True,False,False,False,False,True,False,False,21,1
-0.18960666727715628,-0.4026606143396539,-0.4067360706530131,0.3769922562991306,0.34857038805576845,1.2335896686910461,-0.7837569000962091,0.16750864323924475,False,False,True,False,True,False,False,True,False,False,False,True,False,True,False,False,False,False,True,False,22,0
2.378788563849486,-1.4404457028439166,1.154539093158269,1.4613751359002694,0.7384431757663159,1.2335896686910461,-0.10126830737683644,-0.8013865985505121,False,True,False,False,True,False,True,False,False,True,False,False,True,False,False,False,False,False,True,False,23,0
-0.7002884838790873,-0.22969643292227673,0.16276132160569284,0.21983531722650176,-0.8652603530636681,-0.07271778138771784,-0.4587623321346031,0.5968394689424903,True,False,False,False,True,False,False,True,False,True,False,False,False,False,True,False,False,True,False,False,24,0
1.9730097840664613,0.029749839203788972,1.1855321485192871,-0.012756952600988903,-0.6964494552920908,-0.6756289121933012,1.101211594081106,-0.8942148851890517,False,True,False,False,True,False,False,True,False,False,False,True,True,False,False,False,False,False,True,False,25,0
-0.6956773613815529,-0.8350710678830967,-0.3215051684102136,0.8358905183912068,-0.21413260451615576,2.338926741834616,-0.5237612457269243,-0.38946107659199275,True,False,False,True,False,False,False,True,True,False,False,False,False,False,True,False,False,False,True,False,26,1
-0.7757956147762125,-1.5269277935526053,0.6818949989027445,1.5650987156882046,1.124296656387064,2.5398971187698103,-0.29626504815380006,0.9855579192413748,True,False,False,False,True,True,False,False,False,False,True,False,False,True,False,True,False,False,False,False,27,1
-0.9452543665606005,-0.9215531585917853,0.7400069777046533,0.9333278206162366,1.064007050040072,-0.575143723725704,-0.39376341854228186,-0.5229017386348934,True,False,False,False,True,True,False,False,False,True,False,False,False,False,True,False,False,True,False,False,28,0
-0.7988512272638844,1.240499109125429,0.9608324971519067,-1.2322947998045886,1.140373884746262,-0.7761141006608985,1.6862018164119967,0.4924076464741333,True,False,False,False,True,False,True,False,False,False,True,False,True,False,False,False,False,False,True,False,29,0
0.13317190755024944,1.3269811998341174,1.274637182682214,-1.3517340734997865,-0.8692796601534676,-0.3741733467905095,-0.4262628753384425,-0.6679459365076115,False,False,True,False,True,True,False,False,False,True,False,False,False,False,True,False,False,False,True,False,30,0
-0.6420730623477159,1.6729095626688717,-1.9602629706240409,-1.7006224782410224,-1.0260326366556465,-0.2736881583229123,-0.39376341854228186,-0.48809113114544106,True,False,False,True,False,True,False,False,True,False,False,False,False,False,True,False,False,False,True,False,31,1
1.6237172548782333,-1.4404457028439166,0.7012656585033807,1.442516303211554,1.3654550817750315,-0.575143723725704,0.5812202853425362,-0.5461088102945283,False,True,False,False,True,False,False,True,True,False,False,False,False,True,False,False,False,False,True,False,32,0
-0.7723372729030618,-1.353963612135228,0.8136154841870711,1.3513652785494292,0.7062887190479202,-0.3741733467905095,-0.6862585297077273,-0.24441687871927464,True,False,False,False,True,True,False,False,False,False,False,True,False,False,True,False,True,False,False,False,33,1
-0.7285316091764853,-0.575624795757031,0.8407344076279618,0.5561511668419274,-0.2985380534019444,5.052026830459741,-0.9462541840770121,0.2719404657076018,True,False,False,False,True,False,True,False,False,False,True,False,False,False,True,False,True,False,False,False,34,0
0.28533894996888354,0.2027140206211661,1.13904256547776,-0.19191586314378575,-1.3596351251090015,0.22873778401507386,-0.4587623321346031,-0.9290254926785041,False,False,True,False,True,False,False,True,False,False,True,False,False,False,True,False,False,False,True,False,35,0
0.15334556847696215,0.2891961113298547,-0.35637235569135883,-0.3113551368389837,-0.4512717228143238,-0.6756289121933012,-0.9787536408731727,-0.7375671514865162,False,False,True,True,False,False,False,True,False,False,True,False,True,False,False,False,False,True,False,False,36,1
0.015011893550931259,-0.9215531585917853,0.4068316325737097,0.9616160696493098,0.043103049231009584,2.037471176431824,3.7011681377739545,-0.8536025097846907,False,False,True,False,True,False,True,False,False,False,True,False,True,False,False,False,False,False,False,True,37,0
-0.5014338261729178,-1.353963612135228,0.47656600713600017,1.3262201682978088,1.0318525933216764,-0.7761141006608985,-0.881255270484691,-0.9000166531039604,True,False,False,False,True,True,False,False,True,False,False,False,False,False,True,False,False,False,False,True,38,0
-0.8443860619270362,0.029749839203788972,-0.9917299905922281,-0.05676089554132498,-1.2832682904028119,1.3340748571586434,0.6787186557310181,-0.5635141140392544,True,False,False,False,True,False,False,True,False,True,False,False,True,False,False,False,False,False,False,True,39,0
2.249677133918523,-1.0080352493004738,1.13904256547776,0.9773317635565727,0.051141663410608496,-0.7761141006608985,-0.3287645049499607,-0.19800273540000485,False,True,False,False,True,True,False,False,False,False,False,True,True,False,False,False,False,False,True,False,40,1
2.067537795265916,-1.2674815214265396,0.5153073263372727,1.2224965885098737,0.7103080261377197,0.12825259554747662,-0.6862585297077273,-0.8187919022952383,False,True,False,False,True,False,True,False,False,False,False,True,False,True,False,False,False,False,True,False,41,0
-0.04723826016578279,-1.0080352493004738,0.7128880542637626,1.0464808167485293,-0.033263785475180135,-0.575143723725704,-0.8487558136885304,-1.1436909055301268,False,False,True,False,True,False,True,False,False,False,True,False,False,False,True,False,True,False,False,False,42,1
0.12856078505271495,0.9810528369993632,-0.49196697289581265,-1.0091319463214556,-1.0260326366556465,0.12825259554747662,-0.9462541840770121,0.5562270935381293,False,False,True,False,True,True,False,False,False,False,True,False,False,False,True,False,False,True,False,False,43,0
-0.949289098745943,0.2027140206211661,-1.332653599563426,-0.22020411217685895,-1.3515965109294026,0.22873778401507386,-0.29626504815380006,-0.25021864663418336,True,False,False,False,True,False,False,True,False,True,False,False,False,False,True,True,False,False,False,False,44,0
-1.1533312692618387,-1.6134098842612938,1.2049028081199233,1.5713849932511097,0.9193119948072915,1.0326192917558517,-0.8487558136885304,-0.43007345199635383,True,False,False,False,True,False,False,True,False,False,True,False,False,True,False,True,False,False,False,False,45,0
-0.4749198718120951,-0.8350710678830967,1.1506649612381419,0.8138885469210387,1.2971268612484408,0.02776740707987939,-0.9462541840770121,-0.6215317931883417,True,False,False,False,True,True,False,False,False,True,False,False,False,False,True,False,True,False,False,False,46,1
-0.5567672961433301,0.37567820203854324,-1.1273246077966819,-0.33964338587205684,-0.4472524157245244,2.439411930302213,-0.23126613456147885,1.7745983556689613,True,False,False,False,True,False,False,True,False,False,False,True,False,False,True,False,False,True,False,False,47,0
-0.8668652841025163,0.37567820203854324,0.6818949989027445,-0.38364732881239294,-0.8612410459738686,-0.2736881583229123,0.7112181125271787,-0.5461088102945283,True,False,False,False,True,True,False,False,True,False,False,False,True,False,False,True,False,False,False,False,48,0
-1.008080910589506,-1.353963612135228,1.1739097527589055,1.3293633070792612,0.441014451121156,-0.8765992891284957,1.3287077916542303,-0.8361972060399645,True,False,False,False,True,False,True,False,False,False,False,True,True,False,False,False,False,False,True,False,49,1
2.227197911743043,-0.9215531585917853,1.0034479482733063,0.8893238776759006,1.1202773492972644,0.5301933494178656,-0.9462541840770121,-0.9348272605934128,False,True,False,False,True,True,False,False,True,False,False,False,False,False,True,False,True,False,False,False,50,1
0.21156099000833362,0.11623192991247754,0.4843142709762547,-0.10076483848166104,-0.21413260451615576,0.5301933494178656,-0.6862585297077273,-0.3314433974429055,False,False,True,False,True,False,True,False,True,False,False,False,False,True,False,False,False,True,False,False,51,0
-0.6172882789234687,-1.180999430717851,0.9104687821902523,1.2067808946026108,0.8710803097296981,-0.07271778138771784,-0.7187579865038879,0.1501033394945186,True,False,False,False,True,True,False,False,False,False,True,False,False,True,False,True,False,False,False,False,52,1
1.9407319265837206,1.1540170184167404,-2.064864532467477,-1.1631457466126318,-1.934396038950324,-0.8765992891284957,-0.4587623321346031,0.5272182539635857,False,True,False,False,True,False,True,False,True,False,False,False,False,False,True,False,False,False,False,True,53,0
-0.04205074735605643,-1.6134098842612938,1.2707630507620866,1.6436771852245189,1.2971268612484408,-0.977084477596093,-0.29626504815380006,-1.0740696905512221,False,False,True,False,True,False,True,False,True,False,False,False,False,True,False,True,False,False,False,False,54,1
0.080720389140796,1.6729095626688717,-0.47647044521530363,-1.681763645552307,-1.0782836288230393,2.6403823072374073,-0.49126178893076367,4.008279002908821,False,False,True,False,True,False,False,True,True,False,False,False,False,True,False,False,False,True,False,False,55,0
-0.8876153353414209,1.7593916533775604,-2.1888367539115485,-1.7226244497111904,-2.2961336770322753,0.73116372635306,1.1337110508772665,0.8057031138792043,True,False,False,False,True,False,True,False,True,False,False,False,False,False,True,False,False,False,False,True,56,1
2.1649477580263294,-1.6998919749699823,0.9763290248324156,1.7285419323237385,1.220760026542251,-0.575143723725704,-0.9462541840770121,-0.5054964348901673,False,True,False,False,True,False,False,True,True,False,False,False,False,True,False,False,True,False,False,False,57,0
-0.8023095691370351,1.0675349277080517,-0.8793801649085378,-1.0562790280432444,-1.468156416533587,-0.07271778138771784,-0.8162563568923697,0.3009493052821454,True,False,False,False,True,False,False,True,False,False,True,False,False,False,True,False,False,False,True,False,58,0
-0.5164199742899045,0.5486423834559204,0.5540486455385453,-0.5250885739777589,0.248087710810782,-0.8765992891284957,-0.9462541840770121,-0.592522953613798,True,False,False,False,True,False,False,True,False,False,True,False,False,False,True,False,False,False,False,True,59,0
-0.05991884703400223,-0.14321434221358817,-0.43772912601403113,0.1318274313458296,-0.8773182743330664,-0.575143723725704,-0.4587623321346031,-0.07036384127201292,False,False,True,False,True,True,False,False,True,False,False,False,False,True,False,True,False,False,False,False,60,0
-0.6904898485718267,-0.7485889771744081,-0.31763103649008634,0.7698846039807027,0.8831382309990964,1.4345600456262406,0.6787186557310181,-1.056664386806496,True,False,False,True,False,False,True,False,True,False,False,False,True,False,False,False,False,True,False,False,61,1
-0.029946550800028875,0.6351244741646089,-0.1936588150460143,-0.6068101822955259,-0.19001676197735903,-0.8765992891284957,0.4837219149540545,1.6179506219664257,False,False,True,False,True,False,True,False,True,False,False,False,True,False,False,False,False,True,False,False,62,1
-0.20171086383318404,-1.2674815214265396,1.3327491614841227,1.3042181968276407,0.30837731715777383,-0.575143723725704,-0.9462541840770121,-0.9986467076574087,False,False,True,False,True,True,False,False,False,True,False,False,False,False,True,True,False,False,False,False,63,1
-0.7740664438396371,-1.4404457028439166,0.8523568033883435,1.4488025807744591,0.5214005929171451,1.0326192917558517,-0.7837569000962091,0.09788742826034007,True,False,False,False,True,False,True,False,False,False,False,True,False,False,True,False,False,True,False,False,64,0
0.08936624382367286,0.9810528369993632,-1.731689187336533,-0.9494123094738567,-1.9705698027585192,-0.47465853525810675,7.016112730982337,1.130602117114093,False,False,True,False,True,False,True,False,False,False,False,True,False,True,False,False,False,False,False,True,65,0
-0.7296843898008688,1.4999453812514947,-0.3757430152919951,-1.4900321798836997,1.220760026542251,0.22873778401507386,0.6137197421386968,-1.097276762210857,True,False,False,False,True,False,True,False,False,False,False,True,False,True,False,False,False,True,False,False,66,1
-0.7273788285521017,1.4999453812514947,-0.9646110671513373,-1.4900321798836997,-1.4641371094437874,-0.575143723725704,-0.16626722096915764,1.362672833710442,True,False,False,False,True,False,False,True,False,True,False,False,False,True,False,True,False,False,False,False,67,1
1.9545652940763243,0.5486423834559204,-0.5462048197775942,-0.5816650720439053,0.8067713962929067,0.22873778401507386,1.003713223692624,-0.6679459365076115,False,True,False,False,True,True,False,False,False,False,True,False,True,False,False,False,True,False,False,False,68,0
-0.8201776688149808,-1.6998919749699823,0.860105067228598,1.6971105445092127,1.0318525933216764,-0.977084477596093,0.2887251741770908,-0.7491706873163336,True,False,False,False,True,True,False,False,True,False,False,False,False,False,True,False,False,False,True,False,69,0
0.32856822338326824,-1.6998919749699823,0.9763290248324156,1.6845379893834025,1.220760026542251,-0.07271778138771784,-0.6862585297077273,-0.952232564338139,False,False,True,False,True,True,False,False,False,False,False,True,False,True,False,True,False,False,False,False,70,0
-0.6046076920552492,0.2027140206211661,-0.3602464876114861,-0.20763155705104863,0.45307237239055437,1.7360156110290323,-0.39376341854228186,2.4418016658834647,True,False,False,False,True,False,False,True,False,False,True,False,False,False,True,False,True,False,False,False,71,0
-0.8974139706486814,1.3269811998341174,-2.24307460079333,-1.2920144366521875,0.2641649391699798,-0.6756289121933012,-0.6212596161154061,-1.0856732263810396,True,False,False,False,True,False,True,False,False,False,True,False,False,True,False,False,False,False,True,False,72,0
0.3429779811880631,-1.353963612135228,0.7206363181040171,1.3890829439268602,0.8710803097296981,-0.47465853525810675,0.41872300136173324,0.5388217897934031,False,False,True,False,True,False,False,True,False,False,True,False,False,True,False,False,False,False,False,True,73,0
0.04037306728737035,0.8945707462906747,-0.14716923200448728,-0.8959789501891628,0.826867931741904,-0.6756289121933012,-0.6862585297077273,-0.07036384127201292,False,False,True,False,True,True,False,False,True,False,False,False,False,False,True,False,False,False,False,True,74,0
0.10723434350161866,0.11623192991247754,-0.3060086407297046,-0.10390797726311363,1.281049632889243,0.3292229724826711,1.003713223692624,0.35896698443123265,False,False,True,False,True,False,False,True,False,False,True,False,False,False,True,True,False,False,False,False,75,1
-0.0749049951509888,-1.0945173400091623,1.2978819742029775,1.0999141760332232,0.27622286043937816,-0.7761141006608985,0.6137197421386968,-0.6853512402523376,False,False,True,False,True,False,False,True,False,True,False,False,False,True,False,False,True,False,False,False,76,0
0.24556801842764955,-1.353963612135228,0.4688177432957457,1.354508417330882,1.1122387351176657,0.02776740707987939,-0.5562607025230849,-0.9464307964232302,False,False,True,False,True,True,False,False,False,False,True,False,False,False,True,True,False,False,False,False,77,0
0.004060477619287066,-1.6134098842612938,0.9763290248324156,1.6028163810656355,1.3212427037872374,-0.8765992891284957,-0.29626504815380006,-0.8942148851890517,False,False,True,False,True,True,False,False,False,False,True,False,True,False,False,False,False,False,False,True,78,0
-0.5498506123970286,-0.575624795757031,0.34484552185167366,0.6095845261266213,-0.14982369107936444,0.6306785378854628,-0.881255270484691,-0.9348272605934128,True,False,False,False,True,False,True,False,True,False,False,False,True,False,False,False,False,False,False,True,79,0
0.21386655125710075,-0.22969643292227673,-0.027071142480542477,0.24812356625957493,-0.6281212347655,-0.17320296985531508,-0.5562607025230849,-0.7433689194014249,False,False,True,False,True,True,False,False,False,False,True,False,False,False,True,False,False,True,False,False,80,0
0.3412488102514877,-0.4026606143396539,-0.29051211304919555,0.3707059787362254,-0.6763529198430935,-0.977084477596093,0.0937284334001272,0.057275052855979,False,False,True,False,True,True,False,False,False,False,False,True,False,True,False,False,True,False,False,False,81,1
-0.5089269002314111,-0.6621068864657196,0.7283845819442716,0.6567316078484099,0.07927681303920471,-0.17320296985531508,0.5812202853425362,-0.44167698782617126,True,False,False,False,True,False,False,True,False,False,True,False,False,True,False,False,False,False,False,True,82,1
2.267545233596469,1.413463290542806,-1.2280520377199904,-1.3800223225328596,-0.9054534239616626,0.5301933494178656,-0.29626504815380006,-0.6273335611032504,False,True,False,False,True,False,True,False,False,False,False,True,False,False,True,False,False,False,False,True,83,0
0.28533894996888354,-0.9215531585917853,0.5463003816982908,0.8861807388944479,1.2087021052728526,-0.7761141006608985,-0.5562607025230849,0.010860909536709214,False,False,True,False,True,False,True,False,False,False,True,False,False,False,True,False,True,False,False,False,84,0
-0.12447456199948341,-0.0567322515048996,0.8174896161071983,0.0532489618095152,-0.38696280937753247,0.3292229724826711,-0.39376341854228186,-1.0856732263810396,False,False,True,False,True,True,False,False,False,True,False,False,False,True,False,True,False,False,False,False,85,0
0.27726948559819836,-0.3161785236309653,0.1898802450465836,0.3455608684846048,-0.31461528176114223,-0.575143723725704,-0.9462541840770121,-0.09357091293164782,False,False,True,False,True,True,False,False,False,False,False,True,False,False,True,False,False,False,False,True,86,1
-1.044969890569781,0.2891961113298547,-0.07743485744219675,-0.24849236120993215,-1.013974715386248,0.02776740707987939,-0.6862585297077273,-0.035553233782560575,True,False,False,False,True,False,True,False,False,False,True,False,False,False,True,False,False,True,False,False,87,1
-1.0409351583844386,-0.4026606143396539,0.4262022921743459,0.3644197011733203,-0.21815191160595523,0.5301933494178656,-0.10126830737683644,3.6543711600993882,True,False,False,False,True,False,True,False,False,True,False,False,False,True,False,False,False,False,True,False,88,1
-0.8553374778586803,1.4999453812514947,-0.7709044711449747,-1.5371792616054885,-1.8057782120767414,-0.977084477596093,-0.8162563568923697,-0.8652060456145081,True,False,False,False,True,False,False,True,False,True,False,False,False,False,True,False,False,False,True,False,89,1
0.16717893596956537,-1.6134098842612938,0.9027205183499979,1.5871006871583726,0.8148100104725057,0.12825259554747662,-0.19876667776531826,-0.5287035065498021,False,False,True,False,True,True,False,False,False,False,True,False,False,True,False,False,False,True,False,False,90,0
0.0882134631992893,0.2891961113298547,-1.4295068975666074,-0.31449827562043625,-0.92554995941066,-0.8765992891284957,-0.881255270484691,-0.511298202805076,False,False,True,False,True,True,False,False,False,False,False,True,False,True,False,False,True,False,False,False,91,1
0.20983181907175816,-0.9215531585917853,0.5579227774586725,0.8861807388944479,0.3405317738761695,2.9418378726401992,-0.8487558136885304,-0.29663278995345316,False,False,True,False,True,False,False,True,True,False,False,False,False,True,False,False,True,False,False,False,92,0
-0.6132535467381262,-0.9215531585917853,0.30997833457052837,0.9364709593976892,0.08731542721880363,-0.47465853525810675,1.426206162042712,-0.7085583119119726,True,False,False,False,True,True,False,False,False,False,True,False,True,False,False,True,False,False,False,False,93,1
0.1337482978624411,-1.353963612135228,0.751629373465035,1.360794694893787,0.5656129709049392,-0.8765992891284957,-0.4262628753384425,-1.288735103402845,False,False,True,False,True,True,False,False,False,False,False,True,True,False,False,True,False,False,False,False,94,0
-0.14291905198962068,-1.0945173400091623,0.4998107986567637,1.049623955529982,1.1484124989258606,-0.977084477596093,-0.6537590729115668,0.5272182539635857,False,False,True,False,True,False,False,True,False,False,True,False,True,False,False,True,False,False,False,False,95,0
-0.13830792949208642,0.8945707462906747,-0.4532256536945401,-0.8991220889706155,-1.4842336448927846,-0.07271778138771784,-0.6862585297077273,-0.20960627122982228,False,False,True,False,True,False,True,False,True,False,False,False,False,False,True,False,True,False,False,False,96,0
-0.0397451861072893,-0.22969643292227673,0.8368602757078346,0.25755298260393267,-0.7969321325370773,-0.8765992891284957,-0.13376776417299704,-0.5983247215287067,False,False,True,False,True,False,False,True,True,False,False,False,False,False,True,False,False,True,False,False,97,0
-0.29278053315948765,-1.5269277935526053,0.7864965607461804,1.5148084951849632,1.0961615067584678,-0.575143723725704,-0.5887601593192455,0.39957935983559373,True,False,False,True,False,False,True,False,False,False,False,True,False,False,True,True,False,False,False,False,98,1
0.4207906733339554,-1.0080352493004738,0.4533212156152367,1.011906290152551,-0.049341013834377966,2.1379563648994213,-0.8162563568923697,-0.5577123461243457,False,False,True,True,False,True,False,False,False,False,False,True,False,False,True,False,True,False,False,False,99,1
-0.17289134822359425,0.4621602927472318,0.9453359694713976,-0.47479835347451765,0.40885999440276033,0.02776740707987939,0.3862235445655726,-0.615730025273433,False,False,True,False,True,False,True,False,False,False,False,True,False,True,False,False,False,False,True,False,100,0
-0.9233515346973122,1.5864274719601832,-1.8905285960617504,-1.6094714535788976,-0.4512717228143238,1.5350452340938379,-0.23126613456147885,0.9855579192413748,True,False,False,False,True,True,False,False,False,False,False,True,False,False,True,False,False,True,False,False,101,1
0.057664776653124056,1.5864274719601832,-0.0890572532025785,-1.5654675106385616,-0.10963062018136985,-0.17320296985531508,-0.3612639617461213,-0.7607742231461511,False,False,True,False,True,True,False,False,False,True,False,False,False,True,False,False,False,True,False,False,102,1
2.5136638969023664,-0.6621068864657196,-0.4067360706530131,0.6253002200338841,-0.3749048881081341,0.4297081609502683,-0.6537590729115668,-0.656342400677794,False,True,False,False,True,False,True,False,True,False,False,False,False,True,False,False,False,False,True,False,103,0
0.18677620658408642,1.413463290542806,-1.5999687020522064,-1.4397419593804586,-0.3789241951979336,1.8365007994966296,0.1587273469924484,-0.3082363257832706,False,False,True,False,True,True,False,False,False,True,False,False,True,False,False,False,False,True,False,False,104,1
-0.731989951049636,-1.6134098842612938,0.9569583652317794,1.612245797409993,0.9916595224236818,-0.17320296985531508,-0.4587623321346031,-1.26552803174321,True,False,False,False,True,False,False,True,True,False,False,False,False,True,False,True,False,False,False,False,105,1
2.289448065459757,0.8080886555819861,-0.02319701056041523,-0.8268298969972062,0.6459991127009284,-0.8765992891284957,-0.9787536408731727,-1.1146820659555832,False,True,False,False,True,False,True,False,False,False,True,False,False,False,True,True,False,False,False,False,106,1
0.12683161411613972,-1.180999430717851,0.1821319812063291,1.1784926455695375,0.6259025772519311,1.3340748571586434,-0.6537590729115668,-0.6853512402523376,False,False,True,False,True,True,False,False,True,False,False,False,False,False,True,False,True,False,False,False,107,1
-0.576940957070043,-0.14321434221358817,1.2978819742029775,0.12868429256437705,-1.0260326366556465,-0.575143723725704,2.076195297965924,-0.34884870118763167,True,False,False,False,True,True,False,False,False,False,True,False,True,False,False,False,False,True,False,False,108,0
2.2727327464061955,0.2891961113298547,-1.3791431826049532,-0.26420805511719503,-0.19001676197735903,-0.6756289121933012,0.6787186557310181,0.4401917352399548,False,True,False,False,True,True,False,False,False,False,True,False,False,True,False,False,False,False,False,True,109,0
0.2628597277934035,-1.180999430717851,1.2707630507620866,1.1627769516622748,0.6259025772519311,0.5301933494178656,-0.9137547272808515,1.1364038850290017,False,False,True,False,True,False,False,True,False,False,False,True,False,True,False,False,False,True,False,False,110,0
1.9245929978423504,-0.6621068864657196,0.7012656585033807,0.663017885411315,-0.41107865191632925,1.2335896686910461,-0.7187579865038879,0.9217384721773789,False,True,False,False,True,False,True,False,True,False,False,False,False,False,True,False,True,False,False,False,111,0
2.3816705154104447,-1.6998919749699823,0.9337135737110158,1.709683099635023,1.1363545776564623,-0.07271778138771784,-0.26376559135763944,-1.0740696905512221,False,True,False,False,True,True,False,False,False,True,False,False,True,False,False,True,False,False,False,False,112,0
-0.7412121960447048,1.6729095626688717,1.290133710362723,-1.6629048128635915,-1.9745891098483186,-0.6756289121933012,-0.6212596161154061,1.8500213385627746,True,False,False,False,True,False,False,True,False,True,False,False,True,False,False,True,False,False,False,False,113,1
-0.5031629971094931,1.5864274719601832,0.7555035053851623,-1.5968988984530874,-1.7133341490113538,-0.47465853525810675,1.3937067052465515,3.573146409290666,True,False,False,False,True,False,False,True,False,False,True,False,False,False,True,False,False,True,False,False,114,1
0.4628671661239565,1.5864274719601832,-2.320557239195875,-1.5434655391683936,-2.006743566566714,-0.3741733467905095,-0.7837569000962091,0.4227864314952286,False,False,True,False,True,False,True,False,False,False,False,True,False,False,True,False,False,True,False,False,115,0
-0.9994350559066293,1.1540170184167404,0.0697821555226388,-1.1348574975795587,-1.214940069876221,-0.8765992891284957,-0.3287645049499607,0.13269803574979241,True,False,False,False,True,False,False,True,False,False,False,True,True,False,False,False,False,False,False,True,116,0
0.25190831186175927,0.8080886555819861,-0.09680551704283301,-0.7702533989310598,1.0519491287706737,0.73116372635306,1.3287077916542303,-0.12838152042110015,False,False,True,False,True,False,True,False,False,True,False,False,False,True,False,False,True,False,False,False,117,0
0.057664776653124056,1.1540170184167404,0.13176826624467483,-1.2040065507715154,-1.8057782120767414,-0.6756289121933012,0.8737153965079817,2.1807221097125717,False,False,True,False,True,False,True,False,False,False,True,False,True,False,False,True,False,False,False,False,118,1
-1.0017406171553964,1.6729095626688717,0.7942448245864348,-1.7006224782410224,-1.022013329565847,1.0326192917558517,-0.9787536408731727,1.0493773663053707,True,False,False,False,True,False,True,False,False,False,True,False,True,False,False,False,False,True,False,False,119,1
-1.039782377760055,-1.0080352493004738,0.9143429141103796,1.0307651228412664,1.0278332862318769,1.0326192917558517,-0.10126830737683644,-0.8652060456145081,True,False,False,False,True,False,False,True,False,False,True,False,True,False,False,False,False,False,True,False,120,1
0.12798439474052328,-0.14321434221358817,-0.80577165842612,0.14125684769018734,0.023006513782012288,0.22873778401507386,-0.7512574433000485,0.2023192507286971,False,False,True,False,True,False,False,True,False,False,True,False,True,False,False,False,False,True,False,False,121,0
-0.5406283674019599,1.4999453812514947,-0.7825268669053564,-1.5214635676982255,-1.8781257396931317,-0.6756289121933012,0.1587273469924484,-0.615730025273433,True,False,False,False,True,False,True,False,True,False,False,False,False,False,True,True,False,False,False,False,122,0
2.0888642368170127,-0.0567322515048996,-0.25951905768817757,0.07210779449823065,-0.18197814779776011,-0.3741733467905095,-0.9137547272808515,0.5098129502188594,False,True,False,False,True,False,True,False,False,False,True,False,False,True,False,False,False,False,True,False,123,1
-0.6218994014210031,-1.0080352493004738,1.2630147869218322,0.9679023472122149,0.9836209082440829,3.4442638149781852,1.2312094212657483,-0.09937268084655654,True,False,False,False,True,False,True,False,False,False,False,True,False,False,True,False,False,False,True,False,124,0
0.06515785071161755,0.8945707462906747,-0.21302947464665054,-0.8802632562819,-1.363654432198801,-0.47465853525810675,-0.49126178893076367,-0.08776914501673909,False,False,True,False,True,False,False,True,False,False,False,True,False,True,False,False,False,False,True,False,125,0
-0.7642678085323765,0.6351244741646089,-0.5849461389788667,-0.5973807659511682,-1.3797316605579988,-0.2736881583229123,0.2562257173809302,-0.09937268084655654,True,False,False,False,True,False,False,True,True,False,False,False,False,True,False,False,True,False,False,False,126,0
0.25651943435929375,0.2027140206211661,-1.3713949187646988,-0.17620016923652287,0.09535404139840255,0.12825259554747662,-0.13376776417299704,-0.15158859208073505,False,False,True,False,True,False,True,False,True,False,False,False,False,False,True,False,True,False,False,False,127,0
-0.7469760991666228,-1.6134098842612938,0.8407344076279618,1.612245797409993,1.3373199321464353,0.4297081609502683,1.5562039892273545,-0.33724516535781424,True,False,False,False,True,True,False,False,True,False,False,False,False,False,True,False,True,False,False,False,128,0
-0.6864551163864842,1.5864274719601832,-0.7321631519437022,-1.5968988984530874,-1.1948435344272237,-0.977084477596093,-0.6212596161154061,-0.3778575407621753,True,False,False,False,True,False,True,False,False,True,False,False,False,True,False,False,False,True,False,False,129,0
2.3482398773033206,0.6351244741646089,-1.0575902332343914,-0.6036670435140733,-0.9094727310514621,-0.977084477596093,1.3287077916542303,1.1422056529439104,False,True,False,False,True,True,False,False,False,False,True,False,False,False,True,True,False,False,False,False,130,1
0.10492878225285132,1.1540170184167404,1.02669273979407,-1.1725751629569896,0.11143126975760038,1.5350452340938379,-0.881255270484691,1.3104569224762634,False,False,True,False,True,False,False,True,False,False,False,True,False,True,False,False,False,True,False,False,131,1
0.2369221637447727,-1.4404457028439166,1.274637182682214,1.420514331741386,0.49326544328854893,0.73116372635306,2.0111963843736027,0.834711953453748,False,False,True,False,True,False,False,True,False,False,True,False,False,True,False,False,False,True,False,False,132,1
-0.7037468257522381,1.240499109125429,-1.7549339788572966,-1.2762987427449246,-0.8933955026922643,-0.47465853525810675,-0.9787536408731727,1.403285209114803,True,False,False,False,True,False,True,False,False,False,False,True,False,False,True,False,True,False,False,False,133,0
-0.027640989551261538,1.7593916533775604,-2.3399278987965113,-1.719481310929738,0.18779810446379008,-0.8765992891284957,-0.8487558136885304,0.2835440015374192,False,False,True,False,True,True,False,False,False,False,False,True,False,False,True,False,False,True,False,False,134,0
-0.1458010035505797,0.7216065648732976,-0.9258697479500648,-0.7073906233020083,-1.1506311564394296,-0.6756289121933012,-0.06876885058067583,2.2909557000958376,False,False,True,False,True,True,False,False,True,False,False,False,False,True,False,False,False,True,False,False,135,0
-0.7296843898008688,-1.5269277935526053,0.8678533310688525,1.4928065237147952,1.0077367507828796,-0.2736881583229123,-0.9462541840770121,-0.8361972060399645,True,False,False,False,True,False,True,False,False,True,False,False,True,False,False,False,True,False,False,False,136,0
-0.9804141756043,-1.6134098842612938,0.7864965607461804,1.5933869647212777,1.0077367507828796,-0.7761141006608985,-0.9462541840770121,0.0804821245156139,True,False,False,False,True,True,False,False,False,False,True,False,False,False,True,False,False,True,False,False,137,0
2.143044926163041,0.11623192991247754,0.2944818068900194,-0.1070511160445662,1.0519491287706737,-0.3741733467905095,-0.8487558136885304,-0.8013865985505121,False,True,False,True,False,True,False,False,False,True,False,False,True,False,False,False,False,True,False,False,138,1
1.9205582656570082,0.2027140206211661,-0.13554683624410552,-0.2139178346139538,-0.3266732030305406,2.6403823072374073,0.4837219149540545,-0.10517444876146527,False,True,False,False,True,False,False,True,False,False,True,False,False,False,True,False,False,False,False,True,139,0
2.1315171199192053,-0.7485889771744081,0.5617969093787997,0.7195943834774614,-0.33471181721013954,-0.2736881583229123,-0.881255270484691,-0.035553233782560575,False,True,False,False,True,False,True,False,False,True,False,False,True,False,False,True,False,False,False,False,140,0
-0.9907892012237522,-1.180999430717851,0.10464934280378406,1.1407749801921068,0.22397186827198523,0.6306785378854628,4.091161619327882,-1.0450608509766786,True,False,False,False,True,False,True,False,False,False,False,True,False,True,False,True,False,False,False,False,141,0
0.15392195878915405,-0.8350710678830967,0.3990833687334552,0.8830376001129954,0.7705976324847116,-0.07271778138771784,-0.03626939378451522,-0.592522953613798,False,False,True,False,True,True,False,False,False,True,False,False,True,False,False,False,False,True,False,False,142,0
-0.7936637144541582,-1.353963612135228,1.2862595784425956,1.3105044743905458,1.2087021052728526,-0.977084477596093,0.2562257173809302,-0.9348272605934128,True,False,False,True,False,False,False,True,False,False,True,False,False,False,True,False,False,False,False,True,143,1
0.17928313252559314,-1.6134098842612938,1.2049028081199233,1.6248183525358035,1.1886055698238553,0.5301933494178656,-0.6212596161154061,0.9739543834115574,False,False,True,False,True,False,False,True,False,False,True,False,False,True,False,False,False,False,False,True,144,0
2.2427604501722223,1.3269811998341174,-2.095857587828495,-1.2888712978707348,-0.829086589255473,-0.8765992891284957,-0.9137547272808515,0.016662677451617938,False,True,False,False,True,True,False,False,True,False,False,False,False,True,False,False,False,False,True,False,145,0
-1.0478518421307401,-1.2674815214265396,0.767125901145544,1.2759299477945674,0.38474415186396355,-0.07271778138771784,0.7762170261194999,-0.5403070423796196,True,False,False,False,True,False,True,False,True,False,False,False,False,True,False,False,False,False,False,True,146,0
0.1585330812866883,-1.4404457028439166,0.7942448245864348,1.4550888583373642,1.0439105145910748,-0.977084477596093,-0.6862585297077273,0.3821740560908675,False,False,True,False,True,False,False,True,False,False,True,False,False,False,True,False,False,False,False,True,147,0
-0.6795384326401827,-0.22969643292227673,1.073182322835597,0.23555101113376464,1.325262010877037,0.8316489148206573,0.0937284334001272,0.6142447726872166,True,False,False,False,True,False,False,True,False,False,False,True,False,True,False,False,False,False,False,True,148,0
-0.9660044177995051,-0.48914270504834245,1.1855321485192871,0.5247197790274016,0.35660900223536734,-0.977084477596093,-0.9462541840770121,-0.29663278995345316,True,False,False,False,True,False,True,False,False,True,False,False,False,True,False,False,False,False,False,True,149,0
0.1983040128279223,0.2891961113298547,-0.8406388457072652,-0.2673511938986476,-0.3708855810183347,-0.47465853525810675,-0.4587623321346031,0.5968394689424903,False,False,True,False,True,False,False,True,False,False,True,False,False,False,True,True,False,False,False,False,150,0
0.06861619258476825,-0.8350710678830967,-0.27114145344855933,0.8421767959541119,1.3453585463260342,1.2335896686910461,0.191226803788609,0.10949096409015752,False,False,True,False,True,False,True,False,False,False,True,False,False,True,False,False,False,True,False,False,151,1
0.2789986565347736,-0.48914270504834245,-0.21302947464665054,0.4492844482725398,0.537477821276343,-0.6756289121933012,0.8412159397118211,-1.1785015130195793,False,False,True,False,True,False,True,False,False,False,False,True,True,False,False,False,False,False,False,True,152,1
-1.0271017908918354,-0.3161785236309653,-0.15491749584474176,0.3235588970144368,-0.46332964408372224,0.02776740707987939,-0.8487558136885304,0.5678306293679467,True,False,False,False,True,False,True,False,False,True,False,False,False,True,False,False,False,False,False,True,153,1
0.2547902634227183,-0.14321434221358817,0.8523568033883435,0.106682321094209,0.24004909663118307,1.7360156110290323,0.41872300136173324,-0.29663278995345316,False,False,True,False,True,False,False,True,False,False,True,False,True,False,False,False,False,True,False,False,154,1
-0.08009250796071496,0.2027140206211661,0.596664096659945,-0.19505900192523834,-1.452079188174389,1.0326192917558517,3.0186795450545816,-0.9000166531039604,False,False,True,False,True,False,True,False,False,False,False,True,False,False,True,False,False,False,False,True,155,0
-0.7959692757029254,1.4999453812514947,-1.9757594983045499,-1.4931753186651524,0.5495357425457413,-0.17320296985531508,-0.881255270484691,-0.9348272605934128,True,False,False,True,False,False,False,True,False,True,False,False,False,True,False,False,False,False,False,True,156,0
0.5533604451380685,-1.353963612135228,0.7903706926663076,1.3356495846421663,0.3726862305945652,-0.977084477596093,1.7187012732081575,0.48080411064431583,False,False,True,False,True,False,True,False,False,False,False,True,True,False,False,True,False,False,False,False,157,1
2.266392452972086,-0.7485889771744081,0.15113892584531108,0.7635983264177975,-0.3789241951979336,0.12825259554747662,-0.5887601593192455,-0.9290254926785041,False,True,False,False,True,True,False,False,False,False,True,False,False,True,False,False,True,False,False,False,158,1
-0.11467592669222279,-0.575624795757031,0.08915281512327507,0.6001551097822635,-0.5638123213287086,0.3292229724826711,0.2887251741770908,-0.08196737710183037,False,False,True,False,True,False,True,False,False,False,False,True,True,False,False,False,False,False,True,False,159,0
-0.5354408545922337,0.7216065648732976,0.5734193051391815,-0.7136769008649134,-0.8813375814228659,-0.2736881583229123,-0.8487558136885304,-0.1863991995701874,True,False,False,False,True,False,True,False,False,False,False,True,False,True,False,False,False,True,False,False,160,0
0.08936624382367286,0.8080886555819861,-1.8595355407007323,-0.8394024521230166,0.37670553768436466,-0.8765992891284957,-0.06876885058067583,1.3104569224762634,False,False,True,True,False,False,True,False,False,False,True,False,False,False,True,False,False,False,False,True,161,1
-0.05069660203893349,-0.0567322515048996,1.1506649612381419,0.07839407206113581,-0.27442221086314766,0.73116372635306,0.7112181125271787,0.6954695234959386,False,False,True,False,True,False,True,False,True,False,False,False,True,False,False,False,False,True,False,False,162,0
-0.3775099090516816,-0.9215531585917853,-0.0038263509597789708,0.908182710364616,0.30837731715777383,0.02776740707987939,-0.6537590729115668,-0.13998505625091762,True,False,False,False,True,False,False,True,False,False,True,False,False,False,True,False,False,False,True,False,163,1
-0.8703236259756669,-1.353963612135228,0.7128880542637626,1.3419358622050717,1.3132040896076385,0.12825259554747662,-0.49126178893076367,-0.6911530081672463,True,False,False,False,True,False,True,False,False,False,False,True,True,False,False,True,False,False,False,False,164,0
0.20579708688641557,-0.14321434221358817,-1.1234504758765547,0.12554115378292446,-0.17795884070796064,0.6306785378854628,1.8161996435966392,1.2814480829017199,False,False,True,False,True,False,False,True,False,False,True,False,False,True,False,False,False,False,True,False,165,1
-0.8276707428734742,1.1540170184167404,0.7555035053851623,-1.1348574975795587,1.2006634910932537,1.9369859879642268,0.2887251741770908,3.764604750482654,True,False,False,False,True,True,False,False,True,False,False,False,True,False,False,False,False,False,True,False,166,0
-0.715274631996074,-0.6621068864657196,0.17050958544594733,0.6221570812524315,0.19181741155358956,0.12825259554747662,0.45122245815789386,2.4359998979685558,True,False,False,False,True,True,False,False,False,True,False,False,False,True,False,False,True,False,False,False,167,0
-0.7285316091764853,-1.0080352493004738,0.9065946502701251,0.9930474574638356,1.0519491287706737,1.2335896686910461,-0.6537590729115668,0.31255284111196285,True,False,False,False,True,True,False,False,False,True,False,False,True,False,False,True,False,False,False,False,168,1
-1.0524629646282744,1.240499109125429,-1.5999687020522064,-1.2228653834602308,-0.11766923436096877,-0.8765992891284957,0.0937284334001272,-0.3024345578683619,True,False,False,False,True,True,False,False,False,False,False,True,False,False,True,False,False,False,False,True,169,1
-0.8098026431955285,1.3269811998341174,-1.8827803322214958,-1.2920144366521875,-0.49146479371231844,-0.575143723725704,-0.9462541840770121,-0.9812414039126826,True,False,False,False,True,True,False,False,True,False,False,False,True,False,False,False,True,False,False,False,170,1
0.2092554287595665,1.413463290542806,0.36809031337243714,-1.3957380164401225,1.2770303257994433,1.4345600456262406,-0.4587623321346031,-0.19220096748509613,False,False,True,False,True,False,True,False,False,True,False,False,False,True,False,True,False,False,False,False,171,0
2.0047112512370098,-0.7485889771744081,-0.058064197841560486,0.744739493729082,0.5575743567253403,-0.3741733467905095,-0.23126613456147885,-0.7665759910610598,False,True,False,False,True,False,True,False,True,False,False,False,True,False,False,False,True,False,False,False,172,0
-0.7930873241419664,1.1540170184167404,1.0150703440336881,-1.1851477180827998,0.388763458953763,-0.3741733467905095,-0.7837569000962091,0.18491394698397093,True,False,False,False,True,False,False,True,True,False,False,False,False,False,True,False,False,True,False,False,173,0
0.01847023542408196,0.9810528369993632,-1.2512968292407538,-0.9588417258182145,0.7585397112153133,-0.6756289121933012,0.028729519807805987,-0.9348272605934128,False,False,True,False,True,False,True,False,False,False,False,True,True,False,False,False,False,False,True,False,174,1
-0.02821737986345342,0.9810528369993632,0.18600611312645635,-0.9556985870367618,0.38474415186396355,-0.7761141006608985,-0.9137547272808515,0.3705705202610501,False,False,True,False,True,False,True,False,False,False,True,False,False,False,True,False,False,False,True,False,175,0
0.19888040314011418,-0.4026606143396539,-0.728289020023575,0.43671189314672954,-0.6562563843940962,-0.2736881583229123,0.41872300136173324,-0.5170999707199847,False,False,True,False,True,False,False,True,False,False,False,True,True,False,False,False,False,True,False,False,176,0
0.03864389635079489,-0.48914270504834245,-0.5190858963367034,0.45871386461689756,0.1677015690147928,1.3340748571586434,-0.06876885058067583,0.8927296326028352,False,False,True,False,True,False,False,True,False,False,True,False,True,False,False,False,False,True,False,False,177,0
-0.8876153353414209,-1.6134098842612938,1.1584132250783965,1.6153889361914457,1.1805669556442564,-0.6756289121933012,-0.5887601593192455,-0.8768095814443255,True,False,False,False,True,True,False,False,True,False,False,False,False,False,True,False,False,True,False,False,178,0
2.2560174273526328,0.2027140206211661,0.10077521088365682,-0.17305703045507032,-1.2712103691334133,0.4297081609502683,1.6212029028196757,0.45179527106977224,False,True,False,False,True,False,True,False,True,False,False,False,True,False,False,False,False,False,True,False,179,0
2.268698014220852,-1.6998919749699823,0.9647066290720339,1.709683099635023,1.3333006250566357,-0.07271778138771784,-0.8162563568923697,0.5156147181337682,False,True,False,False,True,False,True,False,False,False,True,False,False,True,False,True,False,False,False,False,180,0
1.7199744370142631,1.1540170184167404,-2.2314522050329484,-1.2040065507715154,0.6540377268805273,0.12825259554747662,3.5386708537931515,0.1268962678348837,False,True,False,False,True,False,False,True,True,False,False,False,True,False,False,False,False,True,False,False,181,1
0.02481052885819168,-0.7485889771744081,1.3288750295639955,0.7384532161661769,0.8067713962929067,-0.17320296985531508,2.1736936683544057,-0.11677798459128272,False,False,True,False,True,False,True,False,False,False,False,True,True,False,False,False,False,False,False,True,182,0
0.17063727784271607,-1.2674815214265396,1.2940078422828503,1.2822162253574727,1.1524318060156602,-0.17320296985531508,-0.4262628753384425,-0.5229017386348934,False,False,True,False,True,False,True,False,True,False,False,False,True,False,False,False,False,True,False,False,183,1
-0.949865489058135,1.3269811998341174,-0.1936588150460143,-1.3234458244667133,-0.8853568885126654,2.439411930302213,-0.39376341854228186,-1.161096209274853,True,False,False,False,True,False,True,False,True,False,False,False,False,False,True,True,False,False,False,False,184,0
2.0848295046316694,1.240499109125429,-1.6309617574132245,-1.2480104937118515,0.11143126975760038,-0.977084477596093,-0.9137547272808515,-0.09937268084655654,False,True,False,False,True,False,False,True,True,False,False,False,False,True,False,False,True,False,False,False,185,0
2.231232643928386,-0.6621068864657196,0.5424262497781634,0.6598747466298625,-0.21815191160595523,-0.3741733467905095,0.1262278901962878,0.09208566034543135,False,True,False,True,False,False,True,False,True,False,False,False,True,False,False,False,False,False,False,True,186,1
-0.6927954098205938,0.4621602927472318,-0.5849461389788667,-0.4716552146930651,1.273011018709644,0.9321341032882544,1.8486991003928,0.4401917352399548,True,False,False,True,False,True,False,False,False,False,True,False,True,False,False,False,False,False,True,False,187,0
-0.5798229086310019,1.3269811998341174,0.3254748622510374,-1.3265889632481658,-0.8009514396268768,-0.07271778138771784,-0.9137547272808515,-0.44167698782617126,True,False,False,False,True,False,True,False,False,False,False,True,False,True,False,False,False,False,False,True,188,1
-0.8161429366296382,-1.2674815214265396,0.33709725801141915,1.2885025029203778,0.9514664515256872,-0.7761141006608985,0.2562257173809302,0.028266213281435384,True,False,False,False,True,False,True,False,False,True,False,False,False,False,True,False,False,False,True,False,189,1
-0.709510728874156,-0.3161785236309653,0.32160073033091013,0.3455608684846048,0.7263852544969176,-0.7761141006608985,4.806149668843416,0.21392278655851454,True,False,False,False,True,True,False,False,False,False,True,False,False,True,False,False,False,True,False,False,190,0
0.4288601377046406,0.2027140206211661,-0.914247352189683,-0.16991389167361773,-1.4038475030967956,-0.7761141006608985,-0.3287645049499607,-0.38365930867708403,False,False,True,False,True,True,False,False,False,True,False,False,False,True,False,False,True,False,False,False,191,0
-0.534864464280042,-0.22969643292227673,0.6044123605001995,0.2292647335708595,-0.6683143056634946,-0.8765992891284957,2.823682804277618,-0.7375671514865162,True,False,False,False,True,False,True,False,False,False,False,True,True,False,False,False,False,True,False,False,192,1
-0.0397451861072893,-1.4404457028439166,0.5463003816982908,1.4079417766155757,1.0841035854890693,-0.07271778138771784,-0.06876885058067583,-0.31983986161308803,False,False,True,False,True,True,False,False,True,False,False,False,True,False,False,False,False,True,False,False,193,0
-0.7648441988445683,1.0675349277080517,-0.2866379811290683,-1.0845672770763175,0.8871575380888959,0.22873778401507386,-0.5887601593192455,-1.224915656338849,True,False,False,False,True,True,False,False,False,False,True,False,True,False,False,False,False,False,True,False,194,0
-0.6455314042208667,1.5864274719601832,0.30223007073027386,-1.5623243718571092,0.37670553768436466,1.133104480223449,-0.5562607025230849,0.18491394698397093,True,False,False,False,True,False,False,True,False,False,False,True,False,False,True,False,True,False,False,False,195,0
-0.6374619398501815,1.4999453812514947,-1.4914930082886435,-1.5403224003869411,-0.6723336127532941,0.02776740707987939,-0.9787536408731727,-0.41846991616653634,True,False,False,False,True,False,False,True,False,False,True,False,False,False,True,False,True,False,False,False,196,0
0.06919258289696013,0.7216065648732976,-1.1040798162759184,-0.7419651498979867,-0.5879281638675055,-0.8765992891284957,-0.881255270484691,0.005059141621800489,False,False,True,False,True,False,False,True,False,False,False,True,False,True,False,False,True,False,False,False,197,0
2.0911697980657795,-0.6621068864657196,0.7555035053851623,0.6504453302855048,0.4168986085823592,0.22873778401507386,0.028729519807805987,0.09788742826034007,False,True,False,True,False,True,False,False,True,False,False,False,True,False,False,False,False,False,True,False,198,1
2.572455708745929,0.11623192991247754,0.12014587048429307,-0.11648053238892393,-0.6522370773042968,-0.8765992891284957,-0.4587623321346031,3.9850719312491854,False,True,False,False,True,False,True,False,False,False,True,False,False,False,True,True,False,False,False,False,199,0
-0.8622541616049818,0.7216065648732976,0.27511114728938313,-0.7576808438052496,-0.7165459907410882,0.12825259554747662,-0.8162563568923697,-0.9348272605934128,True,False,False,False,True,False,True,False,True,False,False,False,False,True,False,True,False,False,False,False,200,1
0.1550747394135376,0.2891961113298547,0.7632517692254168,-0.32707083074624654,-1.5686390937785732,-0.8765992891284957,-0.03626939378451522,-0.5461088102945283,False,False,True,False,True,True,False,False,False,False,True,False,True,False,False,False,False,True,False,False,201,1
0.6173397697913577,-1.5269277935526053,0.67414673506249,1.5210947727478683,1.1604704201952591,-0.575143723725704,0.6787186557310181,-0.20960627122982228,False,False,True,True,False,False,False,True,False,False,True,False,False,False,True,False,False,False,True,False,202,0
-0.7832886888347058,0.5486423834559204,-1.8285424853397143,-0.5879513496068104,-0.7004687623818903,-0.2736881583229123,1.8161996435966392,-0.4938928990603498,True,False,False,False,True,True,False,False,False,False,False,True,False,True,False,False,False,False,False,True,203,0
-0.9734974918579984,1.6729095626688717,0.6044123605001995,-1.637759702611971,0.2360297895413836,-0.575143723725704,-0.13376776417299704,-0.3604522370174491,True,False,False,False,True,False,True,False,False,False,False,True,True,False,False,False,False,True,False,False,204,1
-0.8092262528833367,1.0675349277080517,1.228147599640687,-1.1097123873279382,-2.155457928889294,-0.2736881583229123,1.4912050756350332,2.7783042049481703,True,False,False,False,True,False,True,False,False,False,False,True,True,False,False,False,False,False,False,True,205,0
-0.8247887913125151,0.11623192991247754,0.4998107986567637,-0.09133542213730332,-1.1425925422598306,-0.575143723725704,0.5162213717502151,-1.0218537793170437,True,False,False,False,True,True,False,False,False,False,True,False,False,True,False,False,False,False,False,True,206,1
-0.34638483219332467,-0.4026606143396539,-0.790275130745611,0.40213736655075116,0.01496789960241337,-0.17320296985531508,-0.16626722096915764,-0.9870431718275913,True,False,False,False,True,False,False,True,False,False,True,False,False,False,True,False,False,True,False,False,207,1
-0.14522461323838803,1.6729095626688717,-2.2585711284738395,-1.653475396519234,-1.2832682904028119,0.22873778401507386,-0.39376341854228186,0.1036891961752488,False,False,True,False,True,False,True,False,False,False,False,True,True,False,False,False,False,False,True,False,208,0
2.0519752568367378,-0.9215531585917853,1.0228186078739425,0.8893238776759006,0.24004909663118307,-0.977084477596093,1.4912050756350332,1.171214492518454,False,True,False,False,True,True,False,False,True,False,False,False,False,False,True,False,True,False,False,False,209,0
0.04152584791175391,-1.353963612135228,0.4533212156152367,1.37651038880105,1.08008427839927,-0.2736881583229123,-0.7837569000962091,-0.47648759531562357,False,False,True,False,True,False,True,False,False,False,False,True,False,True,False,False,False,False,True,False,210,1
-0.8443860619270362,-1.180999430717851,1.0034479482733063,1.1816357843509901,0.1275084981167982,0.9321341032882544,-0.03626939378451522,1.8326160348180485,True,False,False,False,True,False,False,True,False,False,False,True,False,False,True,True,False,False,False,False,211,0
2.275038307654962,-1.0080352493004738,-0.06968659360194224,1.0213357064969089,0.40484068731296086,-0.7761141006608985,-0.13376776417299704,-0.7665759910610598,False,True,False,False,True,True,False,False,False,False,False,True,True,False,False,False,True,False,False,False,212,1
0.09455375663339902,-1.0945173400091623,1.042189267474579,1.065339649437245,0.06319958468000687,-0.47465853525810675,-0.6537590729115668,-0.0645620733571042,False,False,True,False,True,False,True,False,False,False,True,False,False,False,True,False,True,False,False,False,213,0
-0.760233076347034,-0.0567322515048996,0.6082864924203267,0.04696268424661005,-0.8170286679860745,0.02776740707987939,2.2061931251505666,-0.43587521991126255,True,False,False,False,True,False,False,True,False,True,False,False,False,True,False,False,False,False,True,False,214,0
-0.6731981392060729,0.029749839203788972,-0.9258697479500648,-0.050474617978419824,1.273011018709644,1.635530422561435,-0.6862585297077273,1.490311727838434,True,False,False,False,True,False,True,False,False,True,False,False,False,False,True,False,True,False,False,False,215,0
0.4853463882994366,-0.8350710678830967,-0.20915534272652328,0.848463073517017,0.1275084981167982,0.73116372635306,-0.10126830737683644,-0.5751176498690719,False,False,True,False,True,False,True,False,False,True,False,False,False,True,False,False,False,True,False,False,216,0
2.0600447212074227,-1.6134098842612938,0.8523568033883435,1.605959519847088,0.9072540735378932,-0.07271778138771784,0.028729519807805987,0.7418836668152085,False,True,False,False,True,False,True,False,True,False,False,False,False,True,False,False,False,False,True,False,217,0
0.1694844972183325,-1.0080352493004738,0.6199088881807084,1.0181925677154562,1.0157753649624786,1.133104480223449,1.9786969275774422,0.016662677451617938,False,False,True,False,True,False,False,True,False,True,False,False,False,False,True,True,False,False,False,False,218,0
0.048442531658055316,0.8080886555819861,0.050411495922002544,-0.8362593133415639,1.0599877429502726,-0.7761141006608985,-0.4262628753384425,-0.7375671514865162,False,False,True,False,True,True,False,False,False,False,True,False,True,False,False,False,False,True,False,False,219,0
-0.8697472356634752,0.8945707462906747,-1.0072265182727371,-0.8645475623746371,1.325262010877037,-0.6756289121933012,-0.19876667776531826,-0.7259636156566988,True,False,False,True,False,False,True,False,False,True,False,False,False,False,True,False,False,False,False,True,220,0
-0.7976984466395007,-1.6134098842612938,1.0538116632349606,1.6091026586285406,0.7103080261377197,0.22873778401507386,-0.9137547272808515,-0.11097621667637399,True,False,False,True,False,True,False,False,False,False,False,True,True,False,False,False,False,True,False,False,221,1
-0.6904898485718267,-0.575624795757031,1.243644127321196,0.5498648892790223,1.2287986407218499,0.02776740707987939,-0.8487558136885304,-0.8187919022952383,True,False,False,True,False,False,False,True,False,False,True,False,True,False,False,False,False,False,False,True,222,0
-0.8755111387853931,-1.6134098842612938,1.1932804123595417,1.6405340464430662,0.8228486246521045,-0.8765992891284957,-0.7837569000962091,-1.1552944413599442,True,False,False,False,True,False,True,False,False,False,True,False,False,False,True,False,False,False,True,False,223,1
0.0490189219702472,0.4621602927472318,0.0775304193628933,-0.5030866025075909,0.6419798056111289,-0.575143723725704,-0.4587623321346031,0.4285881994101373,False,False,True,False,True,False,False,True,True,False,False,False,False,False,True,True,False,False,False,False,224,1
0.013859112926547693,-1.6134098842612938,1.1777838846790327,1.6311046300987087,1.1725283414646575,-0.07271778138771784,0.2237262605847696,-0.8245936702101471,False,False,True,False,True,False,True,False,False,False,False,True,False,True,False,False,False,False,True,False,225,1
0.024234138546,1.3269811998341174,-1.2358003015602448,-1.3580203510626916,-0.8411445105248713,0.3292229724826711,-0.6212596161154061,-0.7839812948057859,False,False,True,False,True,False,True,False,True,False,False,False,False,False,True,False,False,False,True,False,226,1
-0.8951084093999142,0.5486423834559204,0.8678533310688525,-0.5816650720439053,-0.07747616346297417,-0.575143723725704,-0.9462541840770121,1.7223824444347828,True,False,False,False,True,True,False,False,False,False,True,False,True,False,False,True,False,False,False,False,227,0
-0.027064599239069856,0.11623192991247754,1.1777838846790327,-0.1070511160445662,0.3324931596965706,1.2335896686910461,-0.881255270484691,1.8674266423075008,False,False,True,False,True,False,False,True,True,False,False,False,False,True,False,False,False,False,True,False,228,1
-0.7948164950785418,0.9810528369993632,0.39133510489320067,-1.005988807540003,0.32847385260677114,-0.7761141006608985,1.1337110508772665,1.107395045454458,True,False,False,False,True,True,False,False,False,False,False,True,False,False,True,True,False,False,False,False,229,1
0.24210967655449886,-0.22969643292227673,0.3409713899315464,0.24498042747812238,0.15162434065559496,-0.07271778138771784,-0.5237612457269243,1.4496993524340727,False,False,True,False,True,True,False,False,False,True,False,False,False,False,True,False,False,False,True,False,230,0
-0.9475599278093676,-0.9215531585917853,0.3487196537718009,0.9584729308678572,0.30837731715777383,-0.977084477596093,-0.7187579865038879,-0.8478007418697819,True,False,False,False,True,False,True,False,True,False,False,False,False,False,True,False,True,False,False,False,231,0
-0.5567672961433301,0.9810528369993632,0.04266323208174805,-0.9556985870367618,-2.1032069367219015,0.12825259554747662,-0.10126830737683644,1.5425276390726124,True,False,False,False,True,True,False,False,False,False,True,False,True,False,False,False,False,True,False,False,232,0
-0.6824203842011416,-0.6621068864657196,-0.03094527440066973,0.6504453302855048,0.7786362466643105,0.6306785378854628,-0.39376341854228186,2.6100529354158177,True,False,False,False,True,False,True,False,False,False,False,True,False,True,False,False,True,False,False,False,233,1
-0.8426568909904608,1.4999453812514947,-2.2818159199946026,-1.4648870696320793,0.6138446559825327,5.052026830459741,-0.16626722096915764,0.2545351619628756,True,False,False,False,True,False,True,False,False,False,False,True,True,False,False,True,False,False,False,False,234,1
-0.7193093641814166,0.7216065648732976,-1.452751689087371,-0.7199631784278187,-1.259152447864015,-0.7761141006608985,0.6137197421386968,-0.4996946669752585,True,False,False,False,True,False,False,True,False,False,True,False,True,False,False,True,False,False,False,False,235,0
-0.8737819678488178,0.37567820203854324,-0.0077004828799062215,-0.40564930028256097,-0.5477350929695108,0.73116372635306,-0.8487558136885304,-0.7955848306356034,True,False,False,False,True,False,True,False,False,True,False,False,False,True,False,False,True,False,False,False,236,1
1.9764681259396122,-0.4026606143396539,0.9065946502701251,0.36756283995477285,-0.5356771717001124,1.5350452340938379,3.831165964958597,-0.9928449397425,False,True,False,False,True,True,False,False,False,True,False,False,False,True,False,True,False,False,False,False,237,0
-0.40921137622223036,0.6351244741646089,-1.2706674888413902,-0.6382415701100517,-0.9778009515780529,-0.8765992891284957,-0.19876667776531826,0.5446235577083118,True,False,False,False,True,False,True,False,False,False,False,True,True,False,False,False,False,True,False,False,238,1
-0.6409202817233324,-0.6621068864657196,0.5385521178580363,0.6504453302855048,0.11545057684739983,-0.6756289121933012,-0.5887601593192455,0.1559051074094273,True,False,False,False,True,False,False,True,False,True,False,False,False,False,True,False,True,False,False,False,239,0
2.429510911322364,1.1540170184167404,-1.1195763439564272,-1.1631457466126318,0.17172087610459225,-0.17320296985531508,-0.881255270484691,-1.3699598542115672,False,True,False,False,True,True,False,False,False,False,True,False,False,False,True,False,False,False,False,True,240,0
2.1862741995774257,-1.2674815214265396,0.7245104500241443,1.2382122824171364,0.8831382309990964,-0.3741733467905095,-0.7837569000962091,0.045671517026161554,False,True,False,False,True,False,False,True,False,False,False,True,False,False,True,False,False,True,False,False,241,0
-0.633427207664839,-0.0567322515048996,0.17438371736607458,0.0406764066837049,-0.9818202586678524,0.6306785378854628,0.3862235445655726,-0.3024345578683619,True,False,False,False,True,False,False,True,False,False,False,True,True,False,False,False,False,True,False,False,242,0
0.09282458569682377,1.6729095626688717,0.18600611312645635,-1.631473425049066,-1.1224960068108334,-0.7761141006608985,0.9387143101003029,-0.8594042776995994,False,False,True,False,True,True,False,False,False,False,True,False,False,False,True,True,False,False,False,False,243,1
1.9920306643687906,0.5486423834559204,1.2513923911614504,-0.5062297412890434,-1.1385732351700313,-0.7761141006608985,-0.8162563568923697,0.4750023427294071,False,True,False,False,True,False,True,False,True,False,False,False,False,False,True,False,False,True,False,False,244,1
-1.088199163984166,1.3269811998341174,0.24411809192836512,-1.3423046571554287,-2.2720178344934787,0.02776740707987939,-0.8162563568923697,-0.9464307964232302,True,False,False,False,True,True,False,False,False,True,False,False,False,True,False,False,True,False,False,False,245,0
2.008169593110161,-0.6621068864657196,-0.112302044723342,0.641015913941147,-0.23824844705495252,-0.575143723725704,-0.8487558136885304,0.4227864314952286,False,True,False,False,True,True,False,False,True,False,False,False,True,False,False,False,False,False,True,False,246,0
2.1914617123871523,-0.7485889771744081,0.9182170460305068,0.7070218283516511,0.2842614746189771,-0.8765992891284957,-0.8487558136885304,-0.9232237247635954,False,True,False,False,True,False,True,False,False,True,False,False,False,True,False,False,False,False,True,False,247,0
0.08936624382367286,0.8080886555819861,-0.6120650624197574,-0.7765396764939649,1.3493778534158336,1.133104480223449,-0.9137547272808515,1.6759683011155129,False,False,True,False,True,False,True,False,True,False,False,False,False,True,False,False,False,False,True,False,248,0
-0.7279552188642935,0.029749839203788972,-1.3094088080426627,-0.031615785289704365,-0.20609399033655684,-0.7761141006608985,-0.3287645049499607,0.16750864323924475,True,False,False,False,True,False,True,False,True,False,False,False,True,False,False,False,False,False,True,False,249,0
-0.9567821728044363,-0.575624795757031,1.2823854465224684,0.6064413873451686,-0.21413260451615576,-0.8765992891284957,0.6787186557310181,-0.6795494723374289,True,False,False,False,True,False,True,False,False,False,False,True,False,False,True,False,False,False,True,False,250,0
-0.7613858569714177,-0.575624795757031,-0.10067964896296025,0.6127276649080738,0.5495357425457413,-0.8765992891284957,-0.4587623321346031,1.3104569224762634,True,False,False,False,True,False,True,False,False,False,False,True,False,False,True,False,False,False,True,False,251,1
0.24556801842764955,0.9810528369993632,-1.9176475195026412,-0.9934162524141927,0.589728813443736,-0.6756289121933012,0.9712137668964635,-0.47068582740071485,False,False,True,False,True,False,True,False,False,True,False,False,True,False,False,False,True,False,False,False,252,0
-0.8524555262977214,-0.3161785236309653,0.4339505560146004,0.31412948067007906,0.12348919102699875,-0.575143723725704,0.8412159397118211,1.0841879737948232,True,False,False,False,True,False,False,True,False,True,False,False,False,True,False,False,False,True,False,False,253,1
0.24672079905203312,-0.0567322515048996,-0.9723593309915918,0.056392100590967775,-0.4834261795327195,-0.17320296985531508,-0.3612639617461213,0.1791121790690622,False,False,True,False,True,True,False,False,True,False,False,False,True,False,False,False,False,False,False,True,254,1
-0.8991431415852568,-0.8350710678830967,-0.14716923200448728,0.8767513225500903,-0.20609399033655684,-0.17320296985531508,0.9387143101003029,-1.097276762210857,True,False,False,False,True,False,True,False,True,False,False,False,False,True,False,False,False,True,False,False,255,0
0.45537409206546325,-0.3161785236309653,0.7981189565065621,0.30470006432572133,-0.049341013834377966,-0.8765992891284957,-0.26376559135763944,-0.08776914501673909,False,False,True,False,True,True,False,False,True,False,False,False,False,False,True,False,False,False,False,True,256,0
-0.8288235234978577,-0.48914270504834245,1.1584132250783965,0.4964315299943285,0.39680207313336197,0.73116372635306,-0.39376341854228186,-0.7549724552312423,True,False,False,False,True,False,False,True,False,True,False,False,False,False,True,False,True,False,False,False,257,1
0.22424157687655305,1.1540170184167404,-1.7975494299786963,-1.1222849424537484,-0.4030400377367303,0.6306785378854628,1.4912050756350332,-0.25021864663418336,False,False,True,False,True,False,True,False,False,False,False,True,False,True,False,False,False,False,True,False,258,0
-0.5688714926993579,0.9810528369993632,-0.6934218327424297,-1.0028456687585505,-1.415905424366194,-0.3741733467905095,-0.13376776417299704,1.3046551545613547,True,False,False,False,True,True,False,False,True,False,False,False,True,False,False,False,False,False,True,False,259,1
-0.5948090567479887,0.029749839203788972,-0.6159391943398846,-0.012756952600988903,-0.7406618332798849,0.6306785378854628,-0.6212596161154061,0.7999013459642956,True,False,False,False,True,False,True,False,False,False,False,True,False,False,True,True,False,False,False,False,260,0
0.16544976503298991,-0.3161785236309653,0.18600611312645635,0.29212750919991104,1.2850689399790423,-0.47465853525810675,-0.6212596161154061,0.7824960422195695,False,False,True,False,True,False,False,True,True,False,False,False,False,True,False,False,True,False,False,False,261,0
0.4986033654798479,-1.353963612135228,0.8988463864298706,1.345079000986524,0.4209179156721587,1.133104480223449,0.1587273469924484,0.18491394698397093,False,False,True,False,True,False,False,True,False,False,True,False,True,False,False,False,False,True,False,False,262,0
-0.6161354982990851,-0.14321434221358817,-0.29826037688945006,0.1349705701272822,-0.6361598489450989,-0.17320296985531508,1.426206162042712,1.7513912840093264,True,False,False,False,True,True,False,False,True,False,False,False,False,True,False,True,False,False,False,False,263,0
-0.5250658289727814,-1.2674815214265396,1.0344410036343243,1.3073613356090932,0.6419798056111289,-0.8765992891284957,-0.7837569000962091,-0.6853512402523376,True,False,False,False,True,False,False,True,False,False,True,False,True,False,False,False,True,False,False,False,264,0
-0.9031778737705993,-0.4026606143396539,0.1976285088868381,0.3864216726434883,0.32847385260677114,-0.7761141006608985,-0.23126613456147885,-0.11097621667637399,True,False,False,False,True,False,True,False,False,False,False,True,False,False,True,True,False,False,False,False,265,0
2.268698014220852,-0.7485889771744081,0.9453359694713976,0.7164512446960088,-0.38696280937753247,-0.17320296985531508,0.7112181125271787,-0.9986467076574087,False,True,False,False,True,True,False,False,True,False,False,False,False,False,True,False,False,False,True,False,266,0
-0.8201776688149808,0.5486423834559204,-0.17428815544537804,-0.575378794481,-1.8258747475257386,-0.8765992891284957,-0.7512574433000485,0.9043331684326527,True,False,False,False,True,False,True,False,False,True,False,False,True,False,False,False,False,False,False,True,267,0
0.17236644877929153,-1.6134098842612938,1.0305668717141971,1.6468203240059716,1.3574164675954326,-0.575143723725704,-0.10126830737683644,-0.9406290285083215,False,False,True,False,True,False,True,False,False,False,True,False,False,False,True,False,False,False,True,False,268,0
-0.4680031880657936,0.2891961113298547,-0.5074635005763216,-0.2893531653688156,0.21191394700258684,0.9321341032882544,-0.881255270484691,0.6780642197512124,True,False,False,False,True,True,False,False,False,False,False,True,False,False,True,False,True,False,False,False,269,1
-0.6755037004548401,0.5486423834559204,-1.731689187336533,-0.5188022964148538,-0.4713682582633211,1.2335896686910461,-0.4587623321346031,-1.184303280934488,True,False,False,False,True,False,True,False,False,False,False,True,True,False,False,False,False,False,False,True,270,1
-0.5533089542701793,1.4999453812514947,0.08527868320314781,-1.534036122824036,-1.0903415500924378,0.12825259554747662,0.2887251741770908,1.0145667588159184,True,False,False,True,False,False,False,True,False,False,True,False,False,True,False,False,False,False,False,True,271,0
-0.04493269891701545,1.0675349277080517,-1.0265971778733733,-1.0594221668246968,-2.1514386217994947,1.2335896686910461,0.0937284334001272,2.32576630758529,False,False,True,False,True,False,False,True,False,True,False,False,True,False,False,False,False,True,False,False,272,1
1.9966417868663249,-0.6621068864657196,-0.4803445771354309,0.6253002200338841,0.5656129709049392,-0.47465853525810675,0.1262278901962878,2.6796741503947223,False,True,False,False,True,True,False,False,True,False,False,False,True,False,False,False,False,True,False,False,273,0
2.1130726299290683,-0.48914270504834245,-0.32537930033034085,0.48700211364997076,-0.48744548662251896,-0.977084477596093,2.7586838906852966,3.0509872969488807,False,True,False,False,True,False,False,True,True,False,False,False,False,False,True,False,False,False,True,False,274,0
2.1401629746020823,0.8945707462906747,-1.3791431826049532,-0.9054083665335206,0.12348919102699875,-0.47465853525810675,-0.19876667776531826,-0.4010646124218102,False,True,False,False,True,False,True,False,False,False,True,False,False,False,True,False,True,False,False,False,275,0
-0.7100871191863478,-1.353963612135228,0.46494361137561846,1.382796666363955,0.5254199000069446,0.02776740707987939,-0.6212596161154061,-1.0218537793170437,True,False,False,False,True,False,True,False,True,False,False,False,False,True,False,False,True,False,False,False,276,0
-0.726226047927718,0.5486423834559204,0.8213637480273256,-0.5628062393551898,0.7062887190479202,-0.3741733467905095,-0.9462541840770121,1.0493773663053707,True,False,False,False,True,True,False,False,False,True,False,False,True,False,False,False,False,True,False,False,277,0
-0.7855942500834731,-0.9215531585917853,-0.0890572532025785,0.9459003757420469,-0.08149547055277363,-0.8765992891284957,-0.3287645049499607,3.2888597814601384,True,False,False,False,True,False,True,False,False,False,True,False,False,True,False,True,False,False,False,False,278,1
0.14988722660381146,0.029749839203788972,-0.3060086407297046,-0.0536177567598724,-0.23824844705495252,0.3292229724826711,-0.6862585297077273,0.521416486048677,False,False,True,False,True,False,False,True,False,False,False,True,False,False,True,True,False,False,False,False,279,0
-0.10891202357030474,-1.2674815214265396,0.9220911779506341,1.241355421198589,0.730404561586717,-0.47465853525810675,-0.7837569000962091,0.3473634486014152,False,False,True,False,True,False,True,False,False,False,False,True,False,False,True,False,False,False,True,False,280,1
-0.5308297320946993,1.413463290542806,-0.34474995993097707,-1.4491713757248164,0.15564364774539444,0.12825259554747662,0.3862235445655726,1.0203685267308271,True,False,False,False,True,True,False,False,False,True,False,False,True,False,False,False,True,False,False,False,281,1
-0.11582870731660636,0.11623192991247754,-1.0498419693941368,-0.11648053238892393,-0.5316578646103131,2.841352684172602,-0.5237612457269243,-0.44167698782617126,False,False,True,False,True,False,True,False,False,True,False,False,False,False,True,False,False,False,False,True,282,0
2.397809444151815,0.7216065648732976,0.3952092368133279,-0.7042474845205557,0.9836209082440829,-0.07271778138771784,0.0937284334001272,-0.3662540049323578,False,True,False,False,True,False,False,True,False,False,True,False,False,False,True,False,False,True,False,False,283,0
-0.5838576408163445,-0.575624795757031,1.1274201697173785,0.6095845261266213,-0.19001676197735903,-0.575143723725704,-0.7837569000962091,-0.5983247215287067,True,False,False,False,True,False,False,True,False,False,True,False,True,False,False,False,False,False,False,True,284,1
-0.9054834350193665,1.240499109125429,-0.12005030856359651,-1.2731556039634722,-2.255940606134281,2.6403823072374073,-0.7512574433000485,-1.248122727998484,True,False,False,False,True,True,False,False,False,True,False,False,False,False,True,False,False,False,False,True,285,0
0.19138732908162068,1.4999453812514947,-0.9181214841098103,-1.5151772901353204,0.9394085302562889,-0.6756289121933012,-0.5562607025230849,-1.3177439429773885,False,False,True,False,True,False,False,True,True,False,False,False,False,False,True,True,False,False,False,False,286,0
-0.19709974133564956,1.6729095626688717,-1.3481501272439351,-1.7100518945853802,-1.5123687945213808,0.8316489148206573,-0.3287645049499607,-0.72016184774179,False,False,True,False,True,True,False,False,True,False,False,False,False,False,True,True,False,False,False,False,287,0
2.1885797608261925,1.240499109125429,-1.162191795077827,-1.2825850203078297,-1.259152447864015,1.0326192917558517,3.2786751994238665,0.5098129502188594,False,True,False,False,True,False,True,False,True,False,False,False,False,False,True,False,False,False,False,True,288,1
-1.065143551496494,0.2891961113298547,-1.0769608928350276,-0.2956394429317208,-0.6723336127532941,-0.977084477596093,-0.7837569000962091,-0.08776914501673909,True,False,False,True,False,False,False,True,False,False,True,False,False,False,True,False,False,True,False,False,289,0
-0.602302130806482,-1.353963612135228,0.4455729517749822,1.354508417330882,0.8107907033827062,-0.575143723725704,-0.16626722096915764,0.06887858868579645,True,False,False,False,True,True,False,False,True,False,False,False,False,False,True,False,False,False,False,True,290,1
2.0980864818120812,0.7216065648732976,0.02716670440123904,-0.6916749293947454,-0.8170286679860745,-0.8765992891284957,-0.03626939378451522,-0.44167698782617126,False,True,False,False,True,True,False,False,False,True,False,False,False,False,True,True,False,False,False,False,291,1
-0.5896215439382625,-0.48914270504834245,0.10464934280378406,0.515290362683044,0.21191394700258684,-0.47465853525810675,2.7586838906852966,-0.11097621667637399,True,False,False,False,True,True,False,False,False,False,False,True,False,False,True,False,False,False,True,False,292,1
-0.7291079994886771,1.1540170184167404,-0.6663029093015389,-1.2008634119900627,-0.3950014235571314,-0.17320296985531508,-0.5237612457269243,0.625848308517034,True,False,False,False,True,False,True,False,False,False,False,True,False,True,False,False,False,False,False,True,293,0
-0.4461003562025053,0.7216065648732976,-1.2086813781193542,-0.716820039646366,0.7665783253949121,0.02776740707987939,0.2562257173809302,0.5272182539635857,True,False,False,False,True,False,True,False,False,True,False,False,False,True,False,False,True,False,False,False,294,1
-0.5083505099192193,0.2891961113298547,-0.6856735689021752,-0.3082119980575311,-1.5123687945213808,-0.17320296985531508,0.2562257173809302,-0.41846991616653634,True,False,False,False,True,True,False,False,True,False,False,False,True,False,False,False,False,True,False,False,295,0
-0.1607871516675665,1.1540170184167404,-1.0614643651545186,-1.1317143587981062,0.0029099783330149946,-0.6756289121933012,-0.5887601593192455,0.05147328494107028,False,False,True,False,True,False,False,True,True,False,False,False,True,False,False,True,False,False,False,False,296,0
-0.661670332962237,-0.575624795757031,0.4184540283340914,0.537292334153212,1.2931075541586412,2.1379563648994213,0.8087164829156605,-1.0450608509766786,True,False,False,False,True,True,False,False,True,False,False,False,True,False,False,False,False,False,True,False,297,0
2.190308931762768,-0.6621068864657196,-0.28276384920894104,0.6724473017556728,0.48120752201915057,1.133104480223449,1.263708878061909,1.4729064240937075,False,True,False,False,True,False,True,False,True,False,False,False,False,True,False,False,True,False,False,False,298,0
-0.6472605751574421,-0.7485889771744081,1.2552665230815776,0.744739493729082,0.6620763410601262,0.02776740707987939,0.028729519807805987,3.8574330371211936,True,False,False,False,True,True,False,False,False,False,False,True,False,False,True,True,False,False,False,False,299,0
0.30954734308093884,0.6351244741646089,-1.8672838045409867,-0.6822455130503877,-1.504330180341782,-0.977084477596093,-0.13376776417299704,2.575242327926365,False,False,True,False,True,True,False,False,False,False,True,False,True,False,False,True,False,False,False,False,300,1
-0.09507865607770173,1.6729095626688717,-1.747185715017042,-1.653475396519234,-0.6843915340226925,1.5350452340938379,0.9387143101003029,0.3415616806865065,False,False,True,False,True,False,True,False,False,False,False,True,False,True,False,False,False,True,False,False,301,1
-1.07667135774033,-1.353963612135228,1.274637182682214,1.345079000986524,1.140373884746262,-0.2736881583229123,-0.26376559135763944,-0.7665759910610598,True,False,False,False,True,True,False,False,False,False,True,False,False,False,True,True,False,False,False,False,302,1
-0.6293924754794964,0.8945707462906747,-0.41061020257314035,-0.8676907011560897,-1.4440405739947901,4.147660134251366,-0.3287645049499607,-1.1668979771897618,True,False,False,False,True,False,True,False,False,False,True,False,False,True,False,False,False,False,True,False,303,1
-0.8910736772145715,0.4621602927472318,-0.019322878640287977,-0.5030866025075909,-1.013974715386248,-0.977084477596093,-0.9787536408731727,4.321574470313892,True,False,False,False,True,False,True,False,True,False,False,False,False,True,False,False,False,False,False,True,304,0
2.070419746826875,-1.6134098842612938,1.170035620838778,1.6248183525358035,1.256933790350446,-0.8765992891284957,-0.26376559135763944,-0.9058184210188691,False,True,False,False,True,False,True,False,False,False,True,False,True,False,False,False,False,True,False,False,305,0
-0.6489897460940174,1.6729095626688717,-0.5539530836178487,-1.6880499231152122,-0.5557737071491098,-0.3741733467905095,-0.7512574433000485,-0.0007426262931082349,True,False,False,True,False,False,True,False,False,False,True,False,False,False,True,True,False,False,False,False,306,0
2.0980864818120812,0.9810528369993632,-0.3989878068127586,-0.9682711421625722,0.5575743567253403,1.3340748571586434,-0.4587623321346031,-0.7955848306356034,False,True,False,False,True,True,False,False,False,False,False,True,False,False,True,False,False,True,False,False,307,1
-0.8743583581610096,-0.575624795757031,0.5191814582573999,0.5624374444048326,0.13554711229639713,0.12825259554747662,0.1587273469924484,-1.3351492467221147,True,False,False,False,True,False,True,False,False,True,False,False,True,False,False,False,False,True,False,False,308,1
0.080720389140796,1.4999453812514947,-2.3244313711160025,-1.4837459023207946,-1.1385732351700313,-0.8765992891284957,-0.7512574433000485,0.7186765951555736,False,False,True,False,True,False,True,False,False,False,False,True,False,False,True,False,False,False,False,True,309,0
0.3821725224171052,0.37567820203854324,1.1080495101167422,-0.3867904675938455,-1.206901455696622,-0.977084477596093,0.2562257173809302,-0.44747875574108,False,False,True,False,True,False,False,True,False,False,True,False,False,True,False,False,True,False,False,False,310,0
2.2738855270305787,1.6729095626688717,-0.4880928409756854,-1.6660479516450442,-2.4006356613670614,-0.8765992891284957,1.7837001868004787,-0.09937268084655654,False,True,False,False,True,False,False,True,False,False,False,True,False,True,False,False,True,False,False,False,311,1
-0.7659969794689521,0.029749839203788972,0.5540486455385453,-0.006470675038083751,-0.2704029037733482,-0.7761141006608985,-0.3287645049499607,-0.4068663803367189,True,False,False,False,True,True,False,False,False,False,True,False,False,True,False,False,True,False,False,False,312,1
-0.7873234210200484,0.37567820203854324,-0.65080638162103,-0.34278652465350945,-0.9577044161290557,-0.8765992891284957,-0.8487558136885304,-0.4010646124218102,True,False,False,False,True,False,True,False,False,False,False,True,False,True,False,False,True,False,False,False,313,1
2.152843561470302,-1.0945173400091623,0.4068316325737097,1.0527670943114344,0.388763458953763,-0.8765992891284957,-0.13376776417299704,-0.8942148851890517,False,True,False,False,True,True,False,False,True,False,False,False,False,False,True,False,True,False,False,False,314,0
0.16775532628175704,-1.353963612135228,0.7128880542637626,1.360794694893787,1.0117560578726792,-0.8765992891284957,0.4837219149540545,0.35896698443123265,False,False,True,False,True,False,True,False,False,False,True,False,False,False,True,False,False,False,False,True,315,0
-0.1602107613553746,0.2027140206211661,-0.3408758280108498,-0.16677075289216514,-0.005128635846583923,-0.17320296985531508,-0.16626722096915764,0.9565490796668312,False,False,True,False,True,False,False,True,False,True,False,False,False,True,False,False,False,True,False,False,316,0
-0.2558915531792127,1.0675349277080517,-0.112302044723342,-1.0405633341359815,-0.5597930142389093,-0.575143723725704,-0.19876667776531826,-1.2771315675730275,False,False,True,False,True,False,True,False,False,False,False,True,False,True,False,False,False,False,True,False,317,1
-0.7296843898008688,-1.6134098842612938,0.8523568033883435,1.612245797409993,0.7705976324847116,-0.7761141006608985,-0.9137547272808515,2.093695590988941,True,False,False,False,True,False,False,True,True,False,False,False,False,True,False,False,False,False,True,False,318,1
0.2588249956080609,0.37567820203854324,-1.5960945701320792,-0.40564930028256097,-1.399828196006996,-0.575143723725704,0.1262278901962878,0.4285881994101373,False,False,True,True,False,True,False,False,False,False,True,False,True,False,False,False,False,False,True,False,319,1
-0.6420730623477159,0.2891961113298547,-1.1350728716369363,-0.26106491633574247,0.3726862305945652,-0.47465853525810675,-0.5887601593192455,-0.09937268084655654,True,False,False,False,True,False,False,True,True,False,False,False,True,False,False,False,False,False,False,True,320,0
-0.5510033930214122,-1.353963612135228,0.8329861437877073,1.3576515561123343,0.3927827660435625,0.02776740707987939,0.3862235445655726,-0.24441687871927464,True,False,False,False,True,True,False,False,False,False,True,False,False,False,True,True,False,False,False,False,321,1
-0.8466916231758034,0.029749839203788972,-0.09680551704283301,-0.04418834041551467,0.27220355334957874,1.4345600456262406,0.5812202853425362,-1.0682679226363134,True,False,False,False,True,False,False,True,False,False,False,True,True,False,False,False,True,False,False,False,322,0
-0.715274631996074,0.8080886555819861,-1.2629192250011356,-0.8268298969972062,-2.002724259476915,0.4297081609502683,-0.0037699369883546193,-1.0218537793170437,True,False,False,False,True,True,False,False,False,False,False,True,False,False,True,False,False,False,True,False,323,0
-0.06741192109249551,1.0675349277080517,-0.3137569045699591,-1.0845672770763175,-2.1393807005300967,0.02776740707987939,-0.06876885058067583,-0.11677798459128272,False,False,True,False,True,True,False,False,False,True,False,False,False,False,True,False,True,False,False,False,324,1
-0.8472680134879952,1.3269811998341174,0.9337135737110158,-1.3297321020296184,0.25210701790058143,0.02776740707987939,-0.881255270484691,0.10949096409015752,True,False,False,False,True,True,False,False,False,False,False,True,True,False,False,True,False,False,False,False,325,0
2.359767683547157,1.6729095626688717,0.32160073033091013,-1.6943362006781173,1.0197946720522781,0.3292229724826711,-0.9462541840770121,-0.02394969795274313,False,True,False,False,True,True,False,False,False,True,False,False,False,False,True,False,True,False,False,False,326,1
1.9205582656570082,-0.48914270504834245,-0.5345824240172125,0.49328839121287593,-0.12570784854056768,0.73116372635306,0.6462191989348575,-0.44167698782617126,False,True,False,False,True,False,True,False,True,False,False,False,False,True,False,False,False,False,False,True,327,0
2.0064404221735854,0.2891961113298547,-0.09293138512270575,-0.24220608364702698,-0.31461528176114223,0.8316489148206573,0.6787186557310181,0.08628389243052262,False,True,False,False,True,False,True,False,False,True,False,False,False,True,False,False,False,False,True,False,328,0
0.18850537752066188,0.11623192991247754,0.12014587048429307,-0.06933345066713528,1.3453585463260342,0.8316489148206573,-0.8487558136885304,0.625848308517034,False,False,True,False,True,False,False,True,False,False,True,False,False,False,True,True,False,False,False,False,329,0
2.5874418568629163,-0.8350710678830967,0.44169881985485493,0.8610356286428273,1.132335270566663,-0.575143723725704,0.41872300136173324,0.41118289566541116,False,True,False,False,True,False,False,True,False,True,False,False,False,False,True,False,True,False,False,False,330,1
-0.7083579482497725,1.5864274719601832,-1.3636466549244441,-1.556038094294204,-2.3765198188282644,-0.575143723725704,1.9461974707812817,-1.2191138884239403,True,False,False,False,True,True,False,False,True,False,False,False,False,False,True,False,True,False,False,False,331,0
-0.6697397973329221,0.7216065648732976,-0.40286193873288584,-0.7451082886794392,-0.11766923436096877,-0.07271778138771784,1.6212029028196757,-0.31983986161308803,True,False,False,False,True,False,True,False,True,False,False,False,False,True,False,False,False,True,False,False,332,0
2.1297879489826297,0.8945707462906747,-0.3408758280108498,-0.9022652277520681,-0.680372226932893,0.12825259554747662,-0.7187579865038879,-1.1262856017854006,False,True,False,True,False,False,True,False,True,False,False,False,False,True,False,False,False,True,False,False,333,1
2.139010193977698,-1.180999430717851,1.305630238043232,1.1722063680066324,1.2609530974402456,1.2335896686910461,-0.10126830737683644,-1.2307174242537577,False,True,False,False,True,True,False,False,False,False,True,False,True,False,False,False,False,False,False,True,334,0
-0.684149555137717,1.1540170184167404,-2.1539695666304035,-1.1348574975795587,-1.1425925422598306,0.6306785378854628,1.4912050756350332,-0.09357091293164782,True,False,False,False,True,True,False,False,False,False,True,False,False,True,False,False,False,True,False,False,335,0
0.30954734308093884,-1.2674815214265396,0.5075590624970182,1.2256397272913262,0.388763458953763,0.4297081609502683,0.6462191989348575,1.043575598390462,False,False,True,False,True,False,False,True,False,False,True,False,True,False,False,False,False,True,False,False,336,0
-0.7129690707473069,0.4621602927472318,0.41070576449383694,-0.41822185540837126,-1.1305346209904323,-0.3741733467905095,-0.49126178893076367,-0.7897830627206947,True,False,False,False,True,False,True,False,False,False,True,False,False,False,True,False,False,False,True,False,337,1
0.2709291921640887,1.5864274719601832,0.24799222384849237,-1.6283302862676132,1.3654550817750315,-0.7761141006608985,-0.4587623321346031,-0.5229017386348934,False,False,True,False,True,False,True,False,True,False,False,False,False,True,False,False,False,True,False,False,338,0
-0.8524555262977214,-1.180999430717851,0.37583857721269165,1.1659200904437272,0.589728813443736,-0.575143723725704,0.7762170261194999,-0.38946107659199275,True,False,False,False,True,True,False,False,False,False,True,False,True,False,False,True,False,False,False,False,339,0
-0.8922264578389553,1.413463290542806,-2.1965850177518034,-1.4114537103473854,-1.874106432603332,-0.6756289121933012,-0.8162563568923697,-1.1959068167643054,True,False,False,True,False,False,False,True,False,True,False,False,False,True,False,False,False,True,False,False,340,1
-0.6017257404942902,0.029749839203788972,-0.05031593400130599,-0.0033275362566311745,0.7143273332275192,-0.8765992891284957,0.1587273469924484,-1.0450608509766786,True,False,False,False,True,True,False,False,False,True,False,False,True,False,False,False,False,False,False,True,341,1
0.45364492112888777,1.5864274719601832,-1.6735772085346243,-1.6063283147974452,-2.0147821807463133,2.2384415533670183,0.191226803788609,4.112710825377177,False,False,True,False,True,False,False,True,False,False,False,True,False,True,False,False,False,True,False,False,342,1
-0.7538927829129243,-1.353963612135228,0.4843142709762547,1.3136476131719983,0.8107907033827062,-0.6756289121933012,-0.8162563568923697,-0.9116201889337779,True,False,False,False,True,True,False,False,False,False,False,True,True,False,False,False,False,False,False,True,343,1
-0.6605175523378534,-0.0567322515048996,0.860105067228598,0.056392100590967775,0.8067713962929067,0.22873778401507386,-0.6537590729115668,-0.02394969795274313,True,False,False,False,True,False,True,False,True,False,False,False,True,False,False,True,False,False,False,False,344,1
0.0668870216481928,-1.2674815214265396,1.1932804123595417,1.272786809013115,0.5937481205335354,0.5301933494178656,-0.23126613456147885,1.130602117114093,False,False,True,True,False,True,False,False,False,False,True,False,False,False,True,False,False,False,False,True,345,0
0.47381858205560073,0.5486423834559204,-0.06968659360194224,-0.5376611291035692,-0.9577044161290557,0.12825259554747662,-0.8162563568923697,-0.952232564338139,False,False,True,False,True,False,False,True,False,True,False,False,True,False,False,False,False,False,False,True,346,0
-0.40690581497346323,-1.353963612135228,0.6160347562605812,1.3105044743905458,0.9554857586154867,-0.7761141006608985,1.003713223692624,0.6722624518363037,True,False,False,False,True,True,False,False,True,False,False,False,False,True,False,False,False,False,False,True,347,0
-0.49451714242661615,1.6729095626688717,-1.1234504758765547,-1.6346165638305183,-0.7286039120104865,-0.07271778138771784,-0.7187579865038879,-0.47068582740071485,True,False,False,False,True,False,False,True,True,False,False,False,False,True,False,True,False,False,False,False,348,0
-0.8974139706486814,-0.0567322515048996,-1.0227230459532461,0.02810385155789459,-0.35480835265913685,0.6306785378854628,0.3862235445655726,-1.0508626188915873,True,False,False,False,True,False,False,True,False,True,False,False,False,False,True,False,True,False,False,False,349,1
-0.5008574358607258,-0.9215531585917853,0.3719644452925644,0.9270415430533314,-0.14982369107936444,0.3292229724826711,0.8737153965079817,-1.2075103525941229,True,False,False,False,True,True,False,False,False,False,False,True,True,False,False,False,False,False,False,True,350,0
-0.6518716976549764,-1.5269277935526053,0.67414673506249,1.5430967442180366,0.6459991127009284,0.9321341032882544,0.8087164829156605,-0.6389370969330679,True,False,False,False,True,True,False,False,False,True,False,False,False,False,True,False,False,False,True,False,351,1
0.22885269937408753,1.6729095626688717,-0.2169036065667778,-1.6723342292079493,0.8630416955500991,0.6306785378854628,-0.26376559135763944,1.7107789086049654,False,False,True,True,False,False,True,False,False,True,False,False,False,False,True,True,False,False,False,False,352,1
1.90499572722783,0.2027140206211661,0.4378246879347277,-0.2264903897397641,-0.4231365731857276,-0.47465853525810675,-0.9137547272808515,-1.1146820659555832,False,True,False,False,True,False,True,False,True,False,False,False,True,False,False,True,False,False,False,False,353,0
-0.7302607801130606,0.37567820203854324,-1.0420937055538824,-0.3805041900309403,0.6058060418029338,-0.575143723725704,-0.7512574433000485,0.4692005748144984,True,False,False,False,True,False,False,True,True,False,False,False,False,True,False,False,True,False,False,False,354,1
-0.6916426291962103,-1.4404457028439166,0.7748741649857985,1.4142280541784809,1.0881228925788688,1.0326192917558517,-0.8162563568923697,-0.018147930037834405,True,False,False,False,True,True,False,False,True,False,False,False,False,True,False,False,True,False,False,False,355,0
-0.8057679110101859,-0.8350710678830967,-0.17041402352525079,0.8107454081395862,1.0197946720522781,0.5301933494178656,-0.7187579865038879,-1.2713297996581188,True,False,False,False,True,False,True,False,True,False,False,False,False,True,False,False,False,False,True,False,356,0
-0.9758030531067657,-0.6621068864657196,0.9724548929122884,0.619013942470979,1.2247793336320505,1.3340748571586434,-0.3612639617461213,-0.15158859208073505,True,False,False,False,True,False,True,False,False,False,True,False,False,False,True,False,True,False,False,False,357,0
-0.726226047927718,1.413463290542806,-2.2004591496719303,-1.4114537103473854,-2.0188014878361127,-0.977084477596093,2.076195297965924,-0.7491706873163336,True,False,False,False,True,False,False,True,False,False,True,False,True,False,False,True,False,False,False,False,358,1
0.12971356567709852,-0.8350710678830967,1.1739097527589055,0.7981728530137758,1.220760026542251,0.6306785378854628,-0.4587623321346031,-0.5229017386348934,False,False,True,False,True,False,True,False,False,False,True,False,False,True,False,False,False,True,False,False,359,0
2.2952119685816754,-1.0080352493004738,1.2978819742029775,1.0087631513710984,0.12348919102699875,-0.977084477596093,-0.3612639617461213,-0.38946107659199275,False,True,False,True,False,True,False,False,True,False,False,False,False,False,True,True,False,False,False,False,360,0
0.13317190755024944,-0.0567322515048996,-0.3834912791322496,0.09096662718694612,1.3212427037872374,0.73116372635306,0.5812202853425362,-0.7433689194014249,False,False,True,False,True,False,False,True,True,False,False,False,False,True,False,False,False,False,False,True,361,0
-0.5198783161630551,-1.5269277935526053,1.1003012462764876,1.4833771073704376,0.7183466403173187,0.3292229724826711,-0.7187579865038879,0.2023192507286971,True,False,False,False,True,True,False,False,False,False,False,True,False,False,True,False,True,False,False,False,362,0
-0.8680180647268998,1.240499109125429,0.8910981225896161,-1.2197222446787783,1.2770303257994433,-0.6756289121933012,-0.4587623321346031,-0.9638361001679564,True,False,False,False,True,False,True,False,False,True,False,False,False,False,True,False,False,False,False,True,363,1
-0.81671932694183,1.1540170184167404,-2.1074799835888762,-1.1128555261093906,0.48120752201915057,-0.8765992891284957,-0.0037699369883546193,-0.6331353290181592,True,False,False,False,True,False,True,False,False,False,False,True,False,False,True,False,True,False,False,False,364,0
-0.9688863693604641,-1.4404457028439166,0.6005382285800722,1.4330868868671962,0.9152926877174921,-0.977084477596093,1.3612072484503908,-0.44167698782617126,True,False,False,False,True,False,True,False,False,True,False,False,False,False,True,True,False,False,False,False,365,1
0.2945611949639523,-0.22969643292227673,1.154539093158269,0.2544098438224801,-0.045321706744578506,-0.6756289121933012,-0.23126613456147885,0.43438996732504603,False,False,True,False,True,False,False,True,False,False,True,False,False,False,True,False,False,False,True,False,366,0
-0.7233440963667591,0.8080886555819861,-1.7549339788572966,-0.8111142030899433,-1.6208900859459663,-0.575143723725704,-0.881255270484691,-0.48809113114544106,True,False,False,False,True,False,True,False,False,False,False,True,False,True,False,False,True,False,False,False,367,0
-0.760233076347034,1.6729095626688717,0.8329861437877073,-1.703765617022475,0.26818424625977927,-0.2736881583229123,-0.0037699369883546193,-0.14578682416582633,True,False,False,False,True,False,False,True,True,False,False,False,False,False,True,False,False,True,False,False,368,0
-0.025911818614686288,-0.7485889771744081,0.25574048768874685,0.7384532161661769,0.7223659474071181,0.73116372635306,2.0436958411697637,0.45179527106977224,False,False,True,False,True,False,False,True,False,True,False,False,False,True,False,False,False,False,True,False,369,1
0.19196371939381257,-1.0080352493004738,1.1467908293180147,1.0213357064969089,1.1202773492972644,-0.47465853525810675,0.2562257173809302,0.21972455447342326,False,False,True,False,True,False,False,True,False,True,False,False,True,False,False,False,False,False,True,False,370,0
-0.4253503049636007,-0.9215531585917853,1.0848047185959786,0.9364709593976892,1.3453585463260342,-0.2736881583229123,-0.881255270484691,0.4924076464741333,True,False,False,False,True,False,False,True,False,False,False,True,False,False,True,False,False,False,True,False,371,0
-0.5417811480263435,1.3269811998341174,0.35646791761205543,-1.310873269340903,0.8951961522684948,0.12825259554747662,-0.23126613456147885,0.1559051074094273,True,False,False,False,True,False,True,False,False,False,True,False,False,False,True,False,False,True,False,False,372,1
2.1649477580263294,1.4999453812514947,-1.7355633192566604,-1.5088910125724153,-0.2020746832467574,-0.6756289121933012,-0.5562607025230849,0.49820941438904204,False,True,False,False,True,False,True,False,False,True,False,False,False,False,True,False,False,True,False,False,373,1
-0.9458307568727924,-0.4026606143396539,1.2978819742029775,0.4272824768023718,-0.6321405418552994,0.8316489148206573,2.5311876931121726,-0.23861511080436593,True,False,False,False,True,False,False,True,True,False,False,False,False,True,False,True,False,False,False,False,374,1
0.029421651355726153,1.3269811998341174,0.9143429141103796,-1.3737360449699545,-1.1345539280802317,-0.07271778138771784,-0.8487558136885304,-0.9290254926785041,False,False,True,True,False,True,False,False,False,False,False,True,False,True,False,False,False,False,False,True,375,1
0.22193601562778592,-1.6134098842612938,0.9027205183499979,1.6436771852245189,0.8067713962929067,-0.8765992891284957,-0.06876885058067583,0.1733104111541535,False,False,True,False,True,True,False,False,True,False,False,False,False,True,False,False,True,False,False,False,376,1
2.3447815354301698,1.240499109125429,0.20925090464721985,-1.2637261876191144,-0.3467697384795379,-0.3741733467905095,-0.5237612457269243,-0.9116201889337779,False,True,False,False,True,False,True,False,False,True,False,False,False,False,True,False,False,True,False,False,377,1
-0.7020176548156626,0.8945707462906747,-0.6972959646625569,-0.8771201175004474,-0.13776576980996605,-0.8765992891284957,1.0687121372849453,-0.2560204145490921,True,False,False,False,True,False,True,False,False,False,True,False,False,False,True,False,False,True,False,False,378,0
2.4370039853808576,0.8080886555819861,-1.4682482167678799,-0.7859690928383227,-0.7446811403696844,1.0326192917558517,1.9461974707812817,-0.6331353290181592,False,True,False,False,True,False,True,False,False,False,False,True,True,False,False,False,False,False,False,True,379,0
0.01789384511189028,-1.6134098842612938,1.1157977739569966,1.5965301035027302,1.055968435860473,0.9321341032882544,-0.29626504815380006,0.09788742826034007,False,False,True,False,True,False,True,False,False,False,False,True,False,True,False,False,False,False,False,True,380,0
0.18504703564751096,-1.180999430717851,0.9143429141103796,1.191065200695348,0.7987327821133078,-0.7761141006608985,-0.8162563568923697,-0.5693158819541632,False,False,True,False,True,True,False,False,False,False,False,True,False,True,False,True,False,False,False,False,381,0
2.2738855270305787,1.6729095626688717,-1.0537161013142642,-1.675477367989402,0.8308872388317035,-0.2736881583229123,-0.6212596161154061,-0.8536025097846907,False,True,False,False,True,False,True,False,False,False,False,True,False,True,False,False,True,False,False,False,382,0
-0.16309271291633362,0.2027140206211661,-0.6120650624197574,-0.22334725095831154,0.9876402153338824,-0.7761141006608985,-0.3287645049499607,0.26613869779269306,False,False,True,False,True,False,False,True,True,False,False,False,False,False,True,False,False,False,True,False,383,0
2.1297879489826297,0.4621602927472318,-0.04256767016105149,-0.427651271752729,0.923331301897091,-0.7761141006608985,0.2887251741770908,-1.2191138884239403,False,True,False,False,True,False,False,True,False,True,False,False,False,True,False,False,True,False,False,False,384,1
-0.39364883779305193,1.5864274719601832,0.6392795477813448,-1.615757731141803,-0.41107865191632925,-0.2736881583229123,0.2887251741770908,0.8405137213686568,True,False,False,False,True,False,True,False,False,True,False,False,False,False,True,True,False,False,False,False,385,0
2.490031894102502,0.8945707462906747,-0.47647044521530363,-0.8928358114077103,-1.126515313900633,-0.977084477596093,0.6137197421386968,-0.7839812948057859,False,True,False,False,True,False,True,False,False,False,True,False,True,False,False,False,True,False,False,False,386,0
-0.7642678085323765,0.11623192991247754,-0.6624287773814117,-0.12276680995182908,-1.0943608571822372,-0.7761141006608985,0.7762170261194999,0.7650907384748433,True,False,False,False,True,False,False,True,False,True,False,False,False,False,True,True,False,False,False,False,387,1
0.1383594203599756,0.5486423834559204,0.8291120118675801,-0.5942376271697155,1.0841035854890693,-0.17320296985531508,-0.8487558136885304,1.1944215641780889,False,False,True,True,False,False,True,False,False,True,False,False,False,True,False,True,False,False,False,False,388,1
0.15104000722819502,0.5486423834559204,0.6315312839410903,-0.5219454351963063,-0.5437157858797114,0.8316489148206573,1.0687121372849453,-0.8594042776995994,False,False,True,False,True,False,False,True,False,True,False,False,False,False,True,False,False,False,False,True,389,0
2.3960802732152398,-0.7485889771744081,0.8252378799474528,0.7856002978879655,-0.12570784854056768,-0.575143723725704,1.426206162042712,0.8231084176239306,False,True,False,False,True,True,False,False,False,False,True,False,False,True,False,True,False,False,False,False,390,0
0.10319961131627607,-0.575624795757031,-0.5500789516977214,0.5938688322193584,0.11946988393719929,0.6306785378854628,-0.03626939378451522,1.6643647652856954,False,False,True,False,True,False,False,True,False,False,False,True,False,False,True,False,True,False,False,False,391,0
-0.5112324614801783,-1.0945173400091623,0.8252378799474528,1.0999141760332232,0.2561263249903809,0.22873778401507386,-0.9787536408731727,-0.5867211856988893,True,False,False,False,True,False,True,False,False,False,True,False,False,False,True,True,False,False,False,False,392,0
0.09455375663339902,0.8080886555819861,-0.8328905818670107,-0.8331161745601113,1.0841035854890693,0.3292229724826711,-0.9787536408731727,-1.1146820659555832,False,False,True,False,True,False,True,False,False,True,False,False,False,True,False,False,False,True,False,False,393,1
0.2801514371591574,0.6351244741646089,1.2358958634809414,-0.635098431328599,-1.1023994713618361,-0.575143723725704,0.45122245815789386,-0.3256416295279968,False,False,True,False,True,True,False,False,False,True,False,False,False,False,True,True,False,False,False,False,394,1
2.2467951823575643,-0.14321434221358817,0.7593776373052895,0.15068626403454508,0.3686669235047657,1.5350452340938379,-0.29626504815380006,-0.6911530081672463,False,True,False,False,True,False,False,True,False,False,True,False,True,False,False,False,False,True,False,False,395,0
0.34240159087587124,1.4999453812514947,-2.115228247429131,-1.5151772901353204,-1.809797519166541,0.8316489148206573,-0.6862585297077273,-0.47648759531562357,False,False,True,False,True,True,False,False,False,False,False,True,True,False,False,True,False,False,False,False,396,0
1.8928915306718017,1.1540170184167404,-1.8169200895793325,-1.1788614405198947,1.2408565619912482,-0.977084477596093,-0.7512574433000485,-0.6505406327628853,False,True,False,False,True,True,False,False,True,False,False,False,True,False,False,True,False,False,False,False,397,0
-0.5792465183188101,1.413463290542806,-1.8789062003013686,-1.4491713757248164,-2.2197668423260857,-0.575143723725704,0.8737153965079817,0.5678306293679467,True,False,False,False,True,False,False,True,True,False,False,False,True,False,False,False,False,False,False,True,398,0
-0.5331352933434664,-1.353963612135228,0.6237830201008358,1.3922260827083128,0.6540377268805273,-0.17320296985531508,-0.6537590729115668,0.26613869779269306,True,False,False,False,True,False,False,True,False,False,False,True,True,False,False,False,False,False,False,True,399,0
-0.5780937376944266,-0.14321434221358817,1.0034479482733063,0.106682321094209,-1.0863222430026382,-0.07271778138771784,0.1587273469924484,0.03986974911125283,True,False,False,False,True,False,False,True,False,True,False,False,True,False,False,True,False,False,False,False,400,1
0.0029076969949034994,-1.6134098842612938,1.1119236420368694,1.5745281320325621,1.0077367507828796,0.8316489148206573,-0.8162563568923697,0.5040111823039507,False,False,True,False,True,True,False,False,False,True,False,False,True,False,False,False,False,False,True,False,401,0
0.45883243393861395,1.413463290542806,-1.7200667915761514,-1.3957380164401225,-0.6723336127532941,0.12825259554747662,-0.39376341854228186,-0.592522953613798,False,False,True,False,True,False,False,True,False,True,False,False,False,True,False,False,False,False,False,True,402,0
-0.6576356007768944,-0.9215531585917853,-0.12392444048372377,0.8893238776759006,1.325262010877037,1.133104480223449,0.191226803788609,0.028266213281435384,True,False,False,False,True,False,True,False,False,True,False,False,False,True,False,False,False,True,False,False,403,0
-0.7002884838790873,0.2027140206211661,-0.046441802081178735,-0.20448841826959607,0.7183466403173187,-0.47465853525810675,-0.39376341854228186,-1.0276555472319524,True,False,False,False,True,False,True,False,False,False,False,True,False,False,True,False,False,False,False,True,404,1
-0.8409277200538854,-1.6134098842612938,0.9956996844330519,1.6562497403503291,1.072045664219671,-0.575143723725704,-0.5887601593192455,0.6316500764319427,True,False,False,False,True,False,True,False,True,False,False,False,False,False,True,True,False,False,False,False,405,0
-0.5850104214407281,1.5864274719601832,-2.2818159199946026,-1.5811832045458245,-1.4802143378029853,1.2335896686910461,2.1086947547620847,-0.16899389582546123,True,False,False,False,True,True,False,False,False,False,False,True,False,False,True,False,False,False,True,False,406,0
-0.5561909058311383,1.4999453812514947,-0.5307082920970851,-1.5246067064796782,-1.8580292042441344,-0.575143723725704,0.2237262605847696,-0.3546504691025404,True,False,False,False,True,False,False,True,False,False,True,False,True,False,False,False,False,False,False,True,407,0
-0.461086504319492,-0.9215531585917853,1.290133710362723,0.8893238776759006,-0.10561131309157039,-0.07271778138771784,0.3862235445655726,-0.8826113493592342,True,False,False,False,True,True,False,False,True,False,False,False,False,True,False,False,True,False,False,False,408,0
-0.6801148229523745,1.5864274719601832,-1.0537161013142642,-1.5686106494200143,0.537477821276343,1.133104480223449,-0.4587623321346031,0.16750864323924475,True,False,False,False,True,True,False,False,False,False,True,False,False,True,False,False,True,False,False,False,409,0
0.12971356567709852,-1.353963612135228,1.0150703440336881,1.3576515561123343,1.0398912075012754,-0.8765992891284957,-0.23126613456147885,0.8231084176239306,False,False,True,False,True,True,False,False,False,False,True,False,False,False,True,True,False,False,False,False,410,1
0.3539293971197071,-1.4404457028439166,1.2203993358004324,1.4393731644301013,0.6701149552397251,0.5301933494178656,-0.19876667776531826,2.2619468605212942,False,False,True,False,True,True,False,False,False,True,False,False,False,True,False,False,False,True,False,False,411,0
2.0047112512370098,-1.2674815214265396,0.7167621861838898,1.250784837542947,1.2971268612484408,-0.575143723725704,-0.3287645049499607,1.1422056529439104,False,True,False,False,True,True,False,False,False,True,False,False,True,False,False,False,False,False,True,False,412,0
0.24960275061299214,0.6351244741646089,-1.5496049870905522,-0.6696729579245774,0.3123966242475733,-0.575143723725704,0.6462191989348575,-0.47068582740071485,False,False,True,False,True,False,False,True,False,True,False,False,True,False,False,True,False,False,False,False,413,0
0.12625522380394782,1.413463290542806,-1.995130157905186,-1.4020242940030276,-1.74146929863995,0.73116372635306,-0.16626722096915764,-0.7491706873163336,False,False,True,False,True,True,False,False,False,False,True,False,True,False,False,False,False,True,False,False,414,0
0.27438753403723937,1.6729095626688717,-1.530234327489916,-1.6943362006781173,-2.2679985274036794,1.635530422561435,1.9786969275774422,1.3684746016253506,False,False,True,False,True,True,False,False,False,False,True,False,True,False,False,False,True,False,False,False,415,1
0.24902636030080025,-0.6621068864657196,0.2712370153692559,0.6504453302855048,0.09133473430860309,-0.07271778138771784,-0.6212596161154061,0.045671517026161554,False,False,True,False,True,True,False,False,False,False,True,False,False,True,False,False,False,False,False,True,416,0
-1.0645671611843022,-0.4026606143396539,-0.33700169609072256,0.3707059787362254,0.7464817899459149,-0.977084477596093,0.06122897660396659,0.1559051074094273,True,False,False,False,True,False,False,True,False,True,False,False,True,False,False,False,False,False,False,True,417,0
-0.6242049626697702,0.8080886555819861,1.212651071960178,-0.8456887296859217,1.1845862627340558,-0.575143723725704,-0.8487558136885304,1.3858799053700768,True,False,False,False,True,True,False,False,False,False,True,False,True,False,False,False,False,False,False,True,418,0
-0.7850178597712812,-0.8350710678830967,0.860105067228598,0.8358905183912068,1.1644897272850585,-0.2736881583229123,-0.4262628753384425,1.2292321716675412,True,False,False,False,True,False,False,True,True,False,False,False,False,False,True,False,False,False,True,False,419,1
0.34758910368559737,-0.3161785236309653,-0.2401483980875413,0.3581334236104151,-0.2985380534019444,-0.07271778138771784,0.2887251741770908,-0.6853512402523376,False,False,True,True,False,True,False,False,True,False,False,False,False,True,False,False,True,False,False,False,420,1
-0.8397749394295019,-0.9215531585917853,1.1157977739569966,0.9333278206162366,0.923331301897091,0.73116372635306,1.1987099644695878,0.6490553801766689,True,False,False,True,False,False,True,False,True,False,False,False,True,False,False,False,True,False,False,False,421,0
0.0011785260583282514,-0.7485889771744081,-0.2246518704070323,0.7478826325105346,0.6982501048683214,-0.47465853525810675,-0.7512574433000485,1.130602117114093,False,False,True,False,True,False,False,True,False,False,True,False,True,False,False,False,False,True,False,False,422,0
0.3089709527687472,-1.4404457028439166,1.3133785018834865,1.4362300256486489,0.49326544328854893,0.3292229724826711,-0.9787536408731727,0.31255284111196285,False,False,True,False,True,False,False,True,False,False,True,False,False,True,False,False,True,False,False,False,423,0
-0.712392680435115,-0.9215531585917853,-0.02319701056041523,0.9584729308678572,-0.14982369107936444,2.7408674957050048,-0.10126830737683644,0.4750023427294071,True,False,False,False,True,False,True,False,True,False,False,False,False,True,False,False,False,False,False,True,424,1
-0.7337191219862115,-0.3161785236309653,0.46494361137561846,0.31098634188862645,0.055160970500407955,-0.6756289121933012,2.8561822610737786,-0.0645620733571042,True,False,False,True,False,True,False,False,False,False,True,False,False,False,True,False,False,True,False,False,425,1
-0.6057604726796327,0.2891961113298547,-0.635309853940521,-0.2893531653688156,-0.009147942936383381,-0.2736881583229123,-0.03626939378451522,-0.5751176498690719,True,False,False,False,True,False,True,False,True,False,False,False,False,True,False,True,False,False,False,False,426,0
-0.8011567885126515,0.2891961113298547,-0.09293138512270575,-0.27363747146155276,-1.0179940224760475,0.6306785378854628,-0.5562607025230849,-0.8129901343803296,True,False,False,False,True,False,True,False,False,True,False,False,False,False,True,False,False,False,True,False,427,0
-0.7198857544936084,0.8080886555819861,-1.514737799809407,-0.8111142030899433,-0.9215306523208605,-0.8765992891284957,-0.06876885058067583,1.2698445470719022,True,False,False,False,True,False,True,False,False,False,True,False,True,False,False,False,False,True,False,False,428,0
-0.534864464280042,0.4621602927472318,-0.31763103649008634,-0.4968003249446857,-0.46734895117352165,-0.17320296985531508,-0.881255270484691,1.130602117114093,True,False,False,False,True,True,False,False,True,False,False,False,False,False,True,True,False,False,False,False,429,0
-0.5642603702018235,-0.48914270504834245,0.9724548929122884,0.4492844482725398,-0.41107865191632925,-0.8765992891284957,0.9387143101003029,-1.0508626188915873,True,False,False,False,True,False,False,True,False,True,False,False,True,False,False,False,True,False,False,False,430,1
-1.034594864950329,1.1540170184167404,-1.5573532509308068,-1.1945771344271576,-0.01316725002618284,0.02776740707987939,-0.6212596161154061,0.5968394689424903,True,False,False,False,True,True,False,False,False,False,False,True,False,False,True,True,False,False,False,False,431,1
-1.2075119586078675,0.7216065648732976,-1.0188489140331187,-0.7608239825867021,0.678153569419324,-0.2736881583229123,-0.03626939378451522,-0.5054964348901673,True,False,False,False,True,True,False,False,False,False,False,True,False,True,False,False,True,False,False,False,432,1
-0.7244968769911427,-0.6621068864657196,-0.1045537808830875,0.6284433588153368,-0.20609399033655684,-0.47465853525810675,-0.8162563568923697,-0.7317653835716075,True,False,False,False,True,False,False,True,True,False,False,False,True,False,False,True,False,False,False,False,433,0
-0.42131557277825815,-1.6998919749699823,0.9337135737110158,1.7065399608535705,1.1966441840034543,0.3292229724826711,-0.881255270484691,1.420690512859529,True,False,False,False,True,False,True,False,True,False,False,False,False,True,False,False,False,False,True,False,434,0
0.3153112462028569,-0.48914270504834245,0.6935173946631262,0.47442955852416047,0.9876402153338824,-0.17320296985531508,-0.7837569000962091,-1.016052011402135,False,False,True,False,True,False,True,False,False,False,True,False,True,False,False,False,False,False,False,True,435,1
0.27208197278847224,-0.14321434221358817,-0.6934218327424297,0.16640195794180795,1.1805669556442564,-0.977084477596093,-0.8487558136885304,0.08628389243052262,False,False,True,True,False,False,False,True,False,False,False,True,False,False,True,False,False,False,False,True,436,1
2.189732541450577,0.2027140206211661,4.778096034828073e-05,-0.19505900192523834,1.2448758690810477,0.8316489148206573,-0.49126178893076367,-0.23861511080436593,False,True,False,True,False,False,True,False,False,False,True,False,False,True,False,True,False,False,False,False,437,0
-0.7757956147762125,-1.5269277935526053,0.596664096659945,1.4896633849333427,1.1644897272850585,-0.47465853525810675,-0.3612639617461213,0.7360818989002997,True,False,False,False,True,True,False,False,False,False,False,True,True,False,False,False,False,True,False,False,438,0
-0.7423649766690884,1.1540170184167404,-1.2822898846017718,-1.2008634119900627,-1.7213727631909528,-0.977084477596093,-0.3287645049499607,-0.44167698782617126,True,False,False,True,False,False,False,True,False,True,False,False,True,False,False,False,True,False,False,False,439,1
0.3083945624565553,0.029749839203788972,0.6354054158612175,-0.031615785289704365,-0.8170286679860745,-0.17320296985531508,-0.26376559135763944,-0.38946107659199275,False,False,True,False,True,True,False,False,False,False,True,False,True,False,False,False,False,False,True,False,440,0
-0.672621748893881,0.029749839203788972,1.1894062804394145,-0.01590009138244148,-0.7687969829084811,-0.47465853525810675,1.6537023596158362,-0.14578682416582633,True,False,False,True,False,True,False,False,False,False,False,True,False,False,True,False,False,False,False,True,441,1
-1.0691782836818366,-1.353963612135228,0.4688177432957457,1.37651038880105,1.140373884746262,-0.8765992891284957,-0.5237612457269243,0.7360818989002997,True,False,False,False,True,True,False,False,False,False,True,False,False,True,False,False,False,True,False,False,442,1
-0.864559722853749,0.5486423834559204,0.29060767496989215,-0.5250885739777589,0.34857038805576845,-0.6756289121933012,-0.5887601593192455,-0.9928449397425,True,False,False,False,True,False,True,False,False,False,False,True,True,False,False,True,False,False,False,False,443,1
-0.8161429366296382,-1.6134098842612938,1.3250008976438683,1.6531066015688767,1.1042001209380667,-0.977084477596093,1.003713223692624,1.6875718369453305,True,False,False,False,True,False,True,False,True,False,False,False,False,True,False,False,True,False,False,False,444,0
-0.9919419818481359,-1.0080352493004738,0.8329861437877073,0.9993337350267407,0.5214005929171451,0.02776740707987939,-0.49126178893076367,0.016662677451617938,True,False,False,False,True,False,True,False,False,False,True,False,False,True,False,False,False,True,False,False,445,0
2.3465107063667454,-1.180999430717851,0.2673628834491286,1.1784926455695375,0.2159332540923863,-0.8765992891284957,0.1587273469924484,1.0551791342202794,False,True,False,False,True,False,True,False,False,False,False,True,False,True,False,False,True,False,False,False,446,1
1.934968023461803,1.7593916533775604,-2.126850643189513,-1.7257675884926431,-1.415905424366194,0.02776740707987939,0.7437175693233393,-0.17479566374036995,False,True,False,False,True,False,False,True,False,False,False,True,False,True,False,True,False,False,False,False,447,1
2.193767273635919,-0.0567322515048996,1.228147599640687,0.0406764066837049,0.5615936638151398,-0.575143723725704,2.986180088258421,-0.4126681482516276,False,True,False,False,True,False,False,True,True,False,False,False,False,True,False,False,False,True,False,False,448,1
1.9914542740565992,-0.48914270504834245,0.5463003816982908,0.49957466877578105,0.01496789960241337,-0.8765992891284957,-0.6212596161154061,-0.5635141140392544,False,True,False,False,True,True,False,False,False,False,False,True,False,False,True,False,True,False,False,False,449,0
2.120565703987561,-1.5269277935526053,1.2978819742029775,1.4928065237147952,0.9916595224236818,0.4297081609502683,-0.23126613456147885,-0.9696378680828651,False,True,False,False,True,True,False,False,False,True,False,False,False,True,False,False,False,False,False,True,450,0
-0.6639758942110041,0.9810528369993632,0.658650207381981,-0.9588417258182145,-1.4802143378029853,-0.2736881583229123,-0.39376341854228186,-0.8187919022952383,True,False,False,False,True,True,False,False,False,True,False,False,True,False,False,False,False,True,False,False,451,1
-0.7325663413618279,0.11623192991247754,0.27511114728938313,-0.10390797726311363,1.3413392392362347,0.4297081609502683,-0.29626504815380006,-0.8303954381250558,True,False,False,False,True,True,False,False,False,False,False,True,False,False,True,True,False,False,False,False,452,0
1.9954890062419415,-0.48914270504834245,-0.4338549940939039,0.49328839121287593,0.4128793014925598,-0.8765992891284957,-0.9787536408731727,-0.029751465867651854,False,True,False,False,True,False,True,False,False,False,False,True,True,False,False,False,False,True,False,False,453,1
-0.6737745295182647,0.5486423834559204,-0.836764713787138,-0.5219454351963063,-1.5364846370601777,-0.2736881583229123,-0.7512574433000485,-0.11677798459128272,True,False,False,False,True,False,False,True,True,False,False,False,False,False,True,False,True,False,False,False,454,1
0.10953990475038579,1.6729095626688717,-0.18203641928563252,-1.681763645552307,-0.35882765974893627,-0.8765992891284957,-0.881255270484691,-0.42427168408144506,False,False,True,False,True,True,False,False,False,False,False,True,False,True,False,False,True,False,False,False,455,0
2.0813711627585185,0.6351244741646089,-1.1079539481960456,-0.6099533210769784,-0.6723336127532941,0.12825259554747662,-0.5887601593192455,-0.8536025097846907,False,True,False,False,True,True,False,False,False,False,False,True,False,False,True,False,True,False,False,False,456,0
-0.8328582556832004,-1.0080352493004738,1.2475182592413232,1.0150494289340035,0.15966295483519388,1.133104480223449,0.9062148533041423,-0.43007345199635383,True,False,False,False,True,False,True,False,False,True,False,False,False,True,False,False,True,False,False,False,457,0
-0.8126845947564874,0.37567820203854324,-1.5883463062918248,-0.38993360637529806,0.7263852544969176,-0.8765992891284957,-0.9462541840770121,-1.0276555472319524,True,False,False,False,True,True,False,False,False,False,True,False,False,False,True,False,False,True,False,False,458,1
1.9222874365935836,-0.6621068864657196,-0.14716923200448728,0.6473021915040521,-0.48744548662251896,0.6306785378854628,-0.4262628753384425,-0.9406290285083215,False,True,False,False,True,False,False,True,False,False,False,True,True,False,False,False,False,True,False,False,459,0
-0.9907892012237522,-0.6621068864657196,0.007796044800602783,0.6661610241927676,0.63394119143153,-0.47465853525810675,-0.8162563568923697,-0.41846991616653634,True,False,False,False,True,False,False,True,False,False,True,False,True,False,False,False,False,True,False,False,460,1
-0.8910736772145715,-0.575624795757031,1.0383151355544515,0.5561511668419274,0.17172087610459225,-0.977084477596093,-0.6212596161154061,-1.224915656338849,True,False,False,False,True,False,True,False,True,False,False,False,False,True,False,False,False,False,True,False,461,1
-0.3348570259494888,1.0675349277080517,-1.0730867609149004,-1.043706472917434,0.9796016011542834,1.9369859879642268,-0.06876885058067583,-0.6389370969330679,False,False,True,False,True,False,False,True,True,False,False,False,True,False,False,False,True,False,False,False,462,0
0.010400771053396787,1.6729095626688717,-1.1699400589180817,-1.6849067843337595,0.8389258530113024,0.6306785378854628,-0.03626939378451522,-0.0645620733571042,False,False,True,False,True,True,False,False,False,True,False,False,False,True,False,False,False,True,False,False,463,0
-1.0132684233992324,-0.0567322515048996,0.8136154841870711,0.06896465571677808,1.1001808138482672,0.22873778401507386,-0.9787536408731727,-1.26552803174321,True,False,False,False,True,True,False,False,False,False,True,False,False,True,False,False,False,True,False,False,464,0
-0.8611013809805982,1.0675349277080517,1.0693081909154696,-1.0719947219505073,-1.608832164676568,-0.6756289121933012,-0.7512574433000485,-0.8013865985505121,True,False,False,False,True,True,False,False,False,False,False,True,True,False,False,False,False,False,True,False,465,1
-0.14349544230181258,-1.2674815214265396,0.4068316325737097,1.2759299477945674,0.5535550496355408,-0.6756289121933012,-0.8162563568923697,0.9275402400922876,False,False,True,True,False,False,False,True,False,True,False,False,False,True,False,False,False,True,False,False,466,0
0.2686236309153213,1.6729095626688717,-0.3292534322504681,-1.681763645552307,-1.8218554404359393,-0.8765992891284957,-0.8487558136885304,0.5446235577083118,False,False,True,False,True,False,True,False,True,False,False,False,True,False,False,True,False,False,False,False,467,0
0.2092554287595665,0.9810528369993632,-0.9491145394708282,-0.9965593911956453,-1.7655851411787469,1.0326192917558517,-0.9137547272808515,0.6084430047723077,False,False,True,False,True,False,True,False,True,False,False,False,False,False,True,False,False,False,False,True,468,0
0.15680391035011307,0.029749839203788972,0.8949722545097434,-0.05676089554132498,0.26818424625977927,-0.7761141006608985,-0.8162563568923697,-0.9290254926785041,False,False,True,False,True,True,False,False,False,True,False,False,False,True,False,True,False,False,False,False,469,1
2.3845524669714036,-1.6134098842612938,1.1041753781966148,1.6153889361914457,0.9554857586154867,-0.47465853525810675,0.2562257173809302,-0.5461088102945283,False,True,False,True,False,False,True,False,False,True,False,False,False,True,False,False,False,True,False,False,470,0
-0.7850178597712812,1.240499109125429,-1.991256025985059,-1.2071496895529679,-1.3274806683906057,1.9369859879642268,-0.5562607025230849,0.3763722881759588,True,False,False,False,True,True,False,False,False,True,False,False,False,True,False,False,True,False,False,False,471,0
2.703872699925659,-0.6621068864657196,0.8678533310688525,0.6221570812524315,-0.5879281638675055,-0.8765992891284957,-0.26376559135763944,-1.0682679226363134,False,True,False,False,True,False,True,False,False,False,True,False,True,False,False,False,False,True,False,False,472,1
-0.04262713766824831,0.8945707462906747,0.4378246879347277,-0.8928358114077103,-0.34275043138973843,-0.7761141006608985,0.0937284334001272,-1.1204838338704919,False,False,True,False,True,False,True,False,False,False,True,False,True,False,False,False,False,False,False,True,473,1
2.069843356514683,0.2891961113298547,0.3990833687334552,-0.27049433268010015,0.14760503356579552,-0.977084477596093,0.7762170261194999,0.45179527106977224,False,True,False,True,False,False,True,False,False,True,False,False,False,True,False,False,False,False,False,True,474,1
-0.9642752468629299,0.2891961113298547,0.5075590624970182,-0.31449827562043625,-1.206901455696622,-0.6756289121933012,0.32122463097325143,6.619074564617746,True,False,False,False,True,False,False,True,True,False,False,False,False,False,True,False,False,False,True,False,475,0
-0.8737819678488178,0.8080886555819861,1.1584132250783965,-0.8331161745601113,0.40484068731296086,1.5350452340938379,-0.9137547272808515,-0.8071883664654209,True,False,False,False,True,False,False,True,False,False,True,False,False,True,False,True,False,False,False,False,476,0
-0.7804067372737469,0.7216065648732976,0.8252378799474528,-0.7388220111165341,-0.5356771717001124,0.6306785378854628,-0.4587623321346031,-0.43587521991126255,True,False,False,False,True,False,False,True,False,False,False,True,False,True,False,True,False,False,False,False,477,0
-0.853608306922105,-0.7485889771744081,1.33662329340425,0.7510257712919872,0.9514664515256872,0.8316489148206573,1.3612072484503908,0.2777422336225105,True,False,False,False,True,False,False,True,False,True,False,False,True,False,False,False,False,False,True,False,478,0
0.261130556856828,1.6729095626688717,-1.948640574863659,-1.6440459801748761,0.2842614746189771,-0.575143723725704,-0.9462541840770121,-1.2017085846792142,False,False,True,False,True,False,True,False,False,False,True,False,True,False,False,False,False,False,True,False,479,1
0.3153112462028569,0.4621602927472318,1.2978819742029775,-0.5030866025075909,0.9072540735378932,-0.6756289121933012,-0.26376559135763944,0.5852359331126729,False,False,True,False,True,False,False,True,False,True,False,False,True,False,False,False,False,False,True,False,480,0
-0.8305526944344331,-0.7485889771744081,0.4610694794554912,0.744739493729082,0.5736515850845382,1.635530422561435,-0.5887601593192455,0.329958144856689,True,False,False,False,True,False,True,False,False,False,False,True,False,False,True,False,False,False,True,False,481,1
0.080720389140796,1.3269811998341174,0.6857691308228717,-1.3548772122812391,0.9635243727950856,-0.8765992891284957,0.028729519807805987,-0.08196737710183037,False,False,True,False,True,False,True,False,False,True,False,False,False,False,True,False,False,True,False,False,482,1
-0.932573779692381,0.2027140206211661,-0.03094527440066973,-0.22963352852121668,0.9635243727950856,-0.6756289121933012,-0.6537590729115668,-0.22120980705963975,True,False,False,False,True,True,False,False,False,False,False,True,False,True,False,False,False,True,False,False,483,1
-0.058766066409618664,-0.7485889771744081,0.8407344076279618,0.7195943834774614,0.01496789960241337,-0.977084477596093,0.06122897660396659,-0.9638361001679564,False,False,True,False,True,True,False,False,True,False,False,False,True,False,False,False,False,False,True,False,484,1
-0.7054759966888134,-1.5269277935526053,0.6354054158612175,1.4990928012777003,0.8871575380888959,0.8316489148206573,0.7112181125271787,0.8637207930282916,True,False,False,False,True,False,False,True,False,True,False,False,False,False,True,False,False,True,False,False,485,1
-0.04896743110235804,0.2891961113298547,-0.759282075384593,-0.24849236120993215,1.1484124989258606,0.73116372635306,-0.5562607025230849,-0.9580343322530477,False,False,True,False,True,False,False,True,False,True,False,False,False,False,True,False,False,False,False,True,486,1
-0.8864625547170373,-1.4404457028439166,0.4920625348165092,1.4519457195559118,1.0117560578726792,0.6306785378854628,-0.39376341854228186,0.5910377010275816,True,False,False,False,True,False,True,False,True,False,False,False,False,False,True,False,False,False,False,True,487,1
-0.05069660203893349,-0.6621068864657196,0.0697821555226388,0.6913061344443883,0.5334585141865436,-0.3741733467905095,0.7112181125271787,-0.1863991995701874,False,False,True,False,True,True,False,False,False,False,False,True,False,False,True,True,False,False,False,False,488,0
2.146503268036192,1.3269811998341174,0.8329861437877073,-1.2983007142150926,0.27220355334957874,-0.575143723725704,-0.5237612457269243,-0.5577123461243457,False,True,False,True,False,False,True,False,False,False,False,True,False,True,False,False,True,False,False,False,489,0
-0.3976835699783945,-1.0945173400091623,1.1429166973978875,1.0527670943114344,0.7384431757663159,-0.3741733467905095,-0.6212596161154061,-0.4996946669752585,True,False,False,False,True,True,False,False,False,True,False,False,False,True,False,False,False,True,False,False,490,1
-0.7250732673033344,-1.0080352493004738,0.4804401390561274,1.027621984059814,0.4450337582109554,-0.3741733467905095,-0.4587623321346031,0.31835460902687157,True,False,False,False,True,True,False,False,False,False,False,True,False,True,False,False,False,False,False,True,491,0
-1.0749421868037545,-1.5269277935526053,0.8446085395480891,1.5179516339664159,0.8107907033827062,0.73116372635306,0.191226803788609,0.11529273200506625,True,False,False,False,True,False,True,False,True,False,False,False,True,False,False,False,False,True,False,False,492,0
2.3482398773033206,-1.5269277935526053,1.0305668717141971,1.4959496624962478,1.116258042207465,-0.6756289121933012,-0.7512574433000485,-0.3604522370174491,False,True,False,False,True,True,False,False,True,False,False,False,False,True,False,True,False,False,False,False,493,1
0.07553287633106985,-1.6134098842612938,0.9763290248324156,1.6405340464430662,0.8630416955500991,-0.8765992891284957,0.0937284334001272,-1.0856732263810396,False,False,True,False,True,True,False,False,True,False,False,False,True,False,False,False,False,False,True,False,494,1
1.9257457784667344,1.240499109125429,-0.3757430152919951,-1.2542967712747566,-1.3716930463783998,-0.7761141006608985,4.091161619327882,-0.23861511080436593,False,True,False,False,True,True,False,False,True,False,False,False,False,True,False,False,False,True,False,False,495,0
-0.752163611976349,0.029749839203788972,-0.03869353824092423,-0.00018439747517859785,-1.1868049202476247,-0.47465853525810675,0.1262278901962878,-1.248122727998484,True,False,False,False,True,False,False,True,True,False,False,False,False,False,True,False,False,False,True,False,496,0
1.9839611999981053,-1.6998919749699823,0.8910981225896161,1.6751085730390447,1.0599877429502726,0.4297081609502683,1.426206162042712,-0.5170999707199847,False,True,False,False,True,False,True,False,True,False,False,False,False,False,True,False,False,True,False,False,497,0
-0.6622467232744288,0.029749839203788972,1.0848047185959786,0.006101880087726555,0.18779810446379008,-0.7761141006608985,1.263708878061909,0.16170687532433603,True,False,False,False,True,False,False,True,True,False,False,False,False,False,True,False,False,False,False,True,498,0
0.048442531658055316,0.8080886555819861,-1.6697030766144971,-0.7702533989310598,-0.43921380154492545,-0.7761141006608985,0.9062148533041423,-0.8536025097846907,False,False,True,False,True,False,False,True,False,True,False,False,False,False,True,False,False,False,True,False,499,0
-0.904330654394983,-1.353963612135228,0.9414618375512703,1.345079000986524,0.3606283093251668,-0.2736881583229123,0.5162213717502151,-0.8361972060399645,True,False,False,False,True,False,False,True,False,False,False,True,False,True,False,False,False,False,False,True,500,0
-0.7752192244640208,-0.22969643292227673,0.36809031337243714,0.20726276210069144,1.2328179478116494,0.3292229724826711,-0.8487558136885304,-1.1494926734450355,True,False,False,False,True,False,True,False,False,False,False,True,True,False,False,True,False,False,False,False,501,1
-0.12447456199948341,-1.0945173400091623,0.22474743232772887,1.0559102330928871,1.2287986407218499,0.12825259554747662,-0.4587623321346031,0.9797561513264661,False,False,True,False,True,False,True,False,False,True,False,False,False,False,True,False,False,False,True,False,502,0
0.22654713812532018,-0.7485889771744081,0.875601594909107,0.7258806610403665,0.6299218843417306,-0.977084477596093,-0.8162563568923697,-1.097276762210857,False,False,True,False,True,False,False,True,False,True,False,False,False,True,False,False,False,False,False,True,503,0
-0.819601278502789,-1.6134098842612938,1.2630147869218322,1.5871006871583726,1.3051654754280395,0.4297081609502683,-0.49126178893076367,-0.5287035065498021,True,False,False,False,True,False,False,True,False,False,False,True,False,True,False,False,True,False,False,False,504,1
-0.11352314606783921,0.2027140206211661,-1.4411292933269892,-0.20134527948814349,-0.8170286679860745,1.635530422561435,-0.9787536408731727,0.8985314005177439,False,False,True,False,True,False,False,True,False,True,False,False,False,False,True,True,False,False,False,False,505,0
2.0041348609248186,-0.575624795757031,-0.5849461389788667,0.581296277093548,0.6459991127009284,0.12825259554747662,1.913698013985121,-0.6331353290181592,False,True,False,False,True,False,False,True,False,False,False,True,False,True,False,False,True,False,False,False,506,0
2.1960728348846867,-1.5269277935526053,1.1429166973978875,1.5650987156882046,0.9193119948072915,-0.2736881583229123,0.6137197421386968,-0.7723777589759685,False,True,False,True,False,False,True,False,False,False,True,False,False,False,True,False,False,False,True,False,507,1
-0.8928028481511471,-0.14321434221358817,0.7090139223436353,0.13811370890873476,-0.8089900538064757,-0.7761141006608985,0.7112181125271787,-1.0044484755723175,True,False,False,False,True,False,True,False,False,True,False,False,True,False,False,False,True,False,False,False,508,1
-0.10775924294592118,-1.0080352493004738,0.9104687821902523,1.0401945391856242,0.11946988393719929,0.3292229724826711,0.9062148533041423,-0.38365930867708403,False,False,True,False,True,True,False,False,True,False,False,False,True,False,False,False,True,False,False,False,509,1
-0.6501425267184011,-0.4026606143396539,-0.13942096816423277,0.3927079502063935,0.7263852544969176,0.5301933494178656,-0.9137547272808515,4.286763862824439,True,False,False,False,True,True,False,False,False,True,False,False,True,False,False,True,False,False,False,False,510,0
1.9695514421933105,-0.48914270504834245,0.9685807609921611,0.455570725835445,-0.08953408473237255,0.02776740707987939,-0.8162563568923697,-0.8245936702101471,False,True,False,False,True,True,False,False,False,True,False,False,True,False,False,False,False,False,False,True,511,0
-0.636309159225798,1.1540170184167404,-1.7510598469371692,-1.2040065507715154,-1.3676737392886005,0.02776740707987939,-0.19876667776531826,0.770892506389752,True,False,False,False,True,False,False,True,False,True,False,False,False,False,True,False,False,False,True,False,512,1
0.07092175383353538,0.8945707462906747,0.30997833457052837,-0.9211240604407835,-1.1144573926312344,0.22873778401507386,0.5162213717502151,-0.09357091293164782,False,False,True,False,True,False,False,True,False,False,False,True,True,False,False,True,False,False,False,False,513,0
-0.6495661364062092,1.4999453812514947,0.9104687821902523,-1.5026047350095102,-0.3668662739285352,-0.575143723725704,-0.5562607025230849,0.6490553801766689,True,False,False,False,True,False,True,False,False,False,False,True,False,True,False,False,False,False,False,True,514,1
-0.726226047927718,-1.6998919749699823,0.767125901145544,1.6625360179132342,1.3132040896076385,-0.7761141006608985,1.1987099644695878,-1.0450608509766786,True,False,False,False,True,False,False,True,False,False,True,False,True,False,False,False,False,False,True,False,515,1
-0.6414966720355242,0.2027140206211661,0.8949722545097434,-0.18248644679942802,-0.24628706123455144,-0.7761141006608985,-0.9137547272808515,-0.14578682416582633,True,False,False,False,True,False,False,True,False,True,False,False,False,False,True,False,False,False,True,False,516,1
0.20233874501326488,0.2027140206211661,0.67414673506249,-0.15419819776635485,0.1395664193861966,0.4297081609502683,5.001146409620379,-1.346752782551932,False,False,True,False,True,False,True,False,False,False,True,False,False,True,False,True,False,False,False,False,517,0
-0.6034549114308656,1.4999453812514947,-1.7123185277358968,-1.4931753186651524,-1.8700871255135327,2.439411930302213,-0.13376776417299704,0.0804821245156139,True,False,False,False,True,True,False,False,False,True,False,False,False,False,True,True,False,False,False,False,518,1
-1.1043380927255362,0.7216065648732976,-1.0730867609149004,-0.6979612069576506,-1.07426432173324,0.02776740707987939,-0.7187579865038879,0.5098129502188594,True,False,False,True,False,False,True,False,False,False,True,False,False,False,True,False,True,False,False,False,519,0
-0.636309159225798,-0.9215531585917853,0.10464934280378406,0.8861807388944479,-0.12168854145076823,-0.3741733467905095,0.6787186557310181,1.0493773663053707,True,False,False,False,True,True,False,False,False,True,False,False,True,False,False,False,False,False,False,True,520,1
-0.909518167204709,0.4621602927472318,0.3952092368133279,-0.4779414922559702,1.2971268612484408,-0.2736881583229123,0.2237262605847696,1.252439243327176,True,False,False,False,True,False,True,False,False,False,False,True,False,True,False,False,True,False,False,False,521,0
-0.7308371704252524,0.8945707462906747,-0.4880928409756854,-0.8708338399375423,-1.110438085541435,1.635530422561435,-0.6537590729115668,-0.8710078135294168,True,False,False,False,True,False,True,False,True,False,False,False,False,True,False,False,True,False,False,False,522,0
-0.8801222612829276,-0.7485889771744081,1.3095043699633593,0.7824571591065129,0.9755822940644839,-0.3741733467905095,-0.7512574433000485,-1.0740696905512221,True,False,False,False,True,False,False,True,False,True,False,False,True,False,False,False,False,False,False,True,523,1
2.175322783645782,1.7593916533775604,0.3990833687334552,-1.719481310929738,0.4691496007497522,0.4297081609502683,-0.881255270484691,0.9391437759221051,False,True,False,False,True,False,False,True,False,False,False,True,True,False,False,False,False,True,False,False,524,1
-0.752163611976349,-0.22969643292227673,-0.112302044723342,0.18840392941197598,-0.25432567541415035,0.4297081609502683,-0.3612639617461213,1.0087649909010097,True,False,False,False,True,False,True,False,False,True,False,False,False,False,True,True,False,False,False,False,525,1
0.1337482978624411,-0.3161785236309653,-0.5888202708989939,0.33298831335879453,0.32847385260677114,1.4345600456262406,1.101211594081106,-0.44167698782617126,False,False,True,False,True,False,True,False,False,True,False,False,True,False,False,False,False,True,False,False,526,0
-0.624781352981962,-0.14321434221358817,1.2320217315608142,0.1601156803789028,-1.0461291721046437,0.6306785378854628,-0.5237612457269243,2.111100894733667,True,False,False,False,True,True,False,False,False,False,True,False,True,False,False,False,False,False,False,True,527,0
0.22712352843751207,0.6351244741646089,0.7632517692254168,-0.6256690149842413,0.5254199000069446,-0.47465853525810675,2.6936849770929756,2.27935216426602,False,False,True,False,True,False,True,False,True,False,False,False,True,False,False,False,False,False,False,True,528,1
2.178781125518933,0.4621602927472318,0.4378246879347277,-0.427651271752729,-1.3154227471212074,-0.977084477596093,0.7762170261194999,-0.4010646124218102,False,True,False,False,True,False,False,True,False,False,False,True,True,False,False,False,True,False,False,False,529,0
-0.6916426291962103,0.6351244741646089,0.24411809192836512,-0.6759592354874825,-1.118476699721034,-0.977084477596093,0.4837219149540545,-0.6331353290181592,True,False,False,False,True,False,True,False,False,True,False,False,True,False,False,False,True,False,False,False,530,0
0.12567883349175593,0.6351244741646089,-0.6546805135411572,-0.6822455130503877,-1.757546526999148,-0.575143723725704,0.2237262605847696,-0.20380450331491357,False,False,True,False,True,False,False,True,False,False,False,True,True,False,False,False,False,False,True,False,531,0
2.1545727324068773,-1.0080352493004738,0.16276132160569284,1.0213357064969089,-0.049341013834377966,-0.07271778138771784,0.5487208285463757,3.787811822142289,False,True,False,False,True,True,False,False,True,False,False,False,False,True,False,False,False,True,False,False,532,0
2.161489416153178,-1.5269277935526053,1.0964271143563604,1.5179516339664159,0.7062887190479202,-0.17320296985531508,-0.6537590729115668,-0.07616560918692164,False,True,False,False,True,True,False,False,True,False,False,False,False,False,True,False,False,False,False,True,533,0
-0.9683099790482724,-1.5269277935526053,0.7710000330656713,1.48652024615189,1.1564511131054596,-0.47465853525810675,-0.5887601593192455,-0.7433689194014249,True,False,False,False,True,False,False,True,True,False,False,False,False,True,False,True,False,False,False,False,534,0
-0.5752117861334676,1.413463290542806,-1.8672838045409867,-1.414596849128838,-1.2229786840558199,0.12825259554747662,1.4912050756350332,-0.012346162122925683,True,False,False,False,True,False,True,False,True,False,False,False,False,True,False,False,False,False,True,False,535,1
-0.8247887913125151,-0.7485889771744081,0.034914968241493545,0.722737522258914,0.9796016011542834,0.9321341032882544,-0.6212596161154061,-0.05295853752728675,True,False,False,False,True,False,True,False,False,False,False,True,True,False,False,False,False,False,True,False,536,0
-0.7106635094985396,1.1540170184167404,-0.49196697289581265,-1.1725751629569896,-0.6080246993165027,0.12825259554747662,1.263708878061909,1.1131968133693668,True,False,False,True,False,False,False,True,False,False,True,False,True,False,False,False,False,True,False,False,537,1
-0.7775247857127879,-0.4026606143396539,-0.5578272155379759,0.44614130949108727,0.93136991607669,0.02776740707987939,-0.5887601593192455,0.13849980366470113,True,False,False,False,True,False,False,True,False,True,False,False,True,False,False,False,False,True,False,False,538,0
-1.0559213065014252,-0.0567322515048996,-0.44547738985428564,0.08782348840549355,0.9434278373460884,-0.977084477596093,0.7762170261194999,-0.4590822915708974,True,False,False,False,True,True,False,False,False,False,False,True,False,False,True,False,False,False,False,True,539,1
0.011553551677780558,-1.5269277935526053,0.782622428826053,1.4990928012777003,0.6017867347131344,-0.8765992891284957,0.0937284334001272,-1.1901050488493967,False,False,True,False,True,False,True,False,True,False,False,False,False,False,True,False,False,False,False,True,540,1
1.8404400122623483,-0.8350710678830967,0.7632517692254168,0.7950297142323233,-0.045321706744578506,-0.17320296985531508,-0.6862585297077273,-1.2307174242537577,False,True,False,True,False,False,True,False,True,False,False,False,False,True,False,False,False,False,True,False,541,0
-0.5798229086310019,-1.4404457028439166,0.43007642409447316,1.4079417766155757,0.9112733806276927,-0.977084477596093,0.35372408776941205,-0.46488405948580613,True,False,False,False,True,True,False,False,False,True,False,False,False,True,False,False,False,False,False,True,542,1
-0.053002163287700625,-1.0080352493004738,0.02716670440123904,1.0464808167485293,1.0117560578726792,-0.2736881583229123,-0.5562607025230849,-1.3235457108922972,False,False,True,False,True,True,False,False,False,False,False,True,False,False,True,False,True,False,False,False,543,1
-0.39191966685647645,1.1540170184167404,-0.5229600282568306,-1.1128555261093906,-0.23422913996515307,1.133104480223449,2.336190952335209,0.666460683921395,True,False,False,False,True,True,False,False,False,True,False,False,False,True,False,False,False,False,True,False,544,0
2.1338226811679726,0.6351244741646089,-0.7631562073047202,-0.6508141252358619,0.7062887190479202,-0.977084477596093,-0.8487558136885304,-1.1552944413599442,False,True,False,False,True,True,False,False,False,False,True,False,True,False,False,False,False,False,False,True,545,0
-0.04089796673167286,-0.8350710678830967,0.19375437696671086,0.8327473796097542,0.5053233645579474,-0.07271778138771784,0.6787186557310181,-0.3314433974429055,False,False,True,False,True,False,True,False,False,False,False,True,True,False,False,False,False,False,False,True,546,0
-0.8426568909904608,0.37567820203854324,0.9840772886726701,-0.345929663434962,-1.3596351251090015,-0.7761141006608985,-0.8487558136885304,-0.8652060456145081,True,False,False,False,True,False,True,False,True,False,False,False,False,False,True,False,True,False,False,False,547,1
0.09224819538463189,0.11623192991247754,-0.1936588150460143,-0.06933345066713528,0.20387533282298792,-0.977084477596093,-0.6862585297077273,0.3763722881759588,False,False,True,False,True,True,False,False,True,False,False,False,False,True,False,False,False,True,False,False,548,1
-0.14003710042866188,0.029749839203788972,-0.7476596796242112,-0.06304717310423012,-1.3234613613008064,0.22873778401507386,-0.3612639617461213,-0.4126681482516276,False,False,True,False,True,True,False,False,False,False,True,False,False,False,True,False,True,False,False,False,549,1
-0.7700317116542946,1.1540170184167404,-1.0614643651545186,-1.2008634119900627,-1.4360019598151912,-0.3741733467905095,1.5562039892273545,-1.1552944413599442,True,False,False,False,True,False,True,False,False,True,False,False,False,False,True,False,False,True,False,False,550,0
1.922863826905775,-0.8350710678830967,0.6044123605001995,0.8830376001129954,0.7143273332275192,0.9321341032882544,0.7112181125271787,-0.16899389582546123,False,True,False,False,True,True,False,False,True,False,False,False,True,False,False,False,False,False,False,True,551,1
-0.45013508838784794,0.8080886555819861,-1.6154652297327154,-0.8142573418713959,-1.3676737392886005,1.133104480223449,1.8161996435966392,-0.4996946669752585,True,False,False,False,True,False,True,False,False,False,True,False,False,False,True,False,False,False,True,False,552,0
0.06746341196038468,-1.6134098842612938,0.8484826714682163,1.6248183525358035,0.8750996168194975,-0.2736881583229123,-0.9137547272808515,0.2023192507286971,False,False,True,False,True,True,False,False,False,True,False,False,True,False,False,False,False,False,True,False,553,0
-0.7775247857127879,1.0675349277080517,-0.6236874581801392,-1.0468496116988866,-2.0710524800035057,-0.575143723725704,-0.6537590729115668,-0.9232237247635954,True,False,False,False,True,False,True,False,False,False,True,False,True,False,False,False,False,False,False,True,554,0
0.038067506038603004,1.0675349277080517,-1.4178845018062256,-1.043706472917434,-1.1425925422598306,-0.17320296985531508,-0.3287645049499607,1.1364038850290017,False,False,True,False,True,False,True,False,True,False,False,False,True,False,False,False,False,False,False,True,555,0
0.20349152563764844,1.413463290542806,1.2087769400400508,-1.452314514506269,-2.1474193147096954,-0.7761141006608985,-0.29626504815380006,-0.615730025273433,False,False,True,False,True,False,False,True,False,True,False,False,False,False,True,True,False,False,False,False,556,0
0.38447808366587233,0.37567820203854324,-1.359772523004317,-0.4025061615011084,-1.540503944149977,-0.47465853525810675,-0.7187579865038879,-0.7897830627206947,False,False,True,False,True,False,True,False,False,False,False,True,False,True,False,False,False,False,False,True,557,0
-0.5682951023871661,-0.48914270504834245,-0.4299808621737766,0.4901452524314233,0.7022694119581208,-0.3741733467905095,-0.9137547272808515,-0.7955848306356034,True,False,False,True,False,False,True,False,True,False,False,False,True,False,False,False,False,False,True,False,558,1
-0.5533089542701793,-1.5269277935526053,0.67414673506249,1.5273810503107736,0.8027520892031073,3.2432934380429908,-0.7187579865038879,-0.20960627122982228,True,False,False,False,True,False,True,False,False,False,False,True,False,True,False,False,False,False,False,True,559,1
-0.940643244063066,-1.0080352493004738,0.9298394417908886,1.0244788452783613,1.1484124989258606,0.5301933494178656,0.0937284334001272,-0.5345052744647109,True,False,False,False,True,False,True,False,True,False,False,False,False,False,True,False,False,True,False,False,560,0
0.41617955083642116,-0.7485889771744081,-0.05031593400130599,0.7730277427621552,0.9916595224236818,0.4297081609502683,-0.06876885058067583,0.48080411064431583,False,False,True,False,True,False,True,False,False,False,True,False,True,False,False,True,False,False,False,False,561,1
-0.9077889962681337,1.240499109125429,-1.6503324170138607,-1.2542967712747566,-2.239863377775083,2.338926741834616,-0.6537590729115668,0.6490553801766689,True,False,False,False,True,False,True,False,False,True,False,False,False,False,True,False,False,False,False,True,562,1
-0.6801148229523745,0.2027140206211661,0.34484552185167366,-0.15419819776635485,-0.9295692665004595,-0.2736881583229123,-0.3287645049499607,0.5330200218784944,True,False,False,False,True,True,False,False,False,False,False,True,True,False,False,True,False,False,False,False,563,1
-0.7233440963667591,1.240499109125429,-2.270193524234221,-1.2542967712747566,-0.21011329742635632,-0.8765992891284957,2.2711920387428877,0.6896677555810299,True,False,False,False,True,False,False,True,False,False,False,True,False,False,True,True,False,False,False,False,564,0
-0.6512953073427846,0.4621602927472318,-1.6038428339723338,-0.43079441053418155,-0.7446811403696844,-0.7761141006608985,0.3862235445655726,-0.3256416295279968,True,False,False,False,True,True,False,False,True,False,False,False,False,True,False,False,True,False,False,False,565,0
-0.8311290847466248,0.8080886555819861,1.33662329340425,-0.8016847867455856,-0.2704029037733482,0.9321341032882544,0.7762170261194999,-0.7317653835716075,True,False,False,True,False,False,False,True,False,True,False,False,False,True,False,False,False,False,False,True,566,1
2.2035659089431796,0.029749839203788972,1.166161488918651,-0.03475892407115694,-0.8692796601534676,-0.575143723725704,-0.16626722096915764,0.2545351619628756,False,True,False,False,True,True,False,False,False,False,True,False,True,False,False,False,True,False,False,False,567,0
-0.8593722100440229,0.37567820203854324,-1.4178845018062256,-0.3993630227196558,-1.0541677862842427,-0.7761141006608985,-0.7512574433000485,-0.7433689194014249,True,False,False,False,True,True,False,False,False,False,True,False,False,True,False,False,True,False,False,False,568,0
-0.745823318542239,-1.4404457028439166,0.6315312839410903,1.398512360271218,1.3413392392362347,-0.8765992891284957,-0.03626939378451522,-0.5345052744647109,True,False,False,False,True,False,True,False,False,True,False,False,True,False,False,False,False,True,False,False,569,1
0.28937368215422615,-0.22969643292227673,0.10464934280378406,0.24498042747812238,0.93136991607669,-0.977084477596093,-0.9137547272808515,-0.8245936702101471,False,False,True,True,False,False,True,False,False,True,False,False,False,False,True,False,False,True,False,False,570,1
-0.782712298522514,0.2891961113298547,0.8136154841870711,-0.3050688592760785,-1.5445232512397766,0.02776740707987939,-0.5237612457269243,0.2487333940479669,True,False,False,False,True,False,False,True,False,False,False,True,False,False,True,True,False,False,False,False,571,0
0.0006021357461363654,1.413463290542806,-0.6972959646625569,-1.4303125430361008,-1.126515313900633,1.8365007994966296,0.41872300136173324,0.9971614550711922,False,False,True,False,True,False,True,False,True,False,False,False,False,False,True,False,True,False,False,False,572,1
-0.22476647632085578,1.5864274719601832,-1.93314404718315,-1.6063283147974452,-2.119284165081099,-0.3741733467905095,-0.26376559135763944,-0.035553233782560575,False,False,True,False,True,False,False,True,True,False,False,False,False,True,False,False,False,False,False,True,573,1
1.945919439393447,0.8945707462906747,0.875601594909107,-0.8834063950633526,-0.8451638176146707,-0.47465853525810675,-0.0037699369883546193,0.028266213281435384,False,True,False,False,True,True,False,False,False,True,False,False,True,False,False,False,False,True,False,False,574,0
-1.1343103889595096,0.11623192991247754,-0.03869353824092423,-0.08190600579294559,-0.2302098328753536,-0.47465853525810675,-0.881255270484691,-1.2307174242537577,True,False,False,False,True,True,False,False,True,False,False,False,True,False,False,True,False,False,False,False,575,0
-0.582704860191961,1.1540170184167404,-2.0299973451863313,-1.1631457466126318,-2.2358440706852836,-0.7761141006608985,-0.23126613456147885,-0.8187919022952383,True,False,False,False,True,True,False,False,False,False,False,True,True,False,False,False,True,False,False,False,576,1
2.4750457459855157,-1.0945173400091623,0.8484826714682163,1.0810553433445078,1.2247793336320505,0.5301933494178656,-0.5237612457269243,-0.8942148851890517,False,True,False,False,True,True,False,False,False,False,True,False,False,False,True,True,False,False,False,False,577,0
-0.8172957172540217,-1.353963612135228,1.2707630507620866,1.3890829439268602,1.2529144832606467,1.3340748571586434,-0.3612639617461213,0.23712985821814944,True,False,False,False,True,True,False,False,False,False,True,False,False,False,True,False,True,False,False,False,578,0
2.1217184846119443,-0.8350710678830967,0.19375437696671086,0.8327473796097542,0.07927681303920471,-0.977084477596093,-0.6537590729115668,0.9101349363475614,False,True,False,True,False,False,True,False,False,True,False,False,False,True,False,False,False,True,False,False,579,1
-1.00289339777978,1.6729095626688717,-0.4725963132951764,-1.681763645552307,-1.7535272199093483,-0.2736881583229123,-0.19876667776531826,0.7418836668152085,True,False,False,False,True,False,False,True,False,False,True,False,True,False,False,True,False,False,False,False,580,1
0.31992236870039115,-1.5269277935526053,0.67414673506249,1.5493830217809417,0.9635243727950856,0.6306785378854628,-0.881255270484691,-1.3525545504668408,False,False,True,False,True,True,False,False,False,True,False,False,False,True,False,True,False,False,False,False,581,0
0.42597818614368155,1.0675349277080517,-0.914247352189683,-1.0594221668246968,-1.8499905900645355,-0.47465853525810675,-0.4587623321346031,3.1438155835874206,False,False,True,False,True,True,False,False,True,False,False,False,True,False,False,False,True,False,False,False,582,0
-0.7244968769911427,-1.0945173400091623,0.42232816025421865,1.093627898470318,1.0881228925788688,-0.977084477596093,0.41872300136173324,0.5330200218784944,True,False,False,False,True,True,False,False,False,True,False,False,False,True,False,False,False,True,False,False,583,1
-0.689913458259635,0.8080886555819861,-0.4067360706530131,-0.8205436194343011,0.11545057684739983,-0.17320296985531508,-0.4587623321346031,-0.1863991995701874,True,False,False,False,True,False,True,False,True,False,False,False,False,False,True,True,False,False,False,False,584,0
-0.5976910083089476,-0.6621068864657196,0.5230555901775272,0.6473021915040521,0.879118923909297,0.02776740707987939,0.8087164829156605,-0.7491706873163336,True,False,False,False,True,False,True,False,False,False,False,True,False,True,False,False,True,False,False,False,585,0
0.1844706453353193,0.029749839203788972,-0.07743485744219675,-0.047331479196967244,0.21191394700258684,-0.47465853525810675,-0.4587623321346031,0.625848308517034,False,False,True,False,True,True,False,False,False,False,True,False,True,False,False,False,False,False,True,False,586,0
0.7193608550493058,-1.6134098842612938,1.2397699954010688,1.6468203240059716,0.9353892231664894,-0.977084477596093,2.141194211558245,4.0314860745684555,False,False,True,False,True,True,False,False,False,False,True,False,False,False,True,True,False,False,False,False,587,0
-0.4432184046415463,1.0675349277080517,-1.5960945701320792,-1.0688515831690546,-1.7173534561011534,-0.17320296985531508,-0.5887601593192455,-0.12838152042110015,True,False,False,False,True,True,False,False,True,False,False,False,True,False,False,False,True,False,False,False,588,0
1.9528361231397489,-0.14321434221358817,-0.8290164499468835,0.1726882355047131,-0.92554995941066,-0.6756289121933012,1.2962083348580695,-0.6911530081672463,False,True,False,False,True,True,False,False,False,False,False,True,False,False,True,False,False,True,False,False,589,0
-0.8126845947564874,0.6351244741646089,-1.0885832885954094,-0.6665298191431248,-0.3266732030305406,-0.47465853525810675,-0.6537590729115668,0.7766942743046608,True,False,False,False,True,True,False,False,False,False,False,True,False,False,True,False,True,False,False,False,590,0
-0.7636914182201848,1.0675349277080517,-1.7665563746176782,-1.0814241382948648,-1.898222275142129,-0.8765992891284957,0.3862235445655726,-0.46488405948580613,True,False,False,False,True,False,False,True,False,True,False,False,False,True,False,False,True,False,False,False,591,0
-0.03109933142441244,0.8945707462906747,0.41457989641396414,-0.9211240604407835,-0.22217121869575468,-0.575143723725704,-0.5887601593192455,0.7999013459642956,False,False,True,True,False,False,False,True,False,False,False,True,True,False,False,True,False,False,False,False,592,0
-0.43514894027086126,-0.48914270504834245,0.8678533310688525,0.5310060565903069,0.9273506089868905,-0.17320296985531508,2.7586838906852966,-0.46488405948580613,True,False,False,False,True,True,False,False,False,False,True,False,True,False,False,False,False,False,True,False,593,0
-0.051849382663317053,-1.180999430717851,0.3254748622510374,1.1502043965364643,1.3333006250566357,-0.977084477596093,-0.39376341854228186,-0.4010646124218102,False,False,True,False,True,True,False,False,False,False,True,False,False,False,True,True,False,False,False,False,594,0
2.1441977067874247,1.240499109125429,-2.2198298092725666,-1.2574399100562093,-1.3757123534681994,-0.47465853525810675,-0.5887601593192455,-0.7143600798268813,False,True,False,False,True,True,False,False,True,False,False,False,True,False,False,False,True,False,False,False,595,0
-0.989060030287177,0.37567820203854324,-0.40286193873288584,-0.3742179124680352,-0.6642949985736951,-0.8765992891284957,-0.6212596161154061,-0.10517444876146527,True,False,False,True,False,False,True,False,True,False,False,False,False,False,True,True,False,False,False,False,596,1
-0.819601278502789,-1.0945173400091623,0.2789852792095104,1.0841984821259603,0.35660900223536734,-0.17320296985531508,-0.5887601593192455,-0.23861511080436593,True,False,False,False,True,True,False,False,True,False,False,False,False,True,False,False,True,False,False,False,597,0
-0.00919649956112426,-1.2674815214265396,0.36034204953218263,1.3073613356090932,1.132335270566663,-0.575143723725704,-0.5237612457269243,-0.9928449397425,False,False,True,False,True,True,False,False,False,True,False,False,False,True,False,False,False,True,False,False,598,0
-0.9608169049897789,-1.5269277935526053,1.197154544279669,1.5588124381252992,1.0197946720522781,-0.6756289121933012,-0.8487558136885304,-0.7665759910610598,True,False,False,False,True,False,True,False,True,False,False,False,True,False,False,True,False,False,False,False,599,0
-0.8812750419073112,-1.2674815214265396,0.627657152020963,1.27907308657602,1.1604704201952591,0.3292229724826711,-0.4262628753384425,0.2951475373672367,True,False,False,False,True,True,False,False,False,False,True,False,True,False,False,False,False,False,False,True,600,0
2.068114185578108,1.240499109125429,-0.22852600232715956,-1.2385810773674937,-0.3668662739285352,0.5301933494178656,4.123661076124042,0.19071571489887965,False,True,False,False,True,False,True,False,False,False,True,False,False,False,True,False,False,False,False,True,601,0
-0.8386221588051183,-1.6134098842612938,0.9182170460305068,1.5996732422841828,0.9876402153338824,1.4345600456262406,-0.5237612457269243,-0.7491706873163336,True,False,False,False,True,False,True,False,False,False,True,False,False,False,True,False,False,False,False,True,602,1
-0.08412724014605755,-1.5269277935526053,1.1932804123595417,1.5336673278736788,1.1725283414646575,-0.47465853525810675,0.9387143101003029,-0.888413117274143,False,False,True,False,True,False,True,False,False,True,False,False,False,True,False,False,False,False,True,False,603,0
0.1302899559892904,-1.0945173400091623,0.6237830201008358,1.0999141760332232,1.2287986407218499,1.4345600456262406,-0.9137547272808515,-0.44167698782617126,False,False,True,False,True,True,False,False,False,False,True,False,False,False,True,False,True,False,False,False,604,0
1.95341251345194,-0.8350710678830967,1.1777838846790327,0.8421767959541119,0.2601456320801803,-0.977084477596093,4.188659989716363,-0.5809194177839806,False,True,False,False,True,False,False,True,False,False,True,False,False,True,False,False,False,True,False,False,605,1
0.011553551677780558,-1.2674815214265396,0.736132845784526,1.2822162253574727,0.589728813443736,-0.8765992891284957,-0.13376776417299704,1.7920036594136874,False,False,True,False,True,False,True,False,False,True,False,False,False,False,True,False,False,False,False,True,606,0
-0.8553374778586803,0.7216065648732976,-1.1660659269979543,-0.7545377050237969,0.441014451121156,-0.47465853525810675,-0.8487558136885304,2.9291501707357974,True,False,False,False,True,True,False,False,False,True,False,False,False,True,False,False,False,True,False,False,607,0
0.16775532628175704,0.029749839203788972,-1.0033523863526097,-0.03790206285260952,-0.16590091943856228,0.3292229724826711,0.7437175693233393,1.7339859802646003,False,False,True,False,True,True,False,False,True,False,False,False,False,True,False,False,False,False,True,False,608,1
-1.1642826851934829,0.5486423834559204,-0.7980233945858655,-0.5628062393551898,0.24004909663118307,-0.575143723725704,-0.26376559135763944,-0.8187919022952383,True,False,False,False,True,False,True,False,False,True,False,False,True,False,False,False,False,False,True,False,609,0
0.4524921405045042,1.3269811998341174,-2.161717830470658,-1.3077301305594504,-1.950473267309522,-0.47465853525810675,1.9786969275774422,0.602641236857399,False,False,True,False,True,False,True,False,True,False,False,False,False,False,True,False,True,False,False,False,610,0
-0.8207540591271726,0.37567820203854324,-1.6038428339723338,-0.36793163490513003,-0.6120440064063022,0.4297081609502683,-0.9787536408731727,-0.6099282573585243,True,False,False,False,True,False,False,True,True,False,False,False,False,False,True,False,True,False,False,False,611,1
-0.5682951023871661,0.9810528369993632,1.1274201697173785,-0.9745574197254773,-0.9014341168718633,-0.575143723725704,0.4837219149540545,0.39957935983559373,True,False,False,False,True,False,False,True,True,False,False,False,False,True,False,False,False,False,False,True,612,1
-0.9020250931462158,0.9810528369993632,1.0150703440336881,-0.9902731136327402,1.0439105145910748,1.635530422561435,0.6787186557310181,-0.5229017386348934,True,False,False,False,True,False,True,False,True,False,False,False,False,True,False,False,False,False,True,False,613,0
-0.44437118526593,0.029749839203788972,-0.127798572403851,-0.06304717310423012,0.14358572647599604,-0.977084477596093,-0.19876667776531826,0.9855579192413748,True,False,False,False,True,False,False,True,False,True,False,False,False,False,True,False,False,True,False,False,614,1
-0.7613858569714177,0.8080886555819861,0.30223007073027386,-0.8079710643084907,-1.7093148419215545,-0.17320296985531508,1.4912050756350332,-0.6795494723374289,True,False,False,False,True,False,False,True,False,False,True,False,True,False,False,False,False,False,True,False,615,0
-0.791358153205391,-1.180999430717851,0.2286215642478561,1.1942083394768004,1.3011461683382401,-0.8765992891284957,-0.3287645049499607,-0.4996946669752585,True,False,False,False,True,False,False,True,False,True,False,False,True,False,False,True,False,False,False,False,616,0
-0.4685795783779854,0.7216065648732976,-1.2551709611608812,-0.7639671213681547,-1.5204074087009798,-0.17320296985531508,-0.29626504815380006,1.2176286358377237,True,False,False,False,True,False,False,True,False,False,False,True,True,False,False,False,False,False,False,True,617,0
-0.2679957497352405,0.2027140206211661,-1.2784157526816446,-0.2264903897397641,-1.460117802353988,1.8365007994966296,-0.39376341854228186,-0.0413550016974693,False,False,True,False,True,False,True,False,False,False,True,False,False,False,True,False,True,False,False,False,618,0
2.1320935102313974,-0.9215531585917853,0.21699916848747436,0.8924670164573532,0.28024216752917763,-0.977084477596093,-0.5887601593192455,-0.4126681482516276,False,True,False,False,True,False,True,False,False,False,True,False,False,True,False,False,True,False,False,False,619,1
-0.5659895411383988,1.5864274719601832,-1.8982768599020048,-1.5591812330756565,-1.2470945265946167,-0.47465853525810675,-0.8487558136885304,0.26033692987778434,True,False,False,False,True,False,True,False,False,True,False,False,True,False,False,False,False,True,False,False,620,1
0.10262322100408419,0.37567820203854324,-0.07743485744219675,-0.34278652465350945,-0.724584604920687,-0.977084477596093,-0.49126178893076367,-0.5229017386348934,False,False,True,False,True,False,False,True,False,True,False,False,False,False,True,True,False,False,False,False,621,0
-0.376357128427298,0.8080886555819861,1.0034479482733063,-0.8111142030899433,0.774616939574511,-0.7761141006608985,-0.7512574433000485,0.6316500764319427,True,False,False,False,True,False,False,True,False,False,True,False,True,False,False,True,False,False,False,False,622,0
0.39139476741217394,-1.2674815214265396,0.3525937856919282,1.241355421198589,0.7223659474071181,-0.8765992891284957,-0.881255270484691,0.3763722881759588,False,False,True,False,True,False,False,True,False,False,False,True,False,True,False,False,True,False,False,False,623,0
0.17813035190120935,-0.22969643292227673,-0.914247352189683,0.2418372886966698,0.5977674276233349,-0.6756289121933012,-0.7837569000962091,-0.6911530081672463,False,False,True,False,True,False,False,True,False,False,False,True,False,False,True,False,False,True,False,False,624,1
-0.5930798858114132,0.5486423834559204,0.27511114728938313,-0.553376823010832,1.273011018709644,-0.17320296985531508,1.2312094212657483,0.289345769452328,True,False,False,False,True,False,True,False,False,False,True,False,False,False,True,False,False,True,False,False,625,0
-0.9562057824922446,-0.575624795757031,0.48818840289638193,0.5655805831862851,0.9796016011542834,-0.17320296985531508,-0.881255270484691,-0.656342400677794,True,False,False,False,True,False,True,False,False,False,False,True,True,False,False,False,False,False,False,True,626,0
0.30666539151997985,-1.6998919749699823,1.1196719058771238,1.6688222954761396,0.8630416955500991,0.02776740707987939,-0.6862585297077273,-0.16319212791055251,False,False,True,False,True,False,False,True,True,False,False,False,False,False,True,True,False,False,False,False,627,0
-0.8230596203759398,1.5864274719601832,-1.5341084594100431,-1.5623243718571092,-1.548542558329576,0.6306785378854628,1.5237045324311937,2.702881222054357,True,False,False,False,True,False,True,False,False,False,False,True,False,False,True,False,False,False,False,True,628,0
-0.8530319166099132,-1.6134098842612938,1.2978819742029775,1.6373909076616138,0.93136991607669,-0.2736881583229123,0.1262278901962878,2.157515038052937,True,False,False,False,True,False,False,True,False,False,True,False,False,False,True,False,True,False,False,False,629,1
-0.45244064963661507,-0.14321434221358817,0.9956996844330519,0.16325881916035537,-1.0943608571822372,-0.575143723725704,-0.6862585297077273,1.0841879737948232,True,False,False,False,True,False,False,True,False,False,False,True,False,True,False,False,False,False,True,False,630,0
2.2727327464061955,-1.353963612135228,0.860105067228598,1.3859398051454077,0.42895652985175764,-0.07271778138771784,-0.5562607025230849,0.6374518443468514,False,True,False,False,True,False,True,False,False,True,False,False,False,True,False,False,False,False,True,False,631,0
-0.5631075895774399,-0.9215531585917853,-0.2246518704070323,0.8987532940202583,-0.10561131309157039,-0.8765992891284957,-0.9137547272808515,0.9797561513264661,True,False,False,False,True,False,False,True,False,False,False,True,False,True,False,False,False,False,False,True,632,1
-0.7129690707473069,-1.2674815214265396,0.36809031337243714,1.294788780483283,0.3405317738761695,-0.7761141006608985,-0.19876667776531826,-0.3604522370174491,True,False,False,False,True,False,False,True,False,True,False,False,True,False,False,True,False,False,False,False,633,0
0.047289751033671744,0.5486423834559204,0.9685807609921611,-0.5879513496068104,-1.1023994713618361,0.8316489148206573,-0.7512574433000485,0.9971614550711922,False,False,True,False,True,True,False,False,True,False,False,False,True,False,False,False,True,False,False,False,634,0
0.17467201002805866,-0.48914270504834245,-0.11617617664346926,0.515290362683044,-0.4713682582633211,-0.07271778138771784,2.0436958411697637,-0.6679459365076115,False,False,True,False,True,True,False,False,False,False,False,True,False,True,False,False,False,True,False,False,635,0
-0.7896289822688156,-1.0945173400091623,0.9182170460305068,1.137631841410654,0.24004909663118307,-0.6756289121933012,-0.4587623321346031,0.1036891961752488,True,False,False,False,True,True,False,False,False,True,False,False,True,False,False,False,False,False,False,True,636,1
-0.6040313017430574,-1.2674815214265396,0.7438811096247805,1.294788780483283,0.7665783253949121,-0.07271778138771784,-0.6212596161154061,1.6701665332006042,True,False,False,False,True,False,True,False,True,False,False,False,False,False,True,False,False,False,True,False,637,1
-0.5694478830115497,-0.22969643292227673,-0.06193832976168774,0.18526079063052342,0.6902114906887225,0.6306785378854628,-0.4587623321346031,-0.4996946669752585,True,False,False,False,True,False,False,True,False,True,False,False,True,False,False,True,False,False,False,False,638,0
1.7943287872870048,0.37567820203854324,-0.619813326260012,-0.40564930028256097,-0.10159200600177093,1.4345600456262406,1.4912050756350332,0.289345769452328,False,True,False,False,True,False,False,True,False,False,True,False,False,False,True,False,False,True,False,False,639,0
0.09340097600901545,-1.353963612135228,0.5036849305768909,1.3419358622050717,1.0117560578726792,-0.7761141006608985,0.0937284334001272,0.8289101855388393,False,False,True,False,True,True,False,False,False,False,True,False,False,True,False,True,False,False,False,False,640,1
-0.8887681159658044,-0.6621068864657196,1.1274201697173785,0.7038786895701985,1.1001808138482672,-0.07271778138771784,-0.7187579865038879,0.1733104111541535,True,False,False,False,True,False,True,False,False,False,True,False,True,False,False,False,False,False,True,False,641,0
0.06285228946285021,0.11623192991247754,-0.6430581177807755,-0.11333739360747135,-0.48744548662251896,0.22873778401507386,-0.9137547272808515,-0.5693158819541632,False,False,True,False,True,True,False,False,False,True,False,False,False,False,True,True,False,False,False,False,642,0
-0.05069660203893349,-0.6621068864657196,1.3133785018834865,0.6535884690669573,0.14760503356579552,-0.8765992891284957,-0.9462541840770121,1.002963222986101,False,False,True,False,True,False,False,True,True,False,False,False,False,True,False,False,False,False,False,True,643,0
0.4029225736560098,0.7216065648732976,-1.6193393616528429,-0.7293925947721763,-1.8942029680523296,1.0326192917558517,0.0937284334001272,-0.19800273540000485,False,False,True,False,True,True,False,False,False,True,False,False,False,True,False,True,False,False,False,False,644,1
-0.3342806356372969,1.4999453812514947,-1.3830173145250804,-1.5246067064796782,-2.360442590469067,-0.977084477596093,-0.881255270484691,-1.1436909055301268,True,False,False,False,True,True,False,False,False,True,False,False,False,True,False,True,False,False,False,False,645,1
2.211635373313865,-1.5269277935526053,0.6935173946631262,1.5430967442180366,1.0760649713094705,-0.977084477596093,0.8087164829156605,-1.1436909055301268,False,True,False,True,False,True,False,False,False,False,True,False,False,False,True,False,False,True,False,False,646,1
2.1960728348846867,-1.6998919749699823,1.1429166973978875,1.7253987935422859,1.3574164675954326,-0.8765992891284957,-0.6862585297077273,0.9507473117519225,False,True,False,False,True,False,True,False,True,False,False,False,True,False,False,False,True,False,False,False,647,0
0.12510244317956426,0.7216065648732976,-0.1936588150460143,-0.6885317906132928,-1.5163881016111804,-0.47465853525810675,-0.881255270484691,0.4169846635803199,False,False,True,False,True,False,True,False,False,True,False,False,False,True,False,False,False,False,False,True,648,1
0.10435239194065964,-0.9215531585917853,-0.15491749584474176,0.8987532940202583,0.1275084981167982,-0.6756289121933012,-0.881255270484691,-0.9928449397425,False,False,True,False,True,True,False,False,False,True,False,False,True,False,False,False,False,False,False,True,649,1
0.2709291921640887,0.7216065648732976,-0.1510433639246145,-0.7639671213681547,-0.2302098328753536,-0.07271778138771784,-0.3612639617461213,1.612148854051517,False,False,True,False,True,False,False,True,False,False,True,False,True,False,False,True,False,False,False,False,650,0
-0.6472605751574421,0.7216065648732976,-0.743785547704084,-0.7388220111165341,-0.5035227149817167,-0.977084477596093,-0.6537590729115668,0.30675107319705414,True,False,False,False,True,False,False,True,False,False,True,False,True,False,False,False,False,False,True,False,651,0
2.145926877724,-1.2674815214265396,0.860105067228598,1.2256397272913262,1.1363545776564623,-0.7761141006608985,0.2887251741770908,-0.4126681482516276,False,True,False,False,True,False,False,True,True,False,False,False,True,False,False,False,True,False,False,False,652,0
-0.46569762681702637,-0.0567322515048996,-0.4416032579341584,0.08468034962404097,0.6982501048683214,-0.8765992891284957,-0.26376559135763944,-0.8652060456145081,True,False,False,False,True,False,False,True,False,True,False,False,False,True,False,False,False,False,False,True,653,1
0.2300054799984711,0.37567820203854324,-1.359772523004317,-0.3867904675938455,-1.1908242273374243,2.338926741834616,-0.13376776417299704,-1.1030785301257657,False,False,True,True,False,True,False,False,False,False,False,True,False,True,False,False,False,False,False,True,654,1
-0.8513027456733377,-1.6134098842612938,0.8407344076279618,1.6091026586285406,0.7906941679337088,-0.2736881583229123,-0.06876885058067583,-0.5054964348901673,True,False,False,False,True,False,True,False,False,False,False,True,False,False,True,False,False,False,False,True,655,0
-1.2622690382660882,0.9810528369993632,-1.654206548933988,-0.9494123094738567,-0.35882765974893627,-0.8765992891284957,4.448655644085648,-0.05295853752728675,True,False,False,False,True,False,False,True,True,False,False,False,True,False,False,False,False,False,False,True,656,1
-0.7204621448058001,-0.4026606143396539,0.627657152020963,0.38327853386203575,0.10741196266780093,3.4442638149781852,1.3287077916542303,2.366378682989651,True,False,False,True,False,True,False,False,False,False,False,True,True,False,False,False,False,True,False,False,657,0
-0.5365936352166173,-0.7485889771744081,-0.06193832976168774,0.7730277427621552,1.1042001209380667,-0.2736881583229123,1.7837001868004787,0.6316500764319427,True,False,False,False,True,False,True,False,False,False,True,False,True,False,False,False,True,False,False,False,658,1
0.13144273661367398,0.9810528369993632,0.9375877056311431,-0.9808436972883825,1.248895176170847,-0.8765992891284957,-0.49126178893076367,2.2329380209467504,False,False,True,False,True,False,True,False,False,False,False,True,False,True,False,False,False,False,True,False,659,0
-0.4968227036753834,-0.0567322515048996,-0.2556449257680503,0.09410976596839869,-0.053360320924177425,1.3340748571586434,-0.49126178893076367,-0.7839812948057859,True,False,False,False,True,False,True,False,True,False,False,False,False,False,True,False,True,False,False,False,660,0
2.1862741995774257,1.0675349277080517,-2.1733402262310397,-1.0814241382948648,-0.7929128254472778,-0.6756289121933012,0.06122897660396659,-0.22120980705963975,False,True,False,False,True,True,False,False,True,False,False,False,True,False,False,False,False,True,False,False,661,1
-0.5608020283286727,-0.7485889771744081,-0.4144843344932676,0.7195943834774614,0.28024216752917763,-0.6756289121933012,-0.5562607025230849,-0.2676239503789095,True,False,False,False,True,True,False,False,False,False,True,False,True,False,False,True,False,False,False,False,662,0
-0.7850178597712812,-1.5269277935526053,1.042189267474579,1.4896633849333427,0.7223659474071181,-0.07271778138771784,-0.4262628753384425,-0.615730025273433,True,False,False,False,True,False,True,False,False,False,True,False,False,True,False,True,False,False,False,False,663,1
-0.016689573619617547,-1.0080352493004738,0.10852347472391131,0.9993337350267407,0.6580570339703268,-0.8765992891284957,1.1337110508772665,0.5794341651977641,False,False,True,False,True,False,False,True,True,False,False,False,True,False,False,True,False,False,False,False,664,0
2.263510501411127,0.11623192991247754,0.32934899417116464,-0.09133542213730332,0.3686669235047657,-0.575143723725704,-0.9787536408731727,0.8173066497090219,False,True,False,False,True,False,False,True,False,False,False,True,True,False,False,False,False,True,False,False,665,1
-0.5734826151968923,-0.3161785236309653,0.8794757268292344,0.3172726194515316,-0.12972715563036713,1.8365007994966296,0.191226803788609,1.6005453182216995,True,False,False,False,True,False,False,True,False,True,False,False,False,True,False,False,True,False,False,False,666,1
-0.10141894951181146,-0.48914270504834245,0.7128880542637626,0.5027178075572336,-0.5919474709573049,1.0326192917558517,0.2887251741770908,-0.7433689194014249,False,False,True,False,True,False,False,True,False,False,True,False,True,False,False,False,False,True,False,False,667,0
-0.7175801932448412,1.6729095626688717,-0.49971523673606716,-1.6503322577377812,-1.214940069876221,-0.8765992891284957,-0.4262628753384425,0.30675107319705414,True,False,False,True,False,False,False,True,True,False,False,False,False,False,True,False,True,False,False,False,668,1
0.24960275061299214,0.11623192991247754,-0.5617013474581032,-0.12590994873328165,-0.5195999433409146,-0.7761141006608985,-0.8487558136885304,-0.11097621667637399,False,False,True,False,True,False,False,True,True,False,False,False,False,True,False,True,False,False,False,False,669,0
2.3355592904351012,-0.4026606143396539,0.2286215642478561,0.38013539508058314,-0.8411445105248713,0.5301933494178656,-0.3612639617461213,1.130602117114093,False,True,False,True,False,False,False,True,False,False,False,True,True,False,False,False,True,False,False,False,670,0
-0.7671497600933356,-1.5269277935526053,0.8291120118675801,1.5493830217809417,1.0881228925788688,0.4297081609502683,-0.06876885058067583,-0.7723777589759685,True,False,False,False,True,True,False,False,False,True,False,False,False,False,True,False,False,False,True,False,671,0
2.284836942962223,-1.2674815214265396,1.0189444759538153,1.2916456417018303,0.4128793014925598,-0.977084477596093,-0.8162563568923697,-0.9464307964232302,False,True,False,False,True,False,False,True,False,True,False,False,True,False,False,False,False,False,True,False,672,1
2.28714250421099,-1.5269277935526053,0.643153679701472,1.5588124381252992,1.0881228925788688,0.5301933494178656,0.2887251741770908,-0.8303954381250558,False,True,False,False,True,False,False,True,False,False,True,False,True,False,False,False,False,True,False,False,673,1
-0.23225955037934906,-1.0945173400091623,0.5617969093787997,1.1030573148146758,0.8107907033827062,-0.07271778138771784,1.101211594081106,-0.9058184210188691,False,False,True,False,True,False,False,True,False,True,False,False,True,False,False,False,False,False,True,False,674,0
0.18792898720846998,0.2027140206211661,0.37583857721269165,-0.17934330801797546,0.8550030813705002,-0.6756289121933012,-0.16626722096915764,0.09208566034543135,False,False,True,False,True,False,False,True,False,False,False,True,True,False,False,False,False,True,False,False,675,0
-0.6011493501820984,1.0675349277080517,-1.0188489140331187,-1.0719947219505073,-1.8339133617053376,0.8316489148206573,-0.23126613456147885,-1.2945368713177536,True,False,False,False,True,True,False,False,True,False,False,False,True,False,False,False,False,False,False,True,676,1
-0.7596566860348422,1.413463290542806,0.9492101013915248,-1.4271694042546483,-2.0188014878361127,0.9321341032882544,-0.6212596161154061,0.10949096409015752,True,False,False,False,True,False,False,True,False,False,False,True,False,True,False,False,False,True,False,False,677,0
-0.8317054750588166,-0.22969643292227673,-0.712792492343066,0.22297845600795432,1.248895176170847,0.4297081609502683,-0.4262628753384425,-0.8594042776995994,True,False,False,False,True,False,True,False,False,False,False,True,True,False,False,False,False,False,True,False,678,1
0.04440779947271293,-0.9215531585917853,0.9143429141103796,0.9427572369605943,0.32043523842717225,1.0326192917558517,0.2237262605847696,-1.3815633900413846,False,False,True,False,True,True,False,False,False,False,True,False,False,True,False,False,False,True,False,False,679,0
0.22308879625216949,0.6351244741646089,-1.1505693993174453,-0.6539572640173145,-1.504330180341782,-0.977084477596093,-0.9462541840770121,-0.48228936323053234,False,False,True,False,True,False,True,False,False,False,False,True,False,True,False,False,False,False,True,False,680,1
-0.5608020283286727,1.6729095626688717,-0.10067964896296025,-1.7069087558039275,-0.829086589255473,-0.3741733467905095,0.1587273469924484,-0.7317653835716075,True,False,False,False,True,False,False,True,False,False,True,False,False,False,True,False,False,True,False,False,681,0
-0.6587883814012779,1.1540170184167404,-1.6425841531736063,-1.2008634119900627,-0.6642949985736951,0.6306785378854628,0.9387143101003029,-0.6795494723374289,True,False,False,False,True,True,False,False,False,False,True,False,True,False,False,False,True,False,False,False,682,1
-0.8795458709707357,0.5486423834559204,-1.7278150554164058,-0.5848082108253578,-1.5324653299703783,-0.17320296985531508,-0.49126178893076367,0.21972455447342326,True,False,False,False,True,True,False,False,False,True,False,False,False,False,True,True,False,False,False,False,683,1
-0.79424010476635,-0.8350710678830967,1.0848047185959786,0.826461102046849,1.2689917116198444,4.650086076589352,0.1262278901962878,-0.9232237247635954,True,False,False,False,True,True,False,False,False,False,False,True,True,False,False,False,False,False,False,True,684,0
0.025386919170383566,-1.180999430717851,1.0383151355544515,1.1879220619138953,0.32847385260677114,-0.47465853525810675,-0.6537590729115668,-0.48809113114544106,False,False,True,False,True,True,False,False,False,False,False,True,False,True,False,False,False,False,False,True,685,0
-0.38154464123702414,-0.7485889771744081,1.011196212113561,0.7415963549476294,-0.13776576980996605,-0.6756289121933012,1.1337110508772665,0.834711953453748,True,False,False,False,True,False,False,True,False,False,False,True,True,False,False,False,False,False,True,False,686,0
0.06976897320915182,1.0675349277080517,0.643153679701472,-1.0342770565730763,-0.5276385575205136,-0.17320296985531508,0.32122463097325143,-0.13418328833600887,False,False,True,False,True,True,False,False,False,True,False,False,False,True,False,False,False,True,False,False,687,1
-0.02245347674153538,-1.4404457028439166,0.7400069777046533,1.426800609304291,1.2448758690810477,-0.6756289121933012,-0.9462541840770121,-1.1494926734450355,False,False,True,True,False,True,False,False,False,True,False,False,False,True,False,True,False,False,False,False,688,0
-0.4051766440368879,0.4621602927472318,0.6857691308228717,-0.4150787166269187,-0.48744548662251896,-0.3741733467905095,-0.5887601593192455,-0.38365930867708403,True,False,False,False,True,False,False,True,False,False,True,False,False,False,True,False,False,False,True,False,689,1
-0.023029867053727268,-1.2674815214265396,0.2712370153692559,1.2319260048542313,0.5093426716477468,0.3292229724826711,-0.6537590729115668,-0.34304693327272295,False,False,True,False,True,True,False,False,False,False,False,True,False,True,False,False,False,False,False,True,690,1
2.0738780887000257,-0.48914270504834245,-0.7244148881034477,0.5121472239015914,-0.43921380154492545,2.7408674957050048,-0.5237612457269243,-0.8768095814443255,False,True,False,False,True,False,False,True,False,False,True,False,False,False,True,False,False,False,True,False,691,0
0.08648429226271384,0.4621602927472318,-0.7244148881034477,-0.4402238268785393,-0.4834261795327195,1.0326192917558517,-0.9462541840770121,-0.2618221824640008,False,False,True,False,True,True,False,False,False,False,False,True,True,False,False,False,False,False,False,True,692,0
0.4991797557920396,1.1540170184167404,1.243644127321196,-1.1537163302682742,-0.4432331086347249,-0.977084477596093,-0.7512574433000485,1.1654127246035453,False,False,True,False,True,False,False,True,True,False,False,False,False,True,False,False,False,False,False,True,693,0
-0.9164348509510106,-1.2674815214265396,0.9298394417908886,1.2633573926687571,0.344551080965969,-0.977084477596093,0.5162213717502151,0.2777422336225105,True,False,False,False,True,False,False,True,False,True,False,False,False,False,True,False,False,True,False,False,694,1
2.083676724007286,-0.8350710678830967,0.5114331944171454,0.8641787674242799,1.2448758690810477,0.4297081609502683,-0.6537590729115668,-0.551910578209437,False,True,False,False,True,True,False,False,True,False,False,False,False,False,True,False,False,True,False,False,695,0
-0.10026616888742788,0.37567820203854324,-1.406262106045844,-0.3333571083091517,0.3365124667863701,-0.7761141006608985,-0.7187579865038879,1.8848319460522271,False,False,True,False,True,False,False,True,False,False,True,False,False,False,True,False,False,True,False,False,696,1
-0.6795384326401827,-1.353963612135228,0.736132845784526,1.345079000986524,0.388763458953763,1.3340748571586434,-0.49126178893076367,2.395387522564195,True,False,False,False,True,False,False,True,True,False,False,False,False,True,False,False,False,False,True,False,697,1
-0.6270869142307293,0.11623192991247754,-0.8018975265059928,-0.1196236711703765,0.6178639630723322,-0.977084477596093,0.5162213717502151,-0.7143600798268813,True,False,False,False,True,False,False,True,False,False,True,False,False,True,False,False,False,True,False,False,698,0
2.0600447212074227,-1.5269277935526053,0.751629373465035,1.4833771073704376,0.9434278373460884,-0.47465853525810675,-0.5887601593192455,0.4750023427294071,False,True,False,False,True,False,False,True,False,False,True,False,False,True,False,False,True,False,False,False,699,0
-0.8017331788248433,-0.4026606143396539,-0.4493515217744129,0.39585108898784604,1.256933790350446,-0.07271778138771784,-0.881255270484691,1.0145667588159184,True,False,False,False,True,True,False,False,False,False,True,False,False,False,True,False,False,False,False,True,700,0
-0.949289098745943,1.5864274719601832,-0.6701770412216662,-1.5906126208901823,-2.3001529841220747,-0.977084477596093,-0.4587623321346031,0.16170687532433603,True,False,False,True,False,False,False,True,False,True,False,False,True,False,False,False,False,False,False,True,701,0
-1.0023170074675882,-1.2674815214265396,1.3250008976438683,1.2979319192647354,0.6660956481499257,1.5350452340938379,1.101211594081106,-0.6389370969330679,True,False,False,False,True,False,False,True,False,True,False,False,False,True,False,False,False,False,True,False,702,0
2.1505380002215344,0.9810528369993632,-1.4643740848477527,-0.9494123094738567,1.281049632889243,0.6306785378854628,-0.9787536408731727,2.331568075500199,False,True,False,False,True,False,True,False,False,True,False,False,True,False,False,False,False,False,False,True,703,0
0.36776276461231033,-0.3161785236309653,-0.8018975265059928,0.35499028482896255,1.2850689399790423,-0.47465853525810675,1.426206162042712,-1.2945368713177536,False,False,True,False,True,False,True,False,True,False,False,False,True,False,False,True,False,False,False,False,704,0
-0.4829893361827803,0.2891961113298547,-1.5960945701320792,-0.3176414144018888,-0.19403606906715848,-0.7761141006608985,0.1262278901962878,-1.0334573151468611,True,False,False,False,True,False,False,True,False,True,False,False,False,True,False,True,False,False,False,False,705,0
-0.6956773613815529,0.6351244741646089,-0.6663029093015389,-0.6162395986398835,0.055160970500407955,-0.7761141006608985,-0.7512574433000485,-0.09357091293164782,True,False,False,False,True,False,True,False,False,False,True,False,True,False,False,False,False,False,False,True,706,1
0.03345638354106874,1.5864274719601832,-0.4416032579341584,-1.5623243718571092,-2.255940606134281,-0.6756289121933012,-0.4262628753384425,-0.5751176498690719,False,False,True,False,True,False,False,True,True,False,False,False,False,True,False,False,False,False,False,True,707,1
2.087135065880437,-0.7485889771744081,0.5617969093787997,0.7856002978879655,1.1765476485544568,2.037471176431824,-0.16626722096915764,-0.48809113114544106,False,True,False,False,True,False,False,True,False,False,True,False,False,True,False,False,True,False,False,False,708,0
0.27554031466162293,1.5864274719601832,-2.351550294556893,-1.556038094294204,-2.075071787093305,0.3292229724826711,-0.49126178893076367,-0.5635141140392544,False,False,True,False,True,True,False,False,False,True,False,False,False,False,True,False,True,False,False,False,709,1
-1.0265254005796436,1.5864274719601832,-1.0885832885954094,-1.593755759671635,1.212721412362652,-0.47465853525810675,-0.9787536408731727,-0.4590822915708974,True,False,False,False,True,False,False,True,False,True,False,False,False,False,True,True,False,False,False,False,710,0
0.46517272737272364,0.8945707462906747,-1.8905285960617504,-0.8928358114077103,-0.6562563843940962,-0.07271778138771784,0.2887251741770908,2.4882158092027344,False,False,True,False,True,False,True,False,False,False,True,False,False,True,False,False,False,False,True,False,711,0
0.10377600162846776,-1.0945173400091623,0.5308038540177817,1.0621965106557922,0.7987327821133078,-0.2736881583229123,0.9712137668964635,-0.13418328833600887,False,False,True,False,True,True,False,False,False,False,False,True,False,False,True,True,False,False,False,False,712,1
-0.8190248881905973,0.11623192991247754,1.2785113146023412,-0.11333739360747135,-1.391789581827397,-0.575143723725704,1.1987099644695878,-0.21540803914473103,True,False,False,False,True,False,False,True,True,False,False,False,False,False,True,False,True,False,False,False,713,0
-1.0847408221110149,0.2027140206211661,0.4804401390561274,-0.20763155705104863,0.7505010970357143,-0.3741733467905095,-0.23126613456147885,-0.8652060456145081,True,False,False,False,True,True,False,False,True,False,False,False,False,False,True,True,False,False,False,False,714,0
2.1891561511383846,-0.8350710678830967,0.6044123605001995,0.8107454081395862,0.035064435051410665,-0.6756289121933012,0.3862235445655726,0.26033692987778434,False,True,False,False,True,True,False,False,False,True,False,False,False,True,False,True,False,False,False,False,715,0
-0.8876153353414209,0.4621602927472318,-1.7045702638956424,-0.4433669656599919,0.27622286043937816,-0.17320296985531508,-0.5237612457269243,-1.1146820659555832,True,False,False,False,True,True,False,False,False,False,True,False,True,False,False,False,False,False,False,True,716,1
-0.8305526944344331,0.8080886555819861,-1.9447664429435318,-0.8299730357786588,0.043103049231009584,-0.07271778138771784,0.1587273469924484,2.7957095086928967,True,False,False,False,True,True,False,False,False,True,False,False,False,False,True,False,True,False,False,False,717,0
-0.5262186095971649,0.2027140206211661,0.8019930884266893,-0.21706097339540636,-0.2704029037733482,-0.7761141006608985,-0.26376559135763944,1.7165806765198741,True,False,False,False,True,True,False,False,False,True,False,False,True,False,False,True,False,False,False,False,718,1
-0.3267875615788036,1.6729095626688717,-2.2469487327134576,-1.6849067843337595,-1.874106432603332,-0.575143723725704,-0.6862585297077273,-0.9116201889337779,True,False,False,False,True,False,False,True,False,False,True,False,False,False,True,False,True,False,False,False,719,0
0.057664776653124056,0.5486423834559204,-1.3404018634036807,-0.5785219332624527,-1.6369673143051642,-0.8765992891284957,-0.4587623321346031,1.339465762050807,False,False,True,False,True,False,True,False,False,False,True,False,False,True,False,False,True,False,False,False,720,1
-0.7239204866789509,-0.48914270504834245,0.7438811096247805,0.5184335014644965,0.4168986085823592,0.12825259554747662,4.221159446512525,0.7534872026450259,True,False,False,False,True,True,False,False,False,True,False,False,True,False,False,False,False,True,False,False,721,0
-0.9740738821701902,-0.4026606143396539,-0.5113376324964489,0.3864216726434883,-0.7366425261900854,-0.47465853525810675,-0.06876885058067583,0.6838659876661212,True,False,False,False,True,True,False,False,True,False,False,False,True,False,False,True,False,False,False,False,722,0
0.056511996028740484,-1.2674815214265396,1.274637182682214,1.241355421198589,0.6942307977785219,1.7360156110290323,1.0362126804887848,-0.7259636156566988,False,False,True,False,True,False,True,False,False,False,False,True,False,True,False,False,False,False,False,True,723,0
-0.9239279250095039,-0.0567322515048996,-0.7631562073047202,0.03753326790225232,0.195836718643389,-0.7761141006608985,0.8737153965079817,-1.1088802980406745,True,False,False,False,True,False,True,False,False,False,False,True,True,False,False,False,False,False,True,False,724,0
1.9845375903102975,1.4999453812514947,0.09690107896352956,-1.4806027635393422,0.5696322779947387,0.22873778401507386,0.7112181125271787,-0.44747875574108,False,True,False,False,True,False,False,True,False,False,False,True,False,False,True,False,True,False,False,False,725,1
-0.7988512272638844,1.0675349277080517,-1.5263601955697887,-1.0531358892617917,-0.9215306523208605,-0.977084477596093,-0.4587623321346031,-0.9986467076574087,True,False,False,True,False,False,True,False,False,False,True,False,False,False,True,False,False,True,False,False,726,1
-0.7948164950785418,-1.0945173400091623,0.44944708369510944,1.0999141760332232,0.49326544328854893,-0.7761141006608985,0.2237262605847696,0.41118289566541116,True,False,False,False,True,True,False,False,False,False,True,False,False,False,True,False,False,True,False,False,727,0
-0.6720453585816892,-1.0080352493004738,1.0925529824362332,1.0370514004041715,1.1926248769136547,0.02776740707987939,-0.6862585297077273,0.1559051074094273,True,False,False,False,True,True,False,False,True,False,False,False,False,False,True,False,False,True,False,False,728,0
-0.7394830251081294,-0.6621068864657196,0.5772934370593087,0.6378727751596944,0.9554857586154867,0.8316489148206573,-0.6862585297077273,-0.13998505625091762,True,False,False,False,True,False,False,True,False,False,False,True,True,False,False,False,False,False,True,False,729,1
-0.1458010035505797,0.2891961113298547,0.39133510489320067,-0.25792177755428985,0.42493722276195817,0.02776740707987939,2.7586838906852966,0.11529273200506625,False,False,True,False,True,False,False,True,False,True,False,False,False,False,True,False,False,False,True,False,730,1
2.104426775246191,-1.6134098842612938,1.2320217315608142,1.6248183525358035,0.7786362466643105,-0.977084477596093,-0.3287645049499607,-0.6389370969330679,False,True,False,True,False,True,False,False,False,False,True,False,True,False,False,False,True,False,False,False,731,1
-0.4720379202511361,-0.22969643292227673,0.5889158328196905,0.2386941499152172,0.9474471444358877,-0.6756289121933012,-0.13376776417299704,-0.0413550016974693,True,False,False,False,True,True,False,False,True,False,False,False,True,False,False,False,True,False,False,False,732,0
0.38678364491463946,0.8080886555819861,0.8446085395480891,-0.7985416479641331,0.7183466403173187,-0.575143723725704,0.8087164829156605,-0.5809194177839806,False,False,True,False,True,True,False,False,False,True,False,False,True,False,False,True,False,False,False,False,733,1
-0.3141069747105842,-0.7485889771744081,0.1588871896855656,0.7573120488548923,0.7906941679337088,-0.47465853525810675,-0.6537590729115668,1.5599329428173385,True,False,False,False,True,True,False,False,False,False,True,False,False,False,True,False,True,False,False,False,734,1
0.02711609010695902,-0.9215531585917853,0.7710000330656713,0.9018964328017108,1.0841035854890693,2.2384415533670183,0.5162213717502151,-1.137889137615218,False,False,True,False,True,False,True,False,False,False,True,False,True,False,False,False,False,False,False,True,735,0
0.21732489313025166,-0.14321434221358817,-0.3021345088095773,0.15382940281599766,0.3164159313373728,-0.7761141006608985,-0.4587623321346031,0.028266213281435384,False,False,True,False,True,False,True,False,False,False,False,True,True,False,False,False,True,False,False,False,736,1
0.10089405006750873,-0.575624795757031,-0.0038263509597789708,0.5498648892790223,0.15162434065559496,-0.575143723725704,-0.23126613456147885,-0.05876030544219547,False,False,True,False,True,False,True,False,True,False,False,False,True,False,False,False,True,False,False,False,737,1
-0.2708777012961995,0.37567820203854324,0.9840772886726701,-0.34907280221641457,-0.17795884070796064,-0.977084477596093,0.028729519807805987,0.9101349363475614,False,False,True,False,True,False,False,True,False,False,False,True,True,False,False,False,False,False,False,True,738,1
-0.6657050651475795,1.240499109125429,-0.4416032579341584,-1.2542967712747566,0.10339265557800147,-0.2736881583229123,-0.7837569000962091,-1.1901050488493967,True,False,False,True,False,False,True,False,True,False,False,False,True,False,False,False,False,False,False,True,739,0
-0.42419752433921715,-0.3161785236309653,-0.9219956160299375,0.33298831335879453,-0.5718509355083076,-0.3741733467905095,-0.5887601593192455,0.3241563769417803,True,False,False,False,True,False,True,False,False,False,True,False,True,False,False,False,True,False,False,False,740,0
-0.8881917256536127,1.413463290542806,-1.82079422149946,-1.4365988205990061,-1.2913069045824106,-0.7761141006608985,-0.29626504815380006,-0.9232237247635954,True,False,False,False,True,False,False,True,True,False,False,False,False,True,False,False,False,False,True,False,741,0
0.3689155452366939,1.4999453812514947,-1.5534791190106796,-1.5057478737909626,-1.89018366096253,0.8316489148206573,-0.881255270484691,0.31835460902687157,False,False,True,False,True,False,False,True,True,False,False,False,False,True,False,False,True,False,False,False,742,1
-1.0219142780821093,-0.48914270504834245,1.0305668717141971,0.47442955852416047,-0.6040053922267032,-0.977084477596093,-0.7512574433000485,-0.8768095814443255,True,False,False,False,True,True,False,False,False,False,True,False,False,False,True,True,False,False,False,False,743,0
2.1303643392948217,-1.0945173400091623,0.10077521088365682,1.137631841410654,0.6982501048683214,-0.2736881583229123,-0.8487558136885304,-0.0645620733571042,False,True,False,False,True,False,False,True,False,True,False,False,False,True,False,False,False,True,False,False,744,0
0.2559430440471019,0.7216065648732976,-1.4914930082886435,-0.6853886518318403,-0.7326232191002859,1.9369859879642268,-0.4262628753384425,-0.6737477044225202,False,False,True,False,True,False,False,True,False,False,False,True,False,False,True,False,False,False,False,True,745,0
0.303783439959021,-1.5269277935526053,0.5463003816982908,1.4928065237147952,1.132335270566663,-0.2736881583229123,-0.881255270484691,-0.7085583119119726,False,False,True,False,True,False,True,False,True,False,False,False,False,False,True,False,False,False,True,False,746,0
-0.6974065323181282,0.37567820203854324,1.0964271143563604,-0.34907280221641457,0.7143273332275192,0.6306785378854628,1.4912050756350332,-0.3256416295279968,True,False,False,False,True,False,False,True,False,True,False,False,False,True,False,False,True,False,False,False,747,0
-0.6149827176747015,0.7216065648732976,-1.2939122803621537,-0.7419651498979867,-0.9416271877698578,-0.47465853525810675,-0.6862585297077273,0.4285881994101373,True,False,False,False,True,False,True,False,True,False,False,False,False,False,True,True,False,False,False,False,748,0
-0.9809905659164918,0.6351244741646089,-0.9529886713909556,-0.6005239047326207,-0.38696280937753247,-0.6756289121933012,-0.7187579865038879,-1.1785015130195793,True,False,False,False,True,False,True,False,True,False,False,False,False,True,False,False,False,True,False,False,749,0
-0.7809831275859387,0.5486423834559204,0.4920625348165092,-0.5219454351963063,-0.27442221086314766,0.12825259554747662,0.0937284334001272,-0.9986467076574087,True,False,False,False,True,False,True,False,False,True,False,False,False,True,False,False,False,True,False,False,750,0
-0.029946550800028875,-1.5269277935526053,1.2552665230815776,1.568241854469657,1.0037174436930802,0.22873778401507386,-0.4262628753384425,0.7012712914108473,False,False,True,False,True,False,True,False,False,False,True,False,True,False,False,False,True,False,False,False,751,0
-0.800004007888268,0.2027140206211661,-1.0265971778733733,-0.18248644679942802,-0.7125266836512887,-0.977084477596093,-0.8487558136885304,0.09208566034543135,True,False,False,False,True,False,False,True,False,False,False,True,True,False,False,False,False,True,False,False,752,0
-0.04723826016578279,1.413463290542806,-1.1118280801161728,-1.4586007920691741,-0.15786230525896336,0.12825259554747662,0.06122897660396659,-0.6447388648479766,False,False,True,False,True,True,False,False,False,False,False,True,False,True,False,False,True,False,False,False,753,0
-0.33600980657387236,1.413463290542806,-1.7084443958157696,-1.4240262654731957,-2.1916316926974893,0.5301933494178656,-0.7187579865038879,-0.8187919022952383,True,False,False,False,True,True,False,False,False,False,True,False,False,False,True,False,False,True,False,False,754,0
-0.10084255919961978,1.240499109125429,-1.7898011661384419,-1.2322947998045886,-0.8692796601534676,-0.6756289121933012,0.6462191989348575,1.3336639941358983,False,False,True,False,True,False,False,True,True,False,False,False,True,False,False,True,False,False,False,False,755,0
-0.8115318141321038,-1.0945173400091623,0.6818949989027445,1.1250592862848439,0.8308872388317035,0.5301933494178656,-0.7837569000962091,1.1248003491991843,True,False,False,False,True,False,False,True,False,False,False,True,False,False,True,False,False,False,True,False,756,0
-0.661670332962237,-1.0080352493004738,0.5308038540177817,0.9647592084307623,0.30837731715777383,-0.7761141006608985,-0.9787536408731727,1.4671046561787988,True,False,False,False,True,True,False,False,False,True,False,False,False,False,True,False,False,True,False,False,757,0
-0.8455388425514198,0.9810528369993632,0.10852347472391131,-1.005988807540003,-1.3837509676477981,-0.575143723725704,1.426206162042712,-0.14578682416582633,True,False,False,False,True,False,True,False,True,False,False,False,False,True,False,False,True,False,False,False,758,1
-0.08816197233140013,-0.7485889771744081,0.7400069777046533,0.76674146519925,-0.3950014235571314,2.037471176431824,-0.6862585297077273,0.7824960422195695,False,False,True,False,True,False,False,True,False,True,False,False,True,False,False,True,False,False,False,False,759,0
-0.04896743110235804,-1.5269277935526053,1.3095043699633593,1.5368104666551312,1.2006634910932537,-0.575143723725704,-0.26376559135763944,-1.161096209274853,False,False,True,False,True,False,False,True,False,False,True,False,True,False,False,False,True,False,False,False,760,1
-0.7054759966888134,0.2891961113298547,-1.437255161406862,-0.2830668878059105,-1.556581172509175,1.133104480223449,-0.7837569000962091,0.6490553801766689,True,False,False,False,True,True,False,False,False,False,True,False,True,False,False,True,False,False,False,False,761,0
-0.07087026296564622,-0.14321434221358817,-1.0382195736337552,0.16954509672326054,0.099373348488202,-0.977084477596093,-0.9137547272808515,-1.1668979771897618,False,False,True,False,True,False,False,True,True,False,False,False,False,True,False,False,True,False,False,False,762,0
0.1129982466235365,-0.8350710678830967,0.16276132160569284,0.826461102046849,1.108219428027866,-0.7761141006608985,-0.4262628753384425,2.1865238776274807,False,False,True,False,True,False,False,True,False,False,True,False,False,True,False,False,False,False,True,False,763,0
-0.7170038029326493,0.8945707462906747,-1.4488775571672436,-0.8896926726262577,-1.1466118493496302,0.3292229724826711,-0.49126178893076367,-0.7781795268908772,True,False,False,False,True,False,False,True,True,False,False,False,True,False,False,False,False,False,False,True,764,0
0.19196371939381257,-1.6134098842612938,0.8639791991487253,1.6216752137543509,0.9434278373460884,-0.3741733467905095,-0.29626504815380006,0.9333420080071964,False,False,True,False,True,True,False,False,False,True,False,False,False,False,True,False,False,True,False,False,765,1
-0.6945245807571694,-1.2674815214265396,0.9259653098707613,1.250784837542947,0.5656129709049392,-0.7761141006608985,-0.881255270484691,-0.9058184210188691,True,False,False,False,True,False,True,False,False,True,False,False,False,False,True,True,False,False,False,False,766,1
-0.8513027456733377,-0.0567322515048996,-0.6391839858606482,0.09725290474985128,0.6017867347131344,-0.2736881583229123,0.41872300136173324,-1.3409510146370234,True,False,False,False,True,False,True,False,True,False,False,False,False,False,True,False,False,True,False,False,767,1
-1.0835880414866315,0.2027140206211661,0.8639791991487253,-0.15419819776635485,0.35660900223536734,0.22873778401507386,-0.5562607025230849,-0.3024345578683619,True,False,False,True,False,False,False,True,False,True,False,False,True,False,False,False,False,False,True,False,768,1
0.12856078505271495,-1.0080352493004738,-0.03481940632079698,0.9773317635565727,0.09133473430860309,-0.977084477596093,-0.8487558136885304,0.3821740560908675,False,False,True,False,True,False,False,True,False,False,True,False,True,False,False,False,False,False,False,True,769,1
2.1142254105534515,0.4621602927472318,0.34484552185167366,-0.45908265956725475,-0.0654182421935758,-0.07271778138771784,-0.19876667776531826,1.0725844379650058,False,True,False,False,True,False,True,False,True,False,False,False,True,False,False,False,False,False,True,False,770,0
0.5078256104749167,-1.4404457028439166,1.2475182592413232,1.4488025807744591,1.2850689399790423,1.9369859879642268,0.191226803788609,-0.9580343322530477,False,False,True,False,True,True,False,False,False,False,False,True,False,True,False,True,False,False,False,False,771,0
-0.8513027456733377,0.37567820203854324,-1.3404018634036807,-0.3522159409978672,0.9434278373460884,0.73116372635306,-0.23126613456147885,-0.31983986161308803,True,False,False,False,True,False,False,True,False,False,True,False,True,False,False,False,False,False,False,True,772,1
0.1550747394135376,1.5864274719601832,0.9879514205927974,-1.578040065764372,1.2689917116198444,0.9321341032882544,1.913698013985121,0.12109449991997497,False,False,True,False,True,False,True,False,False,False,False,True,False,False,True,True,False,False,False,False,773,0
-0.602302130806482,-1.6998919749699823,1.259140655001705,1.665679156694687,1.0117560578726792,0.12825259554747662,-0.881255270484691,0.2023192507286971,True,False,False,False,True,False,False,True,True,False,False,False,False,False,True,False,False,False,False,True,774,1
-0.763115027907993,1.413463290542806,-0.13942096816423277,-1.3957380164401225,0.07525750594940525,-0.575143723725704,0.0937284334001272,0.5968394689424903,True,False,False,True,False,False,True,False,False,False,True,False,False,True,False,False,False,True,False,False,775,1
-0.9152820703266271,-0.9215531585917853,0.5075590624970182,0.9238984042718789,0.49326544328854893,-0.8765992891284957,1.9461974707812817,0.21392278655851454,True,False,False,False,True,False,True,False,False,True,False,False,False,False,True,False,False,True,False,False,776,1
0.04325501884832916,0.37567820203854324,0.6082864924203267,-0.37736105124948777,0.6459991127009284,-0.575143723725704,-0.16626722096915764,1.5193205674129775,False,False,True,False,True,True,False,False,False,False,False,True,False,False,True,False,True,False,False,False,777,0
0.14931083629161956,-0.0567322515048996,-1.0730867609149004,0.06267837815387294,-0.9978974870270502,-0.575143723725704,-0.39376341854228186,1.6933736048602392,False,False,True,True,False,False,False,True,True,False,False,False,False,False,True,False,True,False,False,False,778,1
-0.17289134822359425,-0.6621068864657196,1.2242734677205598,0.6347296363782419,0.16368226192499333,-0.7761141006608985,-0.29626504815380006,1.3452675299657157,False,False,True,False,True,False,False,True,False,False,False,True,False,True,False,False,False,False,True,False,779,0
-0.4852948974315474,-1.2674815214265396,1.2668889188419594,1.2916456417018303,0.7384431757663159,-0.6756289121933012,1.6862018164119967,-0.3546504691025404,True,False,False,False,True,False,True,False,False,False,True,False,False,False,True,False,False,False,False,True,780,1
0.4530685308166961,0.8080886555819861,-0.898750824509174,-0.7859690928383227,-1.0622064004638416,-0.07271778138771784,1.913698013985121,0.3241563769417803,False,False,True,False,True,False,False,True,False,False,False,True,False,False,True,False,False,True,False,False,781,0
0.20406791594984033,1.1540170184167404,-2.212081545432312,-1.1254280812352009,-1.9786084169381182,-0.6756289121933012,-0.6862585297077273,-0.0413550016974693,False,False,True,False,True,False,False,True,True,False,False,False,False,False,True,False,True,False,False,False,782,0
-0.904330654394983,-0.14321434221358817,0.41457989641396414,0.1349705701272822,0.78265555375411,1.4345600456262406,-0.7837569000962091,-0.7085583119119726,True,False,False,False,True,False,False,True,False,False,True,False,True,False,False,True,False,False,False,False,783,1
0.43635321176313385,-0.6621068864657196,-0.17816228736550527,0.6881629956629356,-0.28648013213254603,2.841352684172602,-0.7187579865038879,1.8094089631584136,False,False,True,False,True,False,False,True,False,False,False,True,False,False,True,False,True,False,False,False,784,0
-0.0011270351904390874,0.11623192991247754,-0.39511367489263133,-0.13533936507763938,1.0037174436930802,0.12825259554747662,-0.9787536408731727,1.612148854051517,False,False,True,False,True,False,False,True,False,False,False,True,True,False,False,False,True,False,False,False,785,1
-0.49855187461195877,-1.0080352493004738,1.13904256547776,1.0464808167485293,0.6701149552397251,-0.47465853525810675,-0.9462541840770121,-0.012346162122925683,True,False,False,False,True,False,True,False,True,False,False,False,False,False,True,False,False,True,False,False,786,0
-0.6662814554597714,1.4999453812514947,-1.0537161013142642,-1.518320428916773,-1.8540098971543348,0.4297081609502683,-0.39376341854228186,0.8695225609432004,True,False,False,False,True,True,False,False,False,False,True,False,False,False,True,True,False,False,False,False,787,1
1.9101832400375554,0.7216065648732976,-1.8866544641416232,-0.7073906233020083,-1.5726584008683728,0.6306785378854628,-0.06876885058067583,-0.8187919022952383,False,True,False,False,True,True,False,False,True,False,False,False,False,False,True,True,False,False,False,False,788,0
0.10262322100408419,-1.0080352493004738,0.09302694704340231,1.011906290152551,0.6620763410601262,0.3292229724826711,0.6462191989348575,0.3473634486014152,False,False,True,False,True,False,False,True,True,False,False,False,True,False,False,True,False,False,False,False,789,1
-0.8587958197318311,-1.5269277935526053,0.8097413522669438,1.5588124381252992,0.9675436798848851,-0.47465853525810675,1.9461974707812817,-0.5635141140392544,True,False,False,False,True,False,True,False,True,False,False,False,True,False,False,False,False,False,True,False,790,1
2.122871265236328,-0.9215531585917853,0.007796044800602783,0.9521866533049521,0.6259025772519311,-0.07271778138771784,-0.5237612457269243,-1.0856732263810396,False,True,False,False,True,False,False,True,True,False,False,False,True,False,False,False,True,False,False,False,791,1
-0.12159261043852439,-0.4026606143396539,1.1467908293180147,0.3707059787362254,1.0157753649624786,-0.17320296985531508,-0.9462541840770121,0.057275052855979,False,False,True,False,True,False,False,True,False,True,False,False,False,False,True,True,False,False,False,False,792,0
-0.3584890287493524,-1.6134098842612938,1.057685795155088,1.6185320749728982,1.0157753649624786,-0.977084477596093,-0.29626504815380006,-0.7027565439970638,True,False,False,True,False,True,False,False,False,False,False,True,False,False,True,False,False,True,False,False,793,1
0.035761944789835874,1.413463290542806,-1.731689187336533,-1.452314514506269,1.0439105145910748,5.052026830459741,-0.8487558136885304,0.35316521651632393,False,False,True,False,True,False,False,True,True,False,False,False,False,False,True,False,False,False,True,False,794,1
-0.5210310967874389,0.4621602927472318,1.0770564547557242,-0.48737090860032795,-0.08551477764257309,-0.6756289121933012,-0.8162563568923697,-0.43587521991126255,True,False,False,True,False,True,False,False,False,False,False,True,False,False,True,False,False,False,False,True,795,1
-0.06164801797057768,0.8945707462906747,-0.019322878640287977,-0.939982893129499,0.7987327821133078,0.02776740707987939,-0.881255270484691,-0.5635141140392544,False,False,True,False,True,True,False,False,False,True,False,False,True,False,False,True,False,False,False,False,796,0
-0.7815595178981305,-1.0945173400091623,0.39133510489320067,1.1187730087219385,0.27622286043937816,-0.8765992891284957,-0.6537590729115668,0.7940995780493869,True,False,False,True,False,False,False,True,True,False,False,False,False,True,False,False,False,False,False,True,797,0
-0.9360321215655317,-1.2674815214265396,0.8291120118675801,1.257071115105852,0.3365124667863701,-0.2736881583229123,-0.5562607025230849,0.6954695234959386,True,False,False,False,True,False,False,True,True,False,False,False,False,True,False,False,True,False,False,False,798,0
-0.9959767140334784,0.8080886555819861,-1.204807246199227,-0.8048279255270382,0.6701149552397251,0.5301933494178656,-0.5237612457269243,-0.012346162122925683,True,False,False,False,True,False,True,False,False,False,True,False,False,True,False,True,False,False,False,False,799,0
-0.9054834350193665,-1.0945173400091623,1.3172526338036137,1.1282024250662963,0.48120752201915057,-0.17320296985531508,-0.7837569000962091,-0.5170999707199847,True,False,False,False,True,False,True,False,False,False,False,True,False,False,True,False,False,True,False,False,800,1
0.3498946649343645,-0.0567322515048996,0.29835593881014666,0.059535239372420355,-0.43117518736532656,-0.7761141006608985,-0.49126178893076367,0.9217384721773789,False,False,True,True,False,True,False,False,False,False,True,False,False,True,False,False,False,False,False,True,801,1
0.09051902444805643,-0.48914270504834245,0.4920625348165092,0.47128641974270785,0.7424624828561154,1.5350452340938379,1.263708878061909,1.3684746016253506,False,False,True,False,True,False,False,True,False,False,True,False,False,False,True,False,False,True,False,False,802,0
-0.7515872216641571,0.37567820203854324,0.16276132160569284,-0.38364732881239294,0.4450337582109554,-0.2736881583229123,-0.39376341854228186,0.21392278655851454,True,False,False,False,True,False,False,True,True,False,False,False,True,False,False,False,True,False,False,False,803,1
2.0231557412271477,-0.575624795757031,-0.3679947514517406,0.5970119710008109,0.5334585141865436,1.5350452340938379,-0.03626939378451522,-0.20960627122982228,False,True,False,False,True,False,False,True,True,False,False,False,True,False,False,False,True,False,False,False,804,1
-0.8443860619270362,1.4999453812514947,-1.4682482167678799,-1.5088910125724153,-0.31059597467134276,0.4297081609502683,-0.9787536408731727,-0.5983247215287067,True,False,False,False,True,True,False,False,False,False,True,False,False,True,False,False,False,True,False,False,805,1
2.016239057480846,-0.8350710678830967,0.6237830201008358,0.8767513225500903,0.09133473430860309,-0.6756289121933012,-0.9787536408731727,1.2930516187315373,False,True,False,False,True,True,False,False,False,False,True,False,False,False,True,True,False,False,False,False,806,0
0.12452605286737237,1.240499109125429,-1.3713949187646988,-1.2511536324933041,-1.363654432198801,-0.07271778138771784,1.6212029028196757,-0.592522953613798,False,False,True,False,True,False,True,False,False,False,False,True,False,False,True,False,True,False,False,False,807,0
0.3331793458808025,0.8080886555819861,-1.4178845018062256,-0.8079710643084907,-0.12570784854056768,0.6306785378854628,0.6462191989348575,-1.0740696905512221,False,False,True,False,True,True,False,False,False,False,False,True,True,False,False,False,True,False,False,False,808,0
0.14988722660381146,-0.14321434221358817,0.751629373465035,0.1318274313458296,-0.3950014235571314,-0.8765992891284957,-0.7512574433000485,1.699175372775148,False,False,True,False,True,True,False,False,False,True,False,False,False,False,True,False,True,False,False,False,809,1
-0.8847333837804618,-0.8350710678830967,0.0620338916823843,0.8641787674242799,0.099373348488202,0.4297081609502683,1.6212029028196757,1.362672833710442,True,False,False,False,True,False,True,False,False,False,True,False,True,False,False,False,False,False,True,False,810,1
-0.6622467232744288,-0.6621068864657196,0.8910981225896161,0.685019856881483,-0.21011329742635632,0.22873778401507386,0.1262278901962878,-0.39526284450690147,True,False,False,False,True,False,True,False,False,True,False,False,True,False,False,False,False,False,True,False,811,1
-0.9400668537508743,0.9810528369993632,-0.13554683624410552,-0.9839868360698351,1.3493778534158336,-0.17320296985531508,-0.5237612457269243,-1.016052011402135,True,False,False,False,True,False,True,False,False,False,True,False,False,True,False,False,False,True,False,False,812,0
0.16833171659394894,-1.353963612135228,1.2320217315608142,1.316790751953451,0.9956788295134813,-0.6756289121933012,-0.06876885058067583,0.521416486048677,False,False,True,False,True,False,True,False,False,True,False,False,False,True,False,False,False,False,False,True,813,1
-0.9809905659164918,-0.22969643292227673,-0.6546805135411572,0.27012553772974296,-0.38696280937753247,-0.2736881583229123,-0.3612639617461213,-1.1088802980406745,True,False,False,False,True,True,False,False,False,False,True,False,True,False,False,True,False,False,False,False,814,1
-0.45359343026099874,1.4999453812514947,-1.3520242591640623,-1.5088910125724153,-2.3765198188282644,0.9321341032882544,0.2562257173809302,-0.19800273540000485,True,False,False,False,True,False,False,True,False,True,False,False,False,True,False,False,False,False,True,False,815,1
1.9101832400375554,1.1540170184167404,0.20925090464721985,-1.1191418036722958,-1.7052955348317549,-0.7761141006608985,1.4912050756350332,0.7824960422195695,False,True,False,False,True,True,False,False,False,True,False,False,True,False,False,True,False,False,False,False,816,0
0.010977161365588673,-0.22969643292227673,0.08915281512327507,0.23240787235231206,-0.9858395657576519,-0.6756289121933012,-0.9462541840770121,0.1559051074094273,False,False,True,False,True,False,False,True,False,False,True,False,False,True,False,False,True,False,False,False,817,1
-1.1665882464422501,0.6351244741646089,-1.3249053357231717,-0.6288121537656939,0.7424624828561154,-0.575143723725704,-0.23126613456147885,-1.0044484755723175,True,False,False,False,True,True,False,False,True,False,False,False,False,False,True,False,False,False,True,False,818,1
-0.6593647717134697,-0.3161785236309653,-0.16266575968499628,0.3015569255442687,0.29631939588837547,-0.8765992891284957,-0.5562607025230849,-0.44167698782617126,True,False,False,False,True,False,False,True,True,False,False,False,False,True,False,False,True,False,False,False,819,1
2.0606211115196142,-1.5269277935526053,0.860105067228598,1.5336673278736788,1.0157753649624786,0.9321341032882544,-0.0037699369883546193,-0.8361972060399645,False,True,False,False,True,True,False,False,False,True,False,False,False,True,False,False,False,True,False,False,820,1
-0.2420581856866097,-0.3161785236309653,-0.9646110671513373,0.2826980928555533,-0.06943754928337526,-0.3741733467905095,-0.9137547272808515,-0.8419989739548732,False,False,True,True,False,False,False,True,False,False,False,True,True,False,False,False,False,False,False,True,821,0
-0.9769558337311492,-1.0080352493004738,0.6082864924203267,1.0024768738081933,0.8349065459215029,1.3340748571586434,-0.6862585297077273,-0.6621441685927028,True,False,False,True,False,False,False,True,False,False,True,False,True,False,False,False,False,False,False,True,822,1
0.1689081069061406,-0.8350710678830967,1.1467908293180147,0.7950297142323233,0.22799117536178468,-0.07271778138771784,-0.8162563568923697,-1.0740696905512221,False,False,True,True,False,False,False,True,False,True,False,False,False,False,True,False,False,True,False,False,823,0
0.16487337472079824,-1.180999430717851,1.2707630507620866,1.16906322922518,0.35258969514556787,-0.47465853525810675,0.8412159397118211,0.3705705202610501,False,False,True,False,True,False,False,True,True,False,False,False,False,True,False,False,False,False,False,True,824,0
-0.8962611900242978,-0.48914270504834245,0.06590802360251155,0.48700211364997076,0.3324931596965706,-0.575143723725704,-0.3287645049499607,-0.8826113493592342,True,False,False,False,True,True,False,False,True,False,False,False,True,False,False,False,True,False,False,False,825,0
2.0237321315393393,-0.14321434221358817,0.46494361137561846,0.12239801500147189,-0.4552910299041233,-0.6756289121933012,-0.13376776417299704,-1.1668979771897618,False,True,False,True,False,True,False,False,True,False,False,False,False,True,False,True,False,False,False,False,826,0
-0.5314061224068911,-1.5269277935526053,0.7206363181040171,1.5116653564035107,1.055968435860473,1.3340748571586434,-0.4587623321346031,0.5562270935381293,True,False,False,False,True,False,True,False,False,False,True,False,False,True,False,False,False,False,True,False,827,1
0.26747085029093776,1.1540170184167404,-1.4450034252471164,-1.1159986648908433,-0.7567390616390827,-0.17320296985531508,-0.06876885058067583,0.11529273200506625,False,False,True,False,True,False,False,True,False,True,False,False,False,False,True,False,False,False,False,True,828,0
2.0104751543589283,0.8080886555819861,-1.514737799809407,-0.7859690928383227,1.0197946720522781,-0.7761141006608985,-0.19876667776531826,-0.7027565439970638,False,True,False,False,True,True,False,False,False,False,False,True,True,False,False,False,False,False,False,True,829,1
-0.8495735747367623,-1.2674815214265396,0.6237830201008358,1.2665005314502098,1.2328179478116494,-0.8765992891284957,-0.29626504815380006,-0.9464307964232302,True,False,False,False,True,False,True,False,False,False,False,True,True,False,False,False,False,True,False,False,830,0
-0.6403438914111406,-0.22969643292227673,-0.5500789516977214,0.26383926016683784,-0.7527197545492832,0.12825259554747662,0.35372408776941205,1.948651393116223,True,False,False,False,True,False,True,False,False,False,True,False,False,False,True,False,True,False,False,False,831,1
0.11703297880887908,-0.575624795757031,1.0615599270752152,0.5435786117161171,1.2609530974402456,0.02776740707987939,2.2061931251505666,-0.9464307964232302,False,False,True,False,True,False,False,True,False,True,False,False,False,False,True,False,False,True,False,False,832,0
-0.7504344410397734,-0.4026606143396539,1.197154544279669,0.43671189314672954,0.06319958468000687,3.2432934380429908,-0.4587623321346031,-0.02394969795274313,True,False,False,False,True,False,False,True,False,True,False,False,False,False,True,False,False,False,False,True,833,1
-0.5354408545922337,0.5486423834559204,0.09690107896352956,-0.591094488388263,-1.6570638497541614,-0.7761141006608985,1.263708878061909,-0.8478007418697819,True,False,False,True,False,False,False,True,True,False,False,False,False,True,False,False,False,False,True,False,834,1
-0.9613932953019708,-1.4404457028439166,0.6199088881807084,1.398512360271218,0.7384431757663159,-0.8765992891284957,0.06122897660396659,1.4671046561787988,True,False,False,False,True,False,True,False,False,False,False,True,False,False,True,False,False,False,False,True,835,1
1.9580236359494743,-0.8350710678830967,0.3797127091328189,0.804459130576681,1.3373199321464353,-0.8765992891284957,-0.10126830737683644,0.30675107319705414,False,True,False,False,True,False,False,True,False,True,False,False,False,True,False,False,False,False,False,True,836,0
0.3003250980858701,0.4621602927472318,0.5927899647398177,-0.45279638200434963,-0.38696280937753247,0.6306785378854628,-0.23126613456147885,0.7476854347301172,False,False,True,False,True,False,False,True,False,True,False,False,True,False,False,True,False,False,False,False,837,0
-0.6916426291962103,-1.6134098842612938,1.1622873569985237,1.605959519847088,1.2529144832606467,0.12825259554747662,-0.9787536408731727,-0.34304693327272295,True,False,False,True,False,True,False,False,False,False,True,False,False,True,False,False,False,False,False,True,838,0
-0.6501425267184011,1.413463290542806,-0.7476596796242112,-1.4365988205990061,0.35660900223536734,0.12825259554747662,-0.9787536408731727,0.7244783630704823,True,False,False,False,True,False,False,True,False,True,False,False,False,True,False,False,False,False,False,True,839,0
-0.7723372729030618,-0.4026606143396539,0.7128880542637626,0.40842364411365634,1.168509034374858,-0.977084477596093,-0.6212596161154061,0.09208566034543135,True,False,False,False,True,False,True,False,False,False,False,True,False,True,False,False,False,False,True,False,840,0
2.3292189970009916,1.4999453812514947,-2.0609904005473494,-1.5246067064796782,0.3726862305945652,-0.47465853525810675,-0.7512574433000485,-1.0450608509766786,False,True,False,False,True,False,False,True,False,False,True,False,False,False,True,False,False,False,False,True,841,1
0.09282458569682377,-1.0945173400091623,1.3017561061231047,1.0841984821259603,0.9675436798848851,0.9321341032882544,0.028729519807805987,0.6606589160064863,False,False,True,False,True,True,False,False,False,True,False,False,False,False,True,False,False,True,False,False,842,0
-0.5360172449044255,1.240499109125429,-1.2939122803621537,-1.2322947998045886,-2.179573771428091,-0.575143723725704,1.003713223692624,-0.8768095814443255,True,False,False,False,True,False,False,True,False,True,False,False,True,False,False,False,True,False,False,False,843,1
-0.740635805732513,-0.9215531585917853,1.290133710362723,0.9584729308678572,0.48522682910895004,0.73116372635306,-0.39376341854228186,1.0203685267308271,True,False,False,False,True,False,True,False,True,False,False,False,False,False,True,True,False,False,False,False,844,0
0.20233874501326488,0.4621602927472318,0.627657152020963,-0.47479835347451765,1.3333006250566357,-0.575143723725704,-0.9462541840770121,0.7534872026450259,False,False,True,False,True,False,False,True,False,False,True,False,True,False,False,False,False,True,False,False,845,0
-0.7919345435175827,0.6351244741646089,0.2208733004076016,-0.6256690149842413,-1.2551331407742157,-0.7761141006608985,0.6137197421386968,-0.5983247215287067,True,False,False,False,True,False,True,False,False,False,True,False,True,False,False,True,False,False,False,False,846,0
1.9989473481150923,1.1540170184167404,-0.8793801649085378,-1.1882908568642525,-0.8491831247044702,0.6306785378854628,0.5487208285463757,2.1517132701380284,False,True,False,False,True,False,False,True,False,False,True,False,False,True,False,True,False,False,False,False,847,1
-0.015536792995233981,-1.6134098842612938,1.2397699954010688,1.5713849932511097,0.7705976324847116,-0.6756289121933012,-0.881255270484691,-0.9406290285083215,False,False,True,False,True,False,False,True,True,False,False,False,False,False,True,False,False,True,False,False,848,1
-0.8345874266197757,1.1540170184167404,-1.6425841531736063,-1.1851477180827998,0.07927681303920471,0.02776740707987939,-0.5887601593192455,1.1538091887737278,True,False,False,False,True,False,False,True,True,False,False,False,False,True,False,True,False,False,False,False,849,1
-0.25473877255482913,-1.0080352493004738,0.1821319812063291,1.0370514004041715,0.3123966242475733,0.73116372635306,0.4837219149540545,-0.3662540049323578,False,False,True,False,True,True,False,False,False,True,False,False,False,False,True,False,False,True,False,False,850,1
-0.5901979342504543,-0.3161785236309653,-0.8096457903462473,0.35499028482896255,-0.6562563843940962,-0.977084477596093,0.4837219149540545,0.3415616806865065,True,False,False,False,True,False,False,True,True,False,False,False,False,True,False,False,False,False,True,False,851,0
-0.560225638016481,1.413463290542806,-1.8944027279818776,-1.414596849128838,-0.9295692665004595,-0.575143723725704,-0.8487558136885304,0.7244783630704823,True,False,False,False,True,False,True,False,True,False,False,False,False,False,True,False,False,True,False,False,852,1
-0.6801148229523745,-0.22969643292227673,-0.5268341601769579,0.1978333457563337,-0.8331058963452724,-0.2736881583229123,0.3862235445655726,-0.6911530081672463,True,False,False,False,True,False,False,True,True,False,False,False,False,True,False,True,False,False,False,False,853,1
-0.9844489077896426,-0.0567322515048996,0.9298394417908886,0.04381954546515747,-0.25432567541415035,-0.8765992891284957,-0.3287645049499607,-0.4068663803367189,True,False,False,False,True,False,True,False,False,False,True,False,True,False,False,False,False,True,False,False,854,0
-0.7469760991666228,-0.3161785236309653,-0.5810720070587394,0.2826980928555533,-0.14580438398956497,-0.17320296985531508,0.7437175693233393,1.0319720625606446,True,False,False,False,True,False,True,False,False,False,False,True,False,False,True,False,False,False,False,True,855,0
0.2766930952860065,-1.180999430717851,1.0964271143563604,1.1722063680066324,1.2328179478116494,-0.07271778138771784,-0.4262628753384425,0.2487333940479669,False,False,True,False,True,True,False,False,False,True,False,False,False,False,True,False,False,False,True,False,856,1
-0.6731981392060729,1.3269811998341174,0.14339066200505657,-1.2920144366521875,-2.231824763595484,-0.575143723725704,-0.03626939378451522,0.8985314005177439,True,False,False,False,True,False,True,False,False,True,False,False,True,False,False,False,True,False,False,False,857,0
-0.8051915206979942,0.8945707462906747,0.9259653098707613,-0.8896926726262577,-1.058187093374042,-0.7761141006608985,-0.4587623321346031,0.07468035660070517,True,False,False,True,False,False,True,False,True,False,False,False,False,True,False,False,False,False,True,False,858,1
-0.9020250931462158,-1.0945173400091623,1.2010286761997961,1.137631841410654,0.27622286043937816,0.02776740707987939,0.3862235445655726,-0.16319212791055251,True,False,False,False,True,False,True,False,True,False,False,False,False,True,False,False,False,True,False,False,859,1
-0.7308371704252524,0.2027140206211661,-0.2246518704070323,-0.17305703045507032,1.0921421996686682,0.6306785378854628,-0.29626504815380006,0.016662677451617938,True,False,False,False,True,True,False,False,False,True,False,False,False,False,True,False,False,True,False,False,860,0
-0.08758558201920845,0.9810528369993632,-0.7166666242631932,-0.9462691706924041,0.8349065459215029,-0.977084477596093,1.3937067052465515,2.581044095841274,False,False,True,False,True,False,True,False,False,False,False,True,False,True,False,False,False,False,True,False,861,1
0.26343611810559514,0.7216065648732976,0.7012656585033807,-0.7545377050237969,-1.6610831568439608,-0.977084477596093,-0.29626504815380006,-0.8478007418697819,False,False,True,False,True,False,True,False,False,True,False,False,False,False,True,False,True,False,False,False,862,1
-0.05127299235112517,-1.0080352493004738,0.23249569616798335,0.9804749023380253,0.5615936638151398,-0.6756289121933012,2.5961866067044936,-0.6215317931883417,False,False,True,False,True,False,False,True,False,False,False,True,True,False,False,False,True,False,False,False,863,0
1.9136415819107062,-0.6621068864657196,1.1777838846790327,0.6441590527225995,0.07927681303920471,-0.6756289121933012,0.35372408776941205,-0.4996946669752585,False,True,False,False,True,False,False,True,False,False,False,True,True,False,False,False,True,False,False,False,864,0
0.08302595038956315,-1.6998919749699823,1.1235460377972513,1.687681128164855,1.3694743888648309,-0.6756289121933012,-0.7837569000962091,-0.8303954381250558,False,False,True,False,True,False,False,True,False,True,False,False,True,False,False,False,False,True,False,False,865,1
-0.8190248881905973,-1.6998919749699823,1.1003012462764876,1.69396740572776,1.108219428027866,-0.47465853525810675,-0.4262628753384425,-0.029751465867651854,True,False,False,False,True,False,False,True,False,False,True,False,True,False,False,False,True,False,False,False,866,0
-0.7925109338297746,0.8945707462906747,-1.5379825913301706,-0.9336966155665938,0.8630416955500991,0.5301933494178656,-0.13376776417299704,-0.7955848306356034,True,False,False,False,True,False,False,True,False,True,False,False,False,False,True,False,True,False,False,False,867,0
0.22654713812532018,-0.7485889771744081,0.30223007073027386,0.7195943834774614,-0.39098211646733194,-0.977084477596093,-0.7837569000962091,-0.6505406327628853,False,False,True,False,True,True,False,False,False,False,False,True,True,False,False,False,False,False,False,True,868,1
0.15104000722819502,0.7216065648732976,0.6857691308228717,-0.7482514274608918,0.11545057684739983,-0.977084477596093,-0.03626939378451522,-0.6505406327628853,False,False,True,False,True,True,False,False,False,False,False,True,True,False,False,False,False,True,False,False,869,1
-0.02821737986345342,0.11623192991247754,-0.7631562073047202,-0.06619031188568271,1.3373199321464353,0.6306785378854628,-0.9137547272808515,0.005059141621800489,False,False,True,False,True,False,True,False,True,False,False,False,False,True,False,False,False,False,True,False,870,0
-0.8380457684929264,-0.8350710678830967,0.7438811096247805,0.8107454081395862,0.010948592512613911,-0.07271778138771784,-0.4262628753384425,-0.6969547760821551,True,False,False,False,True,True,False,False,False,False,True,False,False,False,True,False,True,False,False,False,871,1
-0.6501425267184011,-1.5269277935526053,0.6082864924203267,1.5399536054365839,1.08008427839927,-0.3741733467905095,-0.9462541840770121,1.4148887449446204,True,False,False,False,True,True,False,False,False,True,False,False,False,True,False,False,True,False,False,False,872,0
2.1032739946218073,0.6351244741646089,0.8407344076279618,-0.6005239047326207,0.0029099783330149946,4.248145322718963,0.9387143101003029,2.3779822188194686,False,True,False,False,True,False,False,True,False,False,True,False,True,False,False,False,False,False,True,False,873,0
-0.72680243823991,-1.353963612135228,0.7942448245864348,1.3890829439268602,1.0398912075012754,1.8365007994966296,-0.6212596161154061,0.8405137213686568,True,False,False,False,True,True,False,False,False,True,False,False,False,True,False,False,False,True,False,False,874,0
2.1026976043096153,0.4621602927472318,-1.4759964806081345,-0.4685120759116125,-0.01316725002618284,1.4345600456262406,0.028729519807805987,-0.44747875574108,False,True,False,False,True,True,False,False,False,False,True,False,False,True,False,True,False,False,False,False,875,1
-0.6057604726796327,1.4999453812514947,-2.2779417880744757,-1.5151772901353204,-1.311403440031408,-0.2736881583229123,-0.39376341854228186,-0.8129901343803296,True,False,False,True,False,False,False,True,False,True,False,False,False,False,True,False,False,False,True,False,876,1
0.057664776653124056,0.8945707462906747,-0.5423306878574669,-0.8802632562819,-1.1385732351700313,0.6306785378854628,0.5487208285463757,2.076290287244215,False,False,True,False,True,False,False,True,False,True,False,False,True,False,False,False,False,True,False,False,877,1
-0.698559312942512,-0.14321434221358817,-0.16653989160512353,0.106682321094209,1.08008427839927,1.2335896686910461,1.003713223692624,-1.0392590830617698,True,False,False,False,True,False,True,False,False,False,True,False,False,True,False,True,False,False,False,False,878,0
-0.03225211204879601,1.1540170184167404,-1.6890737362151333,-1.1600026078311794,-1.2872875974926112,0.6306785378854628,0.2887251741770908,-1.2539244959133926,False,False,True,False,True,True,False,False,True,False,False,False,False,True,False,False,False,True,False,False,879,1
-0.7844414694590895,-0.4026606143396539,0.5346779859379089,0.4115667828951089,-0.39098211646733194,-0.17320296985531508,-0.9462541840770121,-0.08196737710183037,True,False,False,False,True,False,False,True,False,False,True,False,True,False,False,False,False,False,False,True,880,0
0.41560316052422924,0.029749839203788972,1.33662329340425,0.01867443521353686,1.2931075541586412,-0.2736881583229123,0.5162213717502151,-1.2365191921686665,False,False,True,False,True,False,False,True,False,False,False,True,True,False,False,True,False,False,False,False,881,0
-0.010349280185507827,-1.4404457028439166,0.9453359694713976,1.4362300256486489,0.8911768451786953,0.12825259554747662,0.35372408776941205,0.1559051074094273,False,False,True,False,True,False,False,True,True,False,False,False,False,True,False,False,False,True,False,False,882,1
-0.7988512272638844,-0.575624795757031,0.2596146196088741,0.6001551097822635,-0.0171865571159823,-0.07271778138771784,-0.9137547272808515,-0.1863991995701874,True,False,False,False,True,True,False,False,True,False,False,False,False,False,True,False,True,False,False,False,883,1
0.008095209804629654,0.6351244741646089,-1.6270876254930973,-0.6068101822955259,-0.5919474709573049,-0.7761141006608985,-0.881255270484691,-1.2597262638283013,False,False,True,False,True,True,False,False,False,False,True,False,False,False,True,False,True,False,False,False,884,0
-0.5850104214407281,-0.48914270504834245,0.8949722545097434,0.48700211364997076,-0.14982369107936444,-0.17320296985531508,-0.8162563568923697,-0.46488405948580613,True,False,False,False,True,False,True,False,False,False,False,True,True,False,False,False,False,False,True,False,885,0
-0.6749273101426483,0.8080886555819861,-0.09680551704283301,-0.8142573418713959,-0.7326232191002859,-0.575143723725704,0.191226803788609,0.45759703898468096,True,False,False,False,True,True,False,False,True,False,False,False,False,False,True,False,False,False,False,True,886,0
-0.5706006636359332,0.7216065648732976,-1.7743046384579328,-0.7231063172092712,0.7143273332275192,-0.8765992891284957,-0.13376776417299704,-0.44167698782617126,True,False,False,False,True,False,True,False,False,False,True,False,True,False,False,False,False,True,False,False,887,0
0.3418252005636793,0.9810528369993632,-0.2478966619277958,-0.9934162524141927,-0.057379628013976884,-0.977084477596093,-0.7837569000962091,1.171214492518454,False,False,True,True,False,True,False,False,True,False,False,False,False,False,True,False,True,False,False,False,888,0
0.3429779811880631,1.413463290542806,-1.6968220000553877,-1.3800223225328596,0.6942307977785219,-0.47465853525810675,3.0186795450545816,0.6084430047723077,False,False,True,False,True,False,False,True,False,True,False,False,False,True,False,False,True,False,False,False,889,0
-0.04896743110235804,-1.0945173400091623,0.11627173856416582,1.065339649437245,0.63394119143153,-0.7761141006608985,-0.7187579865038879,0.1036891961752488,False,False,True,False,True,True,False,False,True,False,False,False,True,False,False,False,False,True,False,False,890,1
-1.07033106430622,0.4621602927472318,-0.13167270432397826,-0.41822185540837126,-0.8532024317942697,1.4345600456262406,0.191226803788609,0.08628389243052262,True,False,False,False,True,False,False,True,False,False,False,True,False,True,False,True,False,False,False,False,891,1
0.06285228946285021,-0.0567322515048996,-0.5578272155379759,0.04696268424661005,-0.3789241951979336,0.02776740707987939,-0.6537590729115668,-0.6853512402523376,False,False,True,False,True,True,False,False,True,False,False,False,False,False,True,False,False,True,False,False,892,1
0.2651652890421706,0.8945707462906747,-1.9718853663844227,-0.8676907011560897,0.3123966242475733,0.02776740707987939,-0.6537590729115668,0.7128748272406648,False,False,True,False,True,True,False,False,False,True,False,False,False,False,True,False,False,True,False,False,893,1
-0.791358153205391,-0.4026606143396539,-0.30988277264983183,0.3644197011733203,0.35660900223536734,-0.8765992891284957,-0.6537590729115668,-0.3314433974429055,True,False,False,False,True,False,True,False,False,True,False,False,False,False,True,True,False,False,False,False,894,0
0.33721407806614506,-1.4404457028439166,1.0073220801934337,1.4613751359002694,0.7062887190479202,-0.47465853525810675,2.466188779519851,-0.8361972060399645,False,False,True,False,True,True,False,False,False,False,False,True,False,False,True,False,False,False,False,True,895,0
-0.0028562061270143353,1.4999453812514947,0.8678533310688525,-1.5214635676982255,-1.5967742434071694,0.22873778401507386,-0.9137547272808515,-1.1146820659555832,False,False,True,False,True,True,False,False,False,True,False,False,False,False,True,False,True,False,False,False,896,0
0.02999804166791804,1.413463290542806,-1.1273246077966819,-1.452314514506269,-2.0991876296321017,-0.8765992891284957,0.41872300136173324,0.045671517026161554,False,False,True,False,True,False,False,True,False,True,False,False,False,False,True,False,False,False,False,True,897,1
-0.00919649956112426,0.029749839203788972,-0.8948766925890468,0.002958741306273979,0.9434278373460884,2.5398971187698103,-0.6212596161154061,0.8115048817941131,False,False,True,False,True,False,True,False,False,True,False,False,False,False,True,False,False,False,False,True,898,0
2.24852435329414,-0.22969643292227673,-0.3989878068127586,0.1978333457563337,0.06319958468000687,0.5301933494178656,1.101211594081106,-0.2618221824640008,False,True,False,True,False,True,False,False,False,False,True,False,False,False,True,False,True,False,False,False,899,0
-1.146990975827729,1.6729095626688717,-1.4837447444483889,-1.6409028413934235,-2.127322779260698,1.2335896686910461,-0.39376341854228186,-1.2075103525941229,True,False,False,False,True,True,False,False,False,True,False,False,False,True,False,False,False,True,False,False,900,0
-1.149872927388688,-1.0945173400091623,0.8213637480273256,1.0904847596888654,0.8550030813705002,-0.8765992891284957,-0.03626939378451522,0.16170687532433603,True,False,False,False,True,False,True,False,False,False,True,False,True,False,False,False,False,True,False,False,901,1
2.215093715187016,1.1540170184167404,-2.057116268627222,-1.1442869139239165,1.132335270566663,-0.07271778138771784,-0.5562607025230849,1.3510692978806245,False,True,False,False,True,False,False,True,False,True,False,False,False,True,False,False,False,False,True,False,902,0
-0.8132609850686793,-1.353963612135228,0.8291120118675801,1.3859398051454077,0.6218832701621316,-0.17320296985531508,-0.9462541840770121,-0.20960627122982228,True,False,False,False,True,True,False,False,True,False,False,False,False,False,True,True,False,False,False,False,903,0
-0.8951084093999142,-0.8350710678830967,0.7903706926663076,0.8641787674242799,1.0921421996686682,-0.977084477596093,-0.6212596161154061,1.8558231064776833,True,False,False,False,True,True,False,False,False,True,False,False,False,False,True,False,False,False,False,True,904,1
-0.8755111387853931,1.0675349277080517,-1.5534791190106796,-1.027990779010171,-1.958511881489121,-0.7761141006608985,-0.7512574433000485,-0.09937268084655654,True,False,False,True,False,True,False,False,False,False,False,True,False,True,False,False,False,False,True,False,905,0
2.2093298120650973,-1.6998919749699823,1.3288750295639955,1.709683099635023,1.1564511131054596,-0.8765992891284957,-0.5237612457269243,-0.279227486208727,False,True,False,False,True,True,False,False,False,False,False,True,False,False,True,True,False,False,False,False,906,0
0.10377600162846776,0.5486423834559204,-0.19753294696614154,-0.5628062393551898,-1.5003108732519825,-0.8765992891284957,0.5162213717502151,-0.29663278995345316,False,False,True,True,False,True,False,False,True,False,False,False,False,False,True,False,False,False,True,False,907,1
-0.12389817168729153,-0.6621068864657196,0.4726918752158729,0.6661610241927676,0.07525750594940525,0.02776740707987939,1.101211594081106,-1.1320873697003093,False,False,True,False,True,False,False,True,True,False,False,False,False,False,True,True,False,False,False,False,908,0
-0.926809876570463,0.029749839203788972,-0.37961714721212236,0.015531296432084285,0.059180277590207414,-0.8765992891284957,-0.13376776417299704,-1.1494926734450355,True,False,False,False,True,False,True,False,False,False,True,False,False,False,True,False,True,False,False,False,909,1
-0.4749198718120951,-0.22969643292227673,1.0305668717141971,0.2544098438224801,-0.4472524157245244,0.6306785378854628,-0.4262628753384425,1.8384178027329572,True,False,False,False,True,False,False,True,False,True,False,False,True,False,False,False,False,True,False,False,910,1
-0.7492816604153899,-0.48914270504834245,1.0499375313148334,0.5027178075572336,-0.4432331086347249,-0.8765992891284957,-0.7837569000962091,1.130602117114093,True,False,False,False,True,True,False,False,True,False,False,False,False,True,False,False,False,False,False,True,911,0
2.3130800682596213,-0.7485889771744081,1.0848047185959786,0.7101649671331037,0.16368226192499333,-0.8765992891284957,0.9387143101003029,-1.1262856017854006,False,True,False,False,True,False,False,True,False,False,True,False,False,True,False,False,False,False,False,True,912,1
-0.7752192244640208,1.0675349277080517,-0.49971523673606716,-1.0594221668246968,1.2087021052728526,0.12825259554747662,-0.19876667776531826,-0.5229017386348934,True,False,False,False,True,False,False,True,True,False,False,False,False,False,True,False,False,False,False,True,913,0
-0.48471850711935566,1.4999453812514947,-0.05031593400130599,-1.4680302084135317,-2.3323074408404705,-0.3741733467905095,-0.26376559135763944,0.9333420080071964,True,False,False,False,True,True,False,False,False,False,False,True,False,False,True,False,False,True,False,False,914,1
0.04037306728737035,0.2891961113298547,-0.5074635005763216,-0.323927691964794,0.3043580100679744,0.4297081609502683,0.7762170261194999,0.005059141621800489,False,False,True,False,True,False,False,True,False,False,False,True,False,True,False,False,False,True,False,False,915,1
-0.8674416744147081,1.3269811998341174,-2.28569005191473,-1.2920144366521875,-1.9384153460401234,-0.2736881583229123,-0.19876667776531826,-0.72016184774179,True,False,False,False,True,True,False,False,True,False,False,False,False,False,True,False,False,True,False,False,916,0
-0.03398128298537146,1.240499109125429,-2.0145008175058225,-1.2385810773674937,-1.2953262116722102,-0.575143723725704,0.06122897660396659,0.24293162613305816,False,False,True,False,True,False,True,False,False,False,False,True,False,False,True,False,False,True,False,False,917,0
2.337864851683868,-0.0567322515048996,-0.914247352189683,0.09725290474985128,-0.7728162899982806,1.635530422561435,0.9062148533041423,-0.7143600798268813,False,True,False,False,True,False,True,False,False,False,True,False,True,False,False,True,False,False,False,False,918,0
-0.6731981392060729,-1.6134098842612938,1.170035620838778,1.6248183525358035,1.072045664219671,-0.17320296985531508,-0.8162563568923697,0.9101349363475614,True,False,False,False,True,False,True,False,False,False,True,False,False,False,True,True,False,False,False,False,919,0
-0.7417885863568966,1.3269811998341174,-0.18591055120575978,-1.3360183795925236,0.18377879737399064,-0.8765992891284957,0.5812202853425362,0.4459935031548635,True,False,False,False,True,False,False,True,False,False,True,False,False,True,False,False,True,False,False,False,920,0
0.07841482789202887,0.2027140206211661,-0.49971523673606716,-0.1856295855808806,-0.49146479371231844,-0.3741733467905095,0.191226803788609,1.107395045454458,False,False,True,False,True,True,False,False,True,False,False,False,False,True,False,False,True,False,False,False,921,0
-0.8518791359855296,-1.0945173400091623,0.16276132160569284,1.137631841410654,0.7183466403173187,-0.6756289121933012,-0.3612639617461213,-1.0682679226363134,True,False,False,False,True,False,True,False,False,False,True,False,False,True,False,True,False,False,False,False,922,0
0.32395710088573376,0.8945707462906747,-1.8014235618988237,-0.8834063950633526,1.08008427839927,-0.07271778138771784,0.45122245815789386,-0.2850292541236357,False,False,True,False,True,True,False,False,False,False,True,False,True,False,False,False,False,False,True,False,923,0
-0.8893445062779963,1.7593916533775604,-2.297312447675112,-1.719481310929738,-2.380539125918064,2.6403823072374073,0.1587273469924484,-0.3662540049323578,True,False,False,False,True,False,True,False,True,False,False,False,True,False,False,False,False,False,True,False,924,0
0.11126907568696104,-0.8350710678830967,1.2203993358004324,0.8170316857024913,0.6459991127009284,-0.2736881583229123,-0.8162563568923697,-0.08196737710183037,False,False,True,False,True,False,True,False,True,False,False,False,False,False,True,True,False,False,False,False,925,0
-0.4374545015196284,-0.4026606143396539,0.3990833687334552,0.3989942277692986,0.8509837742807008,1.635530422561435,-0.19876667776531826,-0.11097621667637399,True,False,False,False,True,False,False,True,False,True,False,False,False,False,True,False,False,False,True,False,926,1
-0.681267603576758,0.11623192991247754,-1.0537161013142642,-0.13533936507763938,0.031045127961611206,-0.2736881583229123,-0.5562607025230849,1.9776602326907666,True,False,False,False,True,False,False,True,True,False,False,False,False,False,True,False,True,False,False,False,927,0
0.2916792434029933,-0.22969643292227673,-0.5617013474581032,0.21983531722650176,0.46111098657015326,0.12825259554747662,-0.9787536408731727,-0.19220096748509613,False,False,True,True,False,False,False,True,False,False,False,True,True,False,False,False,False,False,True,False,928,0
0.2645888987299787,-0.0567322515048996,1.3017561061231047,0.0532489618095152,0.7625590183051126,-0.977084477596093,1.7187012732081575,1.0783862058799145,False,False,True,False,True,False,False,True,False,False,True,False,False,False,True,False,False,True,False,False,929,0
0.2836097790323081,0.2891961113298547,-1.375269050684826,-0.28621002658736305,0.7143273332275192,-0.3741733467905095,0.2237262605847696,3.4745163547372178,False,False,True,False,True,False,True,False,True,False,False,False,False,True,False,False,False,False,True,False,930,0
-0.04435630860482377,0.7216065648732976,-1.3830173145250804,-0.7608239825867021,1.1524318060156602,-0.3741733467905095,-0.8487558136885304,0.7940995780493869,False,False,True,False,True,False,True,False,False,False,True,False,True,False,False,False,True,False,False,False,931,0
-0.8299763041222413,-1.180999430717851,0.9298394417908886,1.197351478258253,0.7866748608439095,0.9321341032882544,-0.9137547272808515,0.8985314005177439,True,False,False,False,True,True,False,False,False,False,False,True,False,True,False,False,False,True,False,False,932,0
-0.4086349859100386,1.4999453812514947,-0.9103732202695558,-1.5246067064796782,-0.6160633134961017,0.22873778401507386,0.2887251741770908,0.225526322388332,True,False,False,False,True,True,False,False,False,False,False,True,False,False,True,False,False,False,False,True,933,0
0.0029076969949034994,0.029749839203788972,-0.30988277264983183,-0.01590009138244148,-0.6522370773042968,1.133104480223449,-0.03626939378451522,-0.23281334288945718,False,False,True,False,True,False,True,False,False,False,False,True,True,False,False,False,True,False,False,False,934,1
-0.6224757917331949,0.8080886555819861,-2.0028784217454407,-0.8362593133415639,0.6017867347131344,-0.8765992891284957,0.028729519807805987,3.4803181226521263,True,False,False,False,True,True,False,False,True,False,False,False,False,False,True,False,False,True,False,False,935,0
0.10147044037970063,0.8945707462906747,-1.4798706125282617,-0.8802632562819,-0.24628706123455144,-0.7761141006608985,0.9712137668964635,-0.6215317931883417,False,False,True,False,True,False,True,False,False,False,False,True,False,False,True,False,True,False,False,False,936,0
-0.7959692757029254,-0.9215531585917853,-0.12392444048372377,0.8987532940202583,1.0278332862318769,-0.17320296985531508,-0.5237612457269243,0.1791121790690622,True,False,False,True,False,True,False,False,False,False,False,True,False,False,True,False,False,False,False,True,937,0
-0.5521561736457957,-1.180999430717851,0.4184540283340914,1.1596338128808221,1.0037174436930802,-0.7761141006608985,0.9387143101003029,0.02246444536652666,True,False,False,False,True,False,True,False,False,False,True,False,False,True,False,False,False,True,False,False,938,0
0.1729428390914832,0.37567820203854324,1.2010286761997961,-0.41193557784546614,0.3324931596965706,-0.7761141006608985,0.45122245815789386,-0.5577123461243457,False,False,True,False,True,False,True,False,False,False,False,True,False,False,True,False,False,False,True,False,939,1
-0.42419752433921715,-1.0945173400091623,0.0542856278421298,1.0810553433445078,0.3123966242475733,0.3292229724826711,-0.6537590729115668,1.6701665332006042,True,False,False,False,True,False,True,False,True,False,False,False,False,True,False,True,False,False,False,False,940,0
-0.7683025407177192,-0.0567322515048996,-0.8406388457072652,0.06267837815387294,0.01496789960241337,-0.6756289121933012,-0.8487558136885304,-0.9696378680828651,True,False,False,True,False,False,True,False,False,False,True,False,False,False,True,False,True,False,False,False,941,0
-0.5746353958212758,-1.6134098842612938,0.7981189565065621,1.6531066015688767,1.3574164675954326,-0.8765992891284957,-0.9462541840770121,0.06887858868579645,True,False,False,False,True,True,False,False,False,False,True,False,False,True,False,False,False,True,False,False,942,0
-0.6951009710693611,-0.9215531585917853,0.643153679701472,0.9396140981791418,0.23201048245158415,-0.6756289121933012,-0.26376559135763944,0.5330200218784944,True,False,False,False,True,False,True,False,False,False,True,False,True,False,False,False,False,False,True,False,943,1
-0.4288086468367514,0.5486423834559204,-1.1931848504388451,-0.531374851540664,-1.600793550496969,0.8316489148206573,-0.6212596161154061,-1.0334573151468611,True,False,False,False,True,False,True,False,False,False,False,True,True,False,False,False,False,False,True,False,944,1
-0.9377612925021072,0.2027140206211661,-0.081308989362324,-0.19505900192523834,-1.2390559124150178,-0.3741733467905095,-0.10126830737683644,-0.38946107659199275,True,False,False,False,True,True,False,False,False,True,False,False,False,True,False,False,True,False,False,False,945,0
0.039220286662986575,0.5486423834559204,-0.4416032579341584,-0.5250885739777589,0.9514664515256872,-0.2736881583229123,1.9786969275774422,-0.9580343322530477,False,False,True,True,False,False,True,False,False,True,False,False,False,False,True,False,True,False,False,False,946,1
-0.4097877665344223,-0.9215531585917853,0.8291120118675801,0.8861807388944479,0.5334585141865436,-0.575143723725704,0.1587273469924484,-0.0413550016974693,True,False,False,False,True,False,False,True,False,False,True,False,False,True,False,False,False,False,True,False,947,0
-0.8219068397515561,1.240499109125429,-0.31763103649008634,-1.2228653834602308,0.441014451121156,-0.3741733467905095,0.06122897660396659,1.0203685267308271,True,False,False,False,True,False,False,True,False,True,False,False,False,True,False,True,False,False,False,False,948,0
2.0519752568367378,0.5486423834559204,-0.5771978751386122,-0.5848082108253578,0.21995256118218576,-0.977084477596093,-0.7187579865038879,-0.6679459365076115,False,True,False,False,True,False,True,False,True,False,False,False,False,False,True,True,False,False,False,False,949,0
0.03518555447764419,-0.575624795757031,0.9259653098707613,0.5781531383120955,0.039083742141210125,-0.7761141006608985,-0.8162563568923697,0.2951475373672367,False,False,True,False,True,False,True,False,False,False,False,True,False,False,True,False,False,False,False,True,950,0
-0.6397675010989486,0.4621602927472318,-1.638710021253479,-0.4402238268785393,-1.5887356292275707,0.9321341032882544,0.7762170261194999,-0.7317653835716075,True,False,False,False,True,True,False,False,False,True,False,False,False,False,True,False,True,False,False,False,951,0
0.3078181721443634,0.029749839203788972,0.6973915265832535,0.01867443521353686,-0.7165459907410882,0.12825259554747662,-0.8162563568923697,-0.18059743165527867,False,False,True,False,True,False,False,True,False,False,True,False,False,True,False,False,False,False,False,True,952,1
0.13201912692586587,-1.5269277935526053,0.6392795477813448,1.5399536054365839,0.9554857586154867,1.3340748571586434,2.303691495539048,-0.25021864663418336,False,False,True,False,True,False,False,True,False,True,False,False,False,True,False,False,False,True,False,False,953,1
-0.6680106263963467,0.2891961113298547,0.32934899417116464,-0.2893531653688156,-0.12570784854056768,1.5350452340938379,3.3436741130161876,-0.5461088102945283,True,False,False,False,True,True,False,False,False,True,False,False,True,False,False,False,True,False,False,False,954,0
0.07668565695545342,1.4999453812514947,-1.700696131975515,-1.534036122824036,-1.7776430624481452,0.12825259554747662,-0.7512574433000485,0.08628389243052262,False,False,True,False,True,False,True,False,False,True,False,False,True,False,False,False,True,False,False,False,955,0
-0.034557673297563145,0.9810528369993632,-0.6430581177807755,-0.9651280033811196,-1.6771603852031587,-0.7761141006608985,0.45122245815789386,-1.056664386806496,False,False,True,False,True,False,True,False,True,False,False,False,True,False,False,True,False,False,False,False,956,0
0.35796412930504967,-1.2674815214265396,0.5889158328196905,1.2665005314502098,0.4168986085823592,-0.17320296985531508,-0.26376559135763944,-0.3024345578683619,False,False,True,False,True,False,True,False,False,False,True,False,False,True,False,True,False,False,False,False,957,1
-0.4899060199290818,-1.180999430717851,0.3874609729730734,1.153347535317917,0.6459991127009284,-0.575143723725704,-0.7512574433000485,1.1770162604333627,True,False,False,False,True,True,False,False,True,False,False,False,True,False,False,True,False,False,False,False,958,0
-0.8518791359855296,-0.48914270504834245,0.9724548929122884,0.45871386461689756,0.45307237239055437,-0.17320296985531508,-0.8487558136885304,-1.2307174242537577,True,False,False,True,False,True,False,False,False,True,False,False,False,True,False,False,False,False,True,False,959,0
0.12510244317956426,0.11623192991247754,-0.6779253050619207,-0.1196236711703765,0.06319958468000687,0.12825259554747662,-0.4262628753384425,-0.02394969795274313,False,False,True,False,True,False,False,True,True,False,False,False,False,True,False,False,False,True,False,False,960,0
-0.6772328713914154,-0.4026606143396539,0.2596146196088741,0.39585108898784604,1.3212427037872374,-0.6756289121933012,1.263708878061909,0.8231084176239306,True,False,False,False,True,False,False,True,False,False,False,True,False,True,False,False,False,True,False,False,961,0
-0.10948841388249662,-0.0567322515048996,0.12402000240442032,0.09725290474985128,0.6540377268805273,-0.07271778138771784,0.8087164829156605,-1.0102502434872263,False,False,True,False,True,True,False,False,False,False,False,True,True,False,False,False,False,False,False,True,962,0
1.8168080094624848,-0.575624795757031,1.1932804123595417,0.6095845261266213,0.8107907033827062,0.3292229724826711,0.4837219149540545,0.40538112775050245,False,True,False,False,True,True,False,False,False,False,False,True,False,False,True,False,False,False,True,False,963,1
-0.4789546039974377,0.2891961113298547,-1.344275995323808,-0.24534922242847956,0.589728813443736,-0.8765992891284957,-0.49126178893076367,0.4750023427294071,True,False,False,False,True,True,False,False,False,False,False,True,False,False,True,True,False,False,False,False,964,1
0.09109541476024831,0.2891961113298547,0.4843142709762547,-0.24534922242847956,-0.33471181721013954,1.2335896686910461,-0.7837569000962091,0.1733104111541535,False,False,True,False,True,False,True,False,True,False,False,False,False,True,False,False,False,False,False,True,965,0
0.4605616048751894,-0.575624795757031,-0.5229600282568306,0.5750099995306429,1.3654550817750315,0.22873778401507386,1.263708878061909,-0.8245936702101471,False,False,True,False,True,False,False,True,False,False,False,True,False,False,True,False,True,False,False,False,966,0
-0.8403513297416936,-0.575624795757031,0.7787482969059258,0.5875825546564531,0.8871575380888959,-0.8765992891284957,0.45122245815789386,-0.9754396359977738,True,False,False,False,True,False,False,True,False,True,False,False,False,False,True,False,False,False,False,True,967,0
-0.5815520795675774,0.8080886555819861,-0.2788897172888138,-0.8394024521230166,-1.251113833684416,1.2335896686910461,-0.16626722096915764,1.490311727838434,True,False,False,False,True,False,True,False,False,True,False,False,True,False,False,False,False,False,False,True,968,1
2.3297953873131827,-0.14321434221358817,0.3990833687334552,0.16640195794180795,-0.12570784854056768,0.5301933494178656,-0.5237612457269243,-0.6679459365076115,False,True,False,False,True,True,False,False,False,False,False,True,False,True,False,False,False,True,False,False,969,0
-0.8432332813026526,0.4621602927472318,-0.2788897172888138,-0.5030866025075909,0.15162434065559496,-0.6756289121933012,-0.5237612457269243,0.3473634486014152,True,False,False,True,False,True,False,False,False,True,False,False,True,False,False,False,False,False,True,False,970,0
-0.8063443013223777,-0.6621068864657196,0.5850417008995632,0.6975924120072934,0.9072540735378932,0.5301933494178656,-0.23126613456147885,-0.5693158819541632,True,False,False,False,True,False,False,True,True,False,False,False,False,True,False,False,False,False,False,True,971,0
-0.5775173473822347,0.7216065648732976,-1.6774513404547515,-0.7105337620834609,-1.845971282974736,-0.7761141006608985,-0.8162563568923697,2.5868458637561824,True,False,False,False,True,True,False,False,False,False,True,False,False,True,False,False,False,False,True,False,972,1
-0.05357855359989251,1.4999453812514947,-0.9607369352312101,-1.5277498452611307,-2.33632674793027,-0.8765992891284957,-0.06876885058067583,0.14430157157960985,False,False,True,False,True,True,False,False,False,True,False,False,True,False,False,False,False,False,False,True,973,0
-0.9285390475070384,1.0675349277080517,-0.9181214841098103,-1.0625653056061495,-1.8942029680523296,0.8316489148206573,-0.39376341854228186,2.9523572423954323,True,False,False,False,True,True,False,False,True,False,False,False,False,False,True,False,False,False,False,True,974,0
-0.07202304359002999,1.240499109125429,-0.6081909304996301,-1.2605830488376617,-1.942434653129923,0.12825259554747662,-0.9462541840770121,0.7476854347301172,False,False,True,False,True,False,False,True,False,False,True,False,False,True,False,False,False,True,False,False,975,1
0.025963309482575452,-0.3161785236309653,0.5579227774586725,0.28584123163700587,0.8389258530113024,0.8316489148206573,-0.7512574433000485,-0.9174219568486867,False,False,True,False,True,True,False,False,False,False,False,True,False,True,False,False,False,True,False,False,976,0
-0.7550455635373078,1.5864274719601832,-0.09680551704283301,-1.5906126208901823,-0.7366425261900854,-0.6756289121933012,-0.5887601593192455,-0.8187919022952383,True,False,False,True,False,False,False,True,False,False,False,True,False,True,False,False,True,False,False,False,977,0
-0.6824203842011416,1.5864274719601832,-0.8561353733877742,-1.593755759671635,-2.0670331729137064,0.12825259554747662,-0.881255270484691,-1.2539244959133926,True,False,False,False,True,False,True,False,False,True,False,False,False,True,False,False,False,True,False,False,978,1
-0.7769483954005961,-1.2674815214265396,0.9375877056311431,1.3042181968276407,0.35660900223536734,5.052026830459741,1.0362126804887848,1.0145667588159184,True,False,False,False,True,False,False,True,False,False,True,False,False,True,False,False,True,False,False,False,979,0
-0.9694627596726558,-0.575624795757031,1.243644127321196,0.6001551097822635,0.63394119143153,-0.7761141006608985,-0.881255270484691,0.005059141621800489,True,False,False,False,True,True,False,False,False,False,True,False,False,True,False,False,True,False,False,False,980,0
0.2657416793543625,0.4621602927472318,0.0620338916823843,-0.4685120759116125,0.0029099783330149946,-0.7761141006608985,-0.8162563568923697,0.20812101864360583,False,False,True,False,True,False,True,False,False,False,False,True,False,False,True,True,False,False,False,False,981,1
-0.7867470307078567,0.37567820203854324,-1.2241779057998632,-0.34278652465350945,0.26818424625977927,-0.6756289121933012,-0.39376341854228186,-0.15739035999564377,True,False,False,False,True,True,False,False,False,False,False,True,True,False,False,False,False,False,True,False,982,1
2.2756146979671543,1.6729095626688717,1.212651071960178,-1.631473425049066,-1.9464539602197224,-0.8765992891284957,-0.6537590729115668,0.16170687532433603,False,True,False,False,True,False,True,False,False,False,False,True,False,False,True,False,False,True,False,False,983,0
-0.6132535467381262,1.5864274719601832,-1.7665563746176782,-1.6283302862676132,-1.6731410781133593,-0.8765992891284957,-0.7837569000962091,-0.09357091293164782,True,False,False,False,True,True,False,False,False,True,False,False,True,False,False,False,False,True,False,False,984,1
-0.7325663413618279,-1.0945173400091623,1.0693081909154696,1.0559102330928871,1.0439105145910748,-0.977084477596093,1.5562039892273545,-1.3119421750624798,True,False,False,False,True,False,False,True,True,False,False,False,True,False,False,True,False,False,False,False,985,1
0.048442531658055316,1.413463290542806,-1.9370181791032774,-1.4365988205990061,-1.7173534561011534,1.7360156110290323,1.0362126804887848,-0.7607742231461511,False,False,True,False,True,True,False,False,False,False,False,True,True,False,False,False,False,False,True,False,986,1
-0.9729211015458067,1.3269811998341174,-0.7166666242631932,-1.3140164081223555,1.309184782517839,-0.3741733467905095,-0.06876885058067583,-0.08776914501673909,True,False,False,False,True,False,False,True,False,True,False,False,True,False,False,False,False,False,True,False,987,0
0.32395710088573376,-0.6621068864657196,-0.058064197841560486,0.6755904405371254,-0.19001676197735903,1.3340748571586434,0.028729519807805987,-0.18059743165527867,False,False,True,False,True,False,False,True,False,False,True,False,False,True,False,False,True,False,False,False,988,0
-0.664552284523196,-0.22969643292227673,0.5734193051391815,0.26383926016683784,-0.8491831247044702,-0.47465853525810675,-0.8162563568923697,-0.9696378680828651,True,False,False,False,True,False,True,False,False,False,True,False,True,False,False,False,False,False,True,False,989,0
-0.18903027696496438,1.240499109125429,-0.3524982237712316,-1.2417242161489463,-1.6651024639337604,0.02776740707987939,-0.8162563568923697,0.6722624518363037,False,False,True,False,True,False,False,True,False,False,True,False,False,True,False,False,False,True,False,False,990,0
0.27496392434943123,1.4999453812514947,0.6702726031423628,-1.534036122824036,1.1524318060156602,-0.47465853525810675,0.9387143101003029,2.1052991268187586,False,False,True,False,True,False,False,True,True,False,False,False,True,False,False,False,False,True,False,False,991,0
-0.8818514322195029,1.5864274719601832,0.658650207381981,-1.6189008699232554,-1.809797519166541,-0.977084477596093,-0.6212596161154061,-0.9696378680828651,True,False,False,False,True,False,True,False,False,False,True,False,False,False,True,False,False,False,False,True,992,1
-0.8126845947564874,-1.6134098842612938,0.9104687821902523,1.590243825939825,0.7545204041255138,0.3292229724826711,2.823682804277618,-0.44747875574108,True,False,False,True,False,True,False,False,False,True,False,False,False,True,False,False,True,False,False,False,993,0
-0.8662888937903244,0.2891961113298547,-0.39123954297250413,-0.3113551368389837,-0.8974148097820638,-0.07271778138771784,0.06122897660396659,-0.44747875574108,True,False,False,False,True,True,False,False,True,False,False,False,True,False,False,False,False,True,False,False,994,0
-0.757351124786075,-1.353963612135228,0.9027205183499979,1.3639378336752397,1.1363545776564623,0.5301933494178656,0.0937284334001272,-0.3140380936981793,True,False,False,False,True,False,True,False,True,False,False,False,True,False,False,True,False,False,False,False,995,1
0.11242185631134481,1.6729095626688717,-2.084235192068113,-1.6471891189563286,-2.4046549684568608,-0.17320296985531508,-0.7512574433000485,-0.8071883664654209,False,False,True,False,True,False,False,True,False,False,False,True,False,False,True,False,True,False,False,False,996,1
2.1482324389727676,-0.7485889771744081,-0.06193832976168774,0.7164512446960088,1.3574164675954326,-0.6756289121933012,-0.29626504815380006,-0.7897830627206947,False,True,False,True,False,False,True,False,False,False,False,True,True,False,False,False,False,False,False,True,997,0
-0.5838576408163445,0.9810528369993632,-1.6503324170138607,-1.0185613626658134,-2.0348787161953106,-0.2736881583229123,0.5487208285463757,-1.2423209600835752,True,False,False,True,False,True,False,False,False,True,False,False,False,True,False,False,False,False,True,False,998,0
1.8992318241059114,0.2891961113298547,-0.4493515217744129,-0.2956394429317208,-0.28246082504274656,-0.8765992891284957,1.8161996435966392,-0.551910578209437,False,True,False,False,True,True,False,False,True,False,False,False,False,False,True,False,False,True,False,False,999,1
0.2524847021739512,-0.9215531585917853,0.41070576449383694,0.9459003757420469,0.9956788295134813,2.439411930302213,1.4912050756350332,-0.7085583119119726,False,False,True,False,True,True,False,False,False,False,False,True,False,True,False,False,False,False,False,True,1000,1
-0.8368929878685428,0.8080886555819861,0.7748741649857985,-0.7796828152754176,-1.7856816766277441,-0.977084477596093,0.191226803788609,0.12109449991997497,True,False,False,False,True,True,False,False,True,False,False,False,False,False,True,False,False,False,True,False,1001,1
1.8427455735111153,0.4621602927472318,-0.2943862449693228,-0.4685120759116125,-0.7326232191002859,-0.8765992891284957,-0.3612639617461213,1.571536478647156,False,True,False,False,True,False,False,True,False,False,True,False,False,True,False,False,True,False,False,False,1002,0
1.949377781266598,-1.5269277935526053,1.0693081909154696,1.4990928012777003,1.1042001209380667,-0.6756289121933012,0.9387143101003029,0.02246444536652666,False,True,False,False,True,False,False,True,True,False,False,False,False,False,True,False,True,False,False,False,1003,1
-1.0149975943358078,-1.6134098842612938,1.2862595784425956,1.5776712708140148,1.1805669556442564,1.5350452340938379,-0.6537590729115668,1.298853386646446,True,False,False,False,True,True,False,False,False,True,False,False,False,False,True,False,False,False,True,False,1004,1
2.2583229886014005,0.5486423834559204,-1.514737799809407,-0.5565199617922846,-1.697256920652156,-0.6756289121933012,-0.16626722096915764,-0.8187919022952383,False,True,False,True,False,True,False,False,False,False,False,True,False,True,False,False,False,False,True,False,1005,1
0.0985884888187416,-0.7485889771744081,1.0150703440336881,0.7761708815436078,1.0479298216808743,-0.3741733467905095,0.5487208285463757,0.3763722881759588,False,False,True,False,True,True,False,False,False,True,False,False,False,False,True,False,False,False,False,True,1006,0
-0.46396845588045105,0.8080886555819861,-1.8285424853397143,-0.7922553704012278,-0.36284696683873574,-0.977084477596093,2.1086947547620847,-0.4938928990603498,True,False,False,False,True,False,False,True,False,False,False,True,True,False,False,False,False,False,True,False,1007,1
-0.5688714926993579,-0.7485889771744081,0.24024396000823786,0.7856002978879655,0.9715629869746846,-0.8765992891284957,3.571170310589312,0.2951475373672367,True,False,False,True,False,True,False,False,False,False,False,True,False,False,True,True,False,False,False,False,1008,1
0.16026225222326376,1.5864274719601832,-1.5224860636496615,-1.615757731141803,-1.7816623695379445,-0.3741733467905095,1.4912050756350332,-0.7317653835716075,False,False,True,False,True,True,False,False,False,False,False,True,True,False,False,False,True,False,False,False,1009,0
0.38390169335368046,1.6729095626688717,-0.32537930033034085,-1.6911930618966646,-1.2350366053252182,1.3340748571586434,0.2887251741770908,-0.6737477044225202,False,False,True,False,True,False,False,True,False,True,False,False,False,True,False,False,True,False,False,False,1010,0
-0.655906429840319,1.4999453812514947,-0.39123954297250413,-1.534036122824036,-0.8572217388840692,0.02776740707987939,1.6212029028196757,1.4380958166042552,True,False,False,False,True,False,False,True,False,False,True,False,True,False,False,False,False,False,False,True,1011,0
0.1873525968962781,1.413463290542806,-1.3985138422055894,-1.452314514506269,0.7103080261377197,0.22873778401507386,-0.881255270484691,-0.27342571829381823,False,False,True,False,True,False,True,False,True,False,False,False,False,True,False,False,False,True,False,False,1012,1
-0.763115027907993,-0.0567322515048996,1.0848047185959786,0.06267837815387294,0.8027520892031073,0.4297081609502683,-0.5887601593192455,0.7650907384748433,True,False,False,False,True,True,False,False,False,False,False,True,False,False,True,True,False,False,False,False,1013,0
0.18101230346216837,-0.8350710678830967,-0.09680551704283301,0.8170316857024913,0.7344238686765164,-0.17320296985531508,-0.10126830737683644,-0.22701157497454846,False,False,True,False,True,False,True,False,False,True,False,False,False,True,False,True,False,False,False,False,1014,0
-0.9366085118777234,-1.0080352493004738,0.9802031567525429,1.0150494289340035,0.24004909663118307,-0.977084477596093,-0.26376559135763944,-0.6273335611032504,True,False,False,False,True,False,True,False,False,False,False,True,False,False,True,False,True,False,False,False,1015,1
-0.6755037004548401,-1.0080352493004738,1.1429166973978875,0.9836180411194778,0.6580570339703268,-0.07271778138771784,0.7112181125271787,-0.7549724552312423,True,False,False,False,True,False,False,True,False,False,False,True,False,False,True,False,True,False,False,False,1016,1
0.09340097600901545,0.4621602927472318,0.7903706926663076,-0.4779414922559702,-0.9295692665004595,-0.575143723725704,-0.9462541840770121,3.172824423161964,False,False,True,False,True,False,False,True,True,False,False,False,True,False,False,True,False,False,False,False,1017,0
-0.7636914182201848,0.5486423834559204,0.9879514205927974,-0.5345179903221166,0.6701149552397251,-0.6756289121933012,-0.19876667776531826,0.35316521651632393,True,False,False,False,True,False,False,True,False,False,False,True,False,True,False,False,True,False,False,False,1018,0
-0.7608094666592259,0.6351244741646089,-0.9529886713909556,-0.6068101822955259,-0.6683143056634946,1.2335896686910461,0.5812202853425362,0.2487333940479669,True,False,False,False,True,True,False,False,False,True,False,False,False,True,False,False,True,False,False,False,1019,0
0.18677620658408642,0.37567820203854324,-0.14716923200448728,-0.345929663434962,1.0358719004114758,0.12825259554747662,1.263708878061909,-0.9580343322530477,False,False,True,False,True,True,False,False,True,False,False,False,False,False,True,False,False,False,False,True,1020,0
0.3504710552465564,-1.180999430717851,0.5230555901775272,1.1659200904437272,0.2601456320801803,0.6306785378854628,-0.9462541840770121,-0.5809194177839806,False,False,True,False,True,False,True,False,False,False,True,False,False,True,False,False,False,True,False,False,1021,0
-0.5025866067973014,-0.4026606143396539,-0.2324001342472868,0.4052805053322038,-0.11364992727116931,0.22873778401507386,-0.29626504815380006,-0.7259636156566988,True,False,False,False,True,False,False,True,True,False,False,False,False,False,True,False,False,True,False,False,1022,0
-0.34580844188113297,-0.0567322515048996,1.2552665230815776,0.024960712776442014,-0.7085073765614892,1.2335896686910461,-0.7837569000962091,-0.5751176498690719,False,False,True,False,True,True,False,False,True,False,False,False,False,True,False,False,False,True,False,False,1023,0
-0.5302533417825076,-1.353963612135228,0.550174513618418,1.360794694893787,0.38474415186396355,0.8316489148206573,0.06122897660396659,1.0203685267308271,True,False,False,False,True,False,False,True,False,False,False,True,False,True,False,False,False,False,True,False,1024,0
-1.008657300901698,-0.14321434221358817,0.4610694794554912,0.14125684769018734,-0.4150979590061287,-0.6756289121933012,-0.5562607025230849,-0.6331353290181592,True,False,False,False,True,False,False,True,False,True,False,False,True,False,False,False,False,True,False,False,1025,1
-0.5515797833336039,-1.0080352493004738,4.778096034828073e-05,1.0307651228412664,0.055160970500407955,-0.977084477596093,-0.5562607025230849,-0.5054964348901673,True,False,False,False,True,False,True,False,False,False,False,True,True,False,False,False,False,False,False,True,1026,0
-0.7688789310299109,0.8080886555819861,-0.48421870905555814,-0.7733965377125124,-1.1506311564394296,-0.2736881583229123,-0.9137547272808515,0.3473634486014152,True,False,False,False,True,True,False,False,True,False,False,False,False,False,True,False,True,False,False,False,1027,0
0.16717893596956537,1.1540170184167404,-2.0067525536655677,-1.2008634119900627,-2.175554464338292,0.8316489148206573,-0.49126178893076367,-0.24441687871927464,False,False,True,False,True,False,True,False,False,False,True,False,False,True,False,False,False,True,False,False,1028,1
0.15161639754038692,-1.0945173400091623,0.6354054158612175,1.115629869940486,0.07123819885960579,0.4297081609502683,1.9461974707812817,-0.6215317931883417,False,False,True,False,True,True,False,False,False,False,False,True,False,True,False,False,False,False,False,True,1029,0
2.1891561511383846,0.5486423834559204,-0.5655754793782304,-0.5596631005737372,-0.7085073765614892,-0.8765992891284957,-0.7512574433000485,-0.31983986161308803,False,True,False,True,False,False,True,False,True,False,False,False,True,False,False,False,True,False,False,False,1030,1
-0.1671274451016762,-0.22969643292227673,-0.5152117644165761,0.2386941499152172,1.0519491287706737,1.2335896686910461,0.35372408776941205,-0.7607742231461511,True,False,False,False,True,True,False,False,False,True,False,False,False,True,False,False,False,True,False,False,1031,0
-0.8443860619270362,0.029749839203788972,0.7710000330656713,0.002958741306273979,-0.5276385575205136,-0.3741733467905095,0.2237262605847696,-0.34884870118763167,True,False,False,False,True,False,True,False,False,True,False,False,True,False,False,False,False,False,False,True,1032,0
-0.5775173473822347,1.4999453812514947,-2.0261232132662044,-1.4711733471949844,-1.0782836288230393,-0.3741733467905095,-0.29626504815380006,3.0799961365234245,True,False,False,False,True,True,False,False,False,True,False,False,True,False,False,False,True,False,False,False,1033,1
0.43289486988998316,1.0675349277080517,-1.9370181791032774,-1.1065692485464855,0.32445454551697167,0.73116372635306,0.2887251741770908,-0.6795494723374289,False,False,True,False,True,True,False,False,True,False,False,False,False,False,True,False,True,False,False,False,1034,0
2.306163384513319,0.11623192991247754,1.0615599270752152,-0.1070511160445662,-0.4030400377367303,0.5301933494178656,-0.4262628753384425,0.5446235577083118,False,True,False,False,True,False,False,True,False,False,False,True,True,False,False,False,False,False,True,False,1035,1
-0.7481288797910063,1.4999453812514947,-0.3137569045699591,-1.534036122824036,0.5133619787375463,-0.977084477596093,-0.7837569000962091,-1.0508626188915873,True,False,False,False,True,False,True,False,False,False,True,False,False,False,True,False,True,False,False,False,1036,1
0.2363457734325808,0.5486423834559204,1.3288750295639955,-0.5690925169180949,-1.8138168262563403,-0.6756289121933012,-0.8487558136885304,-0.20960627122982228,False,False,True,False,True,True,False,False,False,True,False,False,False,False,True,False,True,False,False,False,1037,1
-0.7043232160644298,1.3269811998341174,-1.9835077621448043,-1.2951575754336402,-0.33471181721013954,-0.7761141006608985,-0.26376559135763944,-0.4126681482516276,True,False,False,False,True,False,True,False,False,False,False,True,False,False,True,True,False,False,False,False,1038,0
0.35104744555874806,1.1540170184167404,-1.592220438211952,-1.1348574975795587,-2.0670331729137064,2.7408674957050048,-0.39376341854228186,0.9275402400922876,False,False,True,False,True,False,False,True,False,False,True,False,True,False,False,False,True,False,False,False,1039,0
-0.7435177572934719,-0.3161785236309653,1.1932804123595417,0.29841378676281616,1.0318525933216764,-0.2736881583229123,2.6936849770929756,-0.20380450331491357,True,False,False,False,True,False,False,True,True,False,False,False,False,False,True,False,False,False,False,True,1040,0
1.979350077500571,-0.575624795757031,0.2712370153692559,0.5435786117161171,-0.4713682582633211,2.2384415533670183,-0.49126178893076367,1.699175372775148,False,True,False,False,True,False,True,False,False,False,True,False,False,True,False,False,True,False,False,False,1041,1
-0.8374693781807347,-0.14321434221358817,1.0228186078739425,0.16954509672326054,-0.48744548662251896,-0.6756289121933012,-0.7187579865038879,-0.42427168408144506,True,False,False,False,True,False,False,True,False,True,False,False,True,False,False,True,False,False,False,False,1042,0
-0.810955423819912,1.5864274719601832,-1.8014235618988237,-1.5528949555127514,0.10339265557800147,-0.977084477596093,0.4837219149540545,-0.8768095814443255,True,False,False,False,True,False,True,False,False,True,False,False,False,False,True,False,False,False,True,False,1043,0
0.39715867053409176,1.413463290542806,-0.9181214841098103,-1.4020242940030276,0.13554711229639713,0.12825259554747662,-0.3612639617461213,1.2756463149868111,False,False,True,True,False,False,True,False,True,False,False,False,False,True,False,False,False,False,True,False,1044,0
1.9044193369156377,-0.3161785236309653,0.9492101013915248,0.2889843704184584,-0.09355339182217201,-0.575143723725704,-0.5562607025230849,-0.17479566374036995,False,True,False,False,True,False,False,True,False,False,False,True,False,False,True,True,False,False,False,False,1045,1
-0.8939556287755306,1.0675349277080517,-0.5733237432184849,-1.0814241382948648,-0.1618816123487628,0.5301933494178656,-0.8162563568923697,-0.3314433974429055,True,False,False,False,True,False,False,True,False,False,True,False,False,False,True,False,True,False,False,False,1046,1
-0.5331352933434664,-0.4026606143396539,0.11627173856416582,0.42099619923946663,1.072045664219671,-0.575143723725704,-0.8162563568923697,3.694983535503749,True,False,False,False,True,True,False,False,True,False,False,False,False,False,True,False,False,False,False,True,1047,0
-0.7435177572934719,0.8945707462906747,-0.8483871095475197,-0.8676907011560897,1.248895176170847,-0.8765992891284957,0.4837219149540545,-0.46488405948580613,True,False,False,False,True,True,False,False,False,False,True,False,True,False,False,False,False,True,False,False,1048,1
1.9747389550030368,1.0675349277080517,0.3719644452925644,-1.1034261097650329,0.9514664515256872,0.73116372635306,0.3862235445655726,1.1248003491991843,False,True,False,False,True,True,False,False,False,False,True,False,False,False,True,False,True,False,False,False,1049,0
-0.8420805006782691,-1.6998919749699823,1.0228186078739425,1.7191125159793808,1.2890882470688418,-0.07271778138771784,-0.6212596161154061,0.40538112775050245,True,False,False,False,True,True,False,False,False,True,False,False,True,False,False,False,False,False,True,False,1050,1
-0.7504344410397734,-0.4026606143396539,-0.05031593400130599,0.4052805053322038,-0.31059597467134276,2.1379563648994213,-0.7512574433000485,0.16750864323924475,True,False,False,False,True,False,True,False,True,False,False,False,False,False,True,False,False,False,False,True,1051,1
0.21386655125710075,-0.8350710678830967,1.2165252038803052,0.804459130576681,1.0077367507828796,-0.8765992891284957,1.003713223692624,-0.7375671514865162,False,False,True,False,True,False,False,True,False,True,False,False,False,False,True,False,False,False,True,False,1052,1
0.13144273661367398,1.5864274719601832,-2.192710885831676,-1.5906126208901823,1.2247793336320505,0.12825259554747662,2.628686063500654,-0.22701157497454846,False,False,True,False,True,False,True,False,False,False,True,False,True,False,False,False,False,True,False,False,1053,0
-0.9562057824922446,0.8945707462906747,0.7864965607461804,-0.8614044235931846,0.35258969514556787,-0.575143723725704,2.141194211558245,0.5504253256232206,True,False,False,False,True,False,False,True,False,False,False,True,False,False,True,True,False,False,False,False,1054,1
-0.9371849021899152,1.4999453812514947,-1.4333810294867346,-1.5403224003869411,-0.19001676197735903,0.12825259554747662,0.2562257173809302,-0.5867211856988893,True,False,False,False,True,True,False,False,False,True,False,False,False,True,False,False,True,False,False,False,1055,0
0.08533151163833028,0.11623192991247754,-0.9956041225123553,-0.11333739360747135,-0.30255736049174387,-0.07271778138771784,2.0436958411697637,1.0087649909010097,False,False,True,False,True,False,False,True,False,True,False,False,True,False,False,False,False,False,True,False,1056,0
2.0963573108755056,-0.575624795757031,-0.5152117644165761,0.5467217504975697,-0.34275043138973843,-0.47465853525810675,0.2562257173809302,-0.09357091293164782,False,True,False,False,True,True,False,False,False,True,False,False,True,False,False,True,False,False,False,False,1057,0
0.27726948559819836,-0.3161785236309653,0.4998107986567637,0.27641181529264813,-0.5035227149817167,-0.6756289121933012,0.191226803788609,-0.12257975250619144,False,False,True,False,True,False,True,False,False,False,False,True,True,False,False,False,False,True,False,False,1058,1
-0.26741935942304856,1.1540170184167404,-2.053242136707095,-1.1977202732086103,0.2078946399127874,1.2335896686910461,0.4837219149540545,-0.07036384127201292,False,False,True,False,True,False,False,True,False,True,False,False,False,False,True,False,True,False,False,False,1059,0
-0.9187404121997778,-1.0945173400091623,0.7593776373052895,1.131345563847749,0.08731542721880363,-0.7761141006608985,-0.881255270484691,-0.3546504691025404,True,False,False,False,True,True,False,False,True,False,False,False,False,False,True,False,False,False,False,True,1060,1
-0.8397749394295019,-1.0945173400091623,0.7787482969059258,1.07162592700015,0.27220355334957874,1.0326192917558517,0.06122897660396659,1.6295541577962431,True,False,False,False,True,True,False,False,False,True,False,False,False,True,False,False,False,False,False,True,1061,0
-0.6461077945330586,-0.3161785236309653,-0.6004426666593756,0.3361314521402471,0.93136991607669,-0.8765992891284957,2.661185520296815,2.830520116182349,True,False,False,False,True,False,True,False,False,True,False,False,True,False,False,False,True,False,False,False,1062,0
0.37986696116833785,-0.22969643292227673,0.07365628744276606,0.26383926016683784,0.22397186827198523,0.8316489148206573,-0.5237612457269243,-0.47068582740071485,False,False,True,False,True,False,True,False,True,False,False,False,False,False,True,False,True,False,False,False,1063,1
-0.6714689682694975,-0.3161785236309653,1.166161488918651,0.35499028482896255,-0.18599745488755956,1.133104480223449,-0.6537590729115668,1.5251223353278862,True,False,False,False,True,True,False,False,True,False,False,False,True,False,False,False,False,False,True,False,1064,1
-0.4305378177733269,0.7216065648732976,-1.3675207868445713,-0.7513945662423444,-0.6522370773042968,0.6306785378854628,-0.03626939378451522,-0.006544394208016959,True,False,False,True,False,False,True,False,True,False,False,False,False,True,False,False,False,True,False,False,1065,1
0.33375573619299437,0.2891961113298547,-0.7825268669053564,-0.28621002658736305,-0.19403606906715848,-0.6756289121933012,-0.0037699369883546193,0.3009493052821454,False,False,True,False,True,False,True,False,False,True,False,False,True,False,False,True,False,False,False,False,1066,0
-0.9204695831363533,-0.3161785236309653,1.3172526338036137,0.27641181529264813,1.168509034374858,-0.7761141006608985,-0.9787536408731727,-1.3409510146370234,True,False,False,True,False,False,False,True,False,False,False,True,False,False,True,False,False,False,False,True,1067,0
2.0629266727683815,-0.0567322515048996,-1.0343454417136277,0.07839407206113581,-0.9657430303086545,-0.3741733467905095,-0.49126178893076367,-0.7781795268908772,False,True,False,True,False,False,True,False,False,False,True,False,False,True,False,False,False,False,True,False,1068,1
-0.9446779762484085,0.029749839203788972,-0.4687221813750491,0.006101880087726555,0.7906941679337088,-0.977084477596093,0.6462191989348575,1.130602117114093,True,False,False,False,True,True,False,False,False,True,False,False,False,False,True,True,False,False,False,False,1069,0
-0.633427207664839,0.5486423834559204,1.3211267657237409,-0.5816650720439053,0.7022694119581208,-0.7761141006608985,-0.9787536408731727,0.2545351619628756,True,False,False,False,True,False,False,True,False,True,False,False,True,False,False,False,True,False,False,False,1070,0
-0.9337265603167646,0.8080886555819861,1.1855321485192871,-0.8362593133415639,-0.6321405418552994,-0.47465853525810675,-0.9787536408731727,0.045671517026161554,True,False,False,False,True,True,False,False,True,False,False,False,False,False,True,False,False,True,False,False,1071,0
0.23231104124723823,-0.0567322515048996,-0.929743879870192,0.09096662718694612,1.0238139791420775,0.8316489148206573,-0.06876885058067583,0.5040111823039507,False,False,True,False,True,False,False,True,False,False,True,False,True,False,False,False,True,False,False,False,1072,0
0.14066498160874272,1.413463290542806,0.9182170460305068,-1.3768791837514072,1.3333006250566357,-0.977084477596093,-0.9462541840770121,-0.3256416295279968,False,False,True,False,True,False,False,True,False,True,False,False,True,False,False,True,False,False,False,False,1073,1
-0.055307724536467755,-0.0567322515048996,-1.0072265182727371,0.056392100590967775,-0.4472524157245244,1.5350452340938379,0.028729519807805987,0.6432536122617601,False,False,True,False,True,False,False,True,False,False,False,True,True,False,False,False,True,False,False,False,1074,1
-0.9118237284534763,-0.22969643292227673,-0.3060086407297046,0.27012553772974296,-0.9617237232188551,0.5301933494178656,0.7112181125271787,-0.279227486208727,True,False,False,False,True,True,False,False,False,True,False,False,False,False,True,False,True,False,False,False,1075,1
0.14931083629161956,0.4621602927472318,-1.173814190838209,-0.4433669656599919,-1.198862841517023,0.12825259554747662,-0.13376776417299704,-0.7433689194014249,False,False,True,False,True,False,True,False,False,False,True,False,True,False,False,False,False,True,False,False,1076,1
-0.7925109338297746,-0.575624795757031,0.860105067228598,0.5404354729346645,0.2561263249903809,1.8365007994966296,0.41872300136173324,-1.0276555472319524,True,False,False,False,True,False,False,True,False,True,False,False,True,False,False,False,False,False,True,False,1077,0
0.19138732908162068,-0.4026606143396539,-0.80577165842612,0.38327853386203575,1.072045664219671,-0.977084477596093,-0.881255270484691,-0.44747875574108,False,False,True,False,True,False,True,False,False,False,True,False,False,True,False,False,False,False,False,True,1078,0
-0.8887681159658044,-0.0567322515048996,-0.9801075948318463,0.06267837815387294,-0.5517544000593103,-0.6756289121933012,0.06122897660396659,0.03986974911125283,True,False,False,False,True,False,True,False,True,False,False,False,True,False,False,False,True,False,False,False,1079,0
0.1383594203599756,0.2891961113298547,0.7012656585033807,-0.30192572049462596,-1.0260326366556465,-0.6756289121933012,-0.7512574433000485,1.7745983556689613,False,False,True,False,True,True,False,False,False,False,False,True,False,True,False,False,True,False,False,False,1080,1
-0.5377464158410008,-0.4026606143396539,0.08527868320314781,0.38013539508058314,0.09535404139840255,-0.2736881583229123,-0.8487558136885304,-1.1726997451046706,True,False,False,False,True,False,True,False,False,False,True,False,False,True,False,False,False,False,False,True,1081,1
2.231809034240577,0.6351244741646089,-1.793675298058569,-0.6822455130503877,1.212721412362652,0.8316489148206573,-0.9787536408731727,-0.2676239503789095,False,True,False,False,True,False,False,True,False,False,True,False,False,False,True,True,False,False,False,False,1082,0
-0.8403513297416936,-0.4026606143396539,-0.05419006592143324,0.4147099216765615,0.6540377268805273,-0.3741733467905095,-0.0037699369883546193,-0.48228936323053234,True,False,False,False,True,False,True,False,False,True,False,False,True,False,False,False,False,False,False,True,1083,1
-0.007467328624548808,0.37567820203854324,0.2673628834491286,-0.37107477368658265,-0.30657666758154334,-0.977084477596093,0.5812202853425362,-0.18059743165527867,False,False,True,False,True,False,True,False,False,False,True,False,False,False,True,False,True,False,False,False,1084,0
-0.043779918292631885,1.4999453812514947,-1.8556614087806051,-1.512034151353868,-0.9536851090392562,1.0326192917558517,-0.881255270484691,0.1036891961752488,False,False,True,False,True,False,True,False,True,False,False,False,False,False,True,False,False,False,True,False,1085,1
0.19311650001819614,1.1540170184167404,-1.7704305065378056,-1.2040065507715154,-0.6522370773042968,-0.3741733467905095,-0.9462541840770121,-1.0392590830617698,False,False,True,False,True,True,False,False,False,True,False,False,True,False,False,False,False,False,False,True,1086,1
-0.624781352981962,1.240499109125429,-1.9990042898253133,-1.2542967712747566,-1.6048128575867684,-0.6756289121933012,-0.6537590729115668,-0.5577123461243457,True,False,False,False,True,False,True,False,False,True,False,False,False,True,False,False,False,False,False,True,1087,1
-0.9250807056338878,-0.7485889771744081,0.6780208669826172,0.7573120488548923,1.0921421996686682,0.3292229724826711,0.3862235445655726,0.1501033394945186,True,False,False,True,False,False,True,False,False,False,True,False,False,False,True,False,False,False,False,True,1088,0
-0.9343029506289563,-0.48914270504834245,-0.33700169609072256,0.47128641974270785,-0.16992022652836172,0.5301933494178656,-0.9787536408731727,-0.5345052744647109,True,False,False,False,True,False,False,True,False,True,False,False,False,False,True,True,False,False,False,False,1089,0
1.9413083168959127,-0.0567322515048996,-0.5733237432184849,0.08468034962404097,-1.0782836288230393,-0.977084477596093,0.1262278901962878,0.26033692987778434,False,True,False,True,False,False,False,True,True,False,False,False,False,False,True,True,False,False,False,False,1090,0
-0.7342955122984032,-1.0080352493004738,0.627657152020963,0.9710454859936676,0.11545057684739983,-0.8765992891284957,-0.7837569000962091,-0.41846991616653634,True,False,False,False,True,False,True,False,False,False,True,False,True,False,False,False,False,True,False,False,1091,0
0.0490189219702472,0.4621602927472318,-1.561227382850934,-0.4936571861632331,-0.31461528176114223,-0.07271778138771784,-0.7837569000962091,2.6564670787350875,False,False,True,False,True,False,True,False,False,False,False,True,False,True,False,False,True,False,False,False,1092,0
-0.6541772589037436,0.5486423834559204,1.1274201697173785,-0.5376611291035692,1.1283159634768634,0.22873778401507386,-0.49126178893076367,-0.11097621667637399,True,False,False,False,True,False,True,False,True,False,False,False,True,False,False,False,False,False,True,False,1093,1
2.427781740385788,-0.9215531585917853,0.21699916848747436,0.9018964328017108,-0.01316725002618284,-0.8765992891284957,0.8737153965079817,0.6142447726872166,False,True,False,False,True,False,True,False,False,True,False,False,False,False,True,False,True,False,False,False,1094,0
2.1315171199192053,-0.6621068864657196,-0.5035893686561944,0.6598747466298625,-0.08551477764257309,0.02776740707987939,5.358640434378145,-0.8710078135294168,False,True,False,False,True,False,False,True,False,False,True,False,False,False,True,False,False,True,False,False,1095,0
-1.0824352608622478,0.2891961113298547,0.23249569616798335,-0.3113551368389837,-1.5766777079581722,0.4297081609502683,-0.5562607025230849,0.6722624518363037,True,False,False,True,False,False,True,False,False,False,True,False,False,False,True,False,True,False,False,False,1096,1
-0.6720453585816892,-0.8350710678830967,1.1157977739569966,0.8327473796097542,0.6821728765091235,0.73116372635306,-0.23126613456147885,0.4285881994101373,True,False,False,False,True,False,False,True,True,False,False,False,False,True,False,True,False,False,False,False,1097,1
-0.6720453585816892,-0.7485889771744081,0.02716670440123904,0.7133081059145563,0.8951961522684948,0.22873778401507386,-0.8162563568923697,0.2487333940479669,True,False,False,False,True,False,True,False,False,False,False,True,False,False,True,False,False,False,True,False,1098,0
0.1873525968962781,-0.6621068864657196,0.8174896161071983,0.6661610241927676,0.826867931741904,0.12825259554747662,0.7437175693233393,0.16750864323924475,False,False,True,False,True,False,False,True,True,False,False,False,False,False,True,False,False,False,False,True,1099,1
0.134324688174633,-0.4026606143396539,1.197154544279669,0.38956481142494087,-0.28648013213254603,-0.7761141006608985,-0.10126830737683644,-0.19220096748509613,False,False,True,False,True,False,False,True,False,True,False,False,False,False,True,True,False,False,False,False,1100,0
0.3297210040076518,1.4999453812514947,-2.068738664387604,-1.5151772901353204,0.15162434065559496,2.1379563648994213,0.6787186557310181,-0.6215317931883417,False,False,True,False,True,True,False,False,False,False,False,True,False,False,True,False,False,True,False,False,1101,0
0.1550747394135376,0.2027140206211661,-0.7321631519437022,-0.20763155705104863,1.2408565619912482,-0.8765992891284957,-0.23126613456147885,0.9855579192413748,False,False,True,False,True,False,False,True,False,False,True,False,True,False,False,False,False,False,True,False,1102,0
-0.7106635094985396,0.6351244741646089,-1.7278150554164058,-0.6099533210769784,1.1765476485544568,-0.47465853525810675,-0.9137547272808515,-0.6621441685927028,True,False,False,False,True,False,True,False,True,False,False,False,False,True,False,False,False,True,False,False,1103,0
-1.1089492152230704,-0.8350710678830967,0.10852347472391131,0.8516062122984697,0.7143273332275192,-0.977084477596093,1.003713223692624,3.55574110554594,True,False,False,False,True,False,True,False,False,False,False,True,False,True,False,False,False,False,False,True,1104,1
-0.8357402072441592,-1.0080352493004738,0.32160073033091013,0.9930474574638356,0.10339265557800147,-0.3741733467905095,-0.3287645049499607,0.3357599127715978,True,False,False,False,True,False,True,False,False,False,False,True,True,False,False,False,False,False,False,True,1105,0
0.02999804166791804,-1.2674815214265396,0.9685807609921611,1.2696436702316622,0.3324931596965706,-0.6756289121933012,-0.6537590729115668,-0.5577123461243457,False,False,True,False,True,True,False,False,False,True,False,False,False,False,True,False,False,True,False,False,1106,0
-0.5850104214407281,0.029749839203788972,-0.6972959646625569,0.01867443521353686,-0.6843915340226925,2.6403823072374073,-0.7512574433000485,-0.46488405948580613,True,False,False,True,False,False,True,False,False,False,True,False,False,False,True,False,False,False,False,True,1107,1
-0.30084999753017283,0.2027140206211661,-0.4725963132951764,-0.21077469583250122,1.1845862627340558,-0.07271778138771784,1.166210507673427,0.9333420080071964,False,False,True,False,True,True,False,False,False,False,True,False,True,False,False,False,False,False,False,True,1108,0
-0.8766639194097767,0.9810528369993632,0.5772934370593087,-0.961984864599667,-1.8258747475257386,-0.47465853525810675,-0.4587623321346031,0.5388217897934031,True,False,False,False,True,False,False,True,False,True,False,False,True,False,False,False,False,False,True,False,1109,0
-0.5319825127190829,-0.48914270504834245,0.13176826624467483,0.4618570033983501,0.9876402153338824,-0.17320296985531508,-0.4587623321346031,-0.72016184774179,True,False,False,False,True,False,False,True,True,False,False,False,True,False,False,False,False,False,True,False,1110,1
-0.8651361131659409,-1.0945173400091623,0.4726918752158729,1.0590533718743396,0.8228486246521045,0.3292229724826711,0.2237262605847696,0.3705705202610501,True,False,False,False,True,False,True,False,False,False,True,False,False,True,False,False,False,True,False,False,1111,0
-0.5752117861334676,0.5486423834559204,0.7903706926663076,-0.509372880070496,1.108219428027866,-0.2736881583229123,-0.9137547272808515,-0.5461088102945283,True,False,False,False,True,False,False,True,False,False,False,True,True,False,False,True,False,False,False,False,1112,0
-0.6322744270404554,-0.7485889771744081,0.4804401390561274,0.7918865754508707,0.07525750594940525,-0.8765992891284957,0.5162213717502151,-1.0798714584661309,True,False,False,False,True,True,False,False,False,False,False,True,False,True,False,True,False,False,False,False,1113,1
-0.3365861968860642,0.7216065648732976,0.10852347472391131,-0.7388220111165341,0.2882807817087766,0.02776740707987939,-0.9787536408731727,0.1791121790690622,True,False,False,False,True,False,True,False,False,False,False,True,True,False,False,False,False,False,True,False,1114,0
-0.017842354244001116,-0.575624795757031,-0.619813326260012,0.5781531383120955,-0.6040053922267032,-0.6756289121933012,-0.5887601593192455,-0.8594042776995994,False,False,True,False,True,False,False,True,True,False,False,False,True,False,False,False,True,False,False,False,1115,0
0.09397736632120733,-1.2674815214265396,0.705139790423508,1.2382122824171364,1.0077367507828796,1.2335896686910461,-0.7187579865038879,-0.6389370969330679,False,False,True,True,False,True,False,False,False,False,True,False,False,False,True,False,False,True,False,False,1116,1
-0.015536792995233981,0.2891961113298547,0.3952092368133279,-0.28621002658736305,-1.0099554082964486,3.946689757316171,-0.3612639617461213,-0.4590822915708974,False,False,True,False,True,True,False,False,False,False,False,True,False,True,False,True,False,False,False,False,1117,0
1.9885723224956395,0.2027140206211661,1.2203993358004324,-0.16991389167361773,-0.16590091943856228,1.133104480223449,0.0937284334001272,-0.05295853752728675,False,True,False,False,True,True,False,False,True,False,False,False,False,False,True,False,False,True,False,False,1118,1
1.9153707528472819,0.9810528369993632,1.0809305866758514,-0.9808436972883825,-1.1305346209904323,-0.575143723725704,1.913698013985121,-0.09937268084655654,False,True,False,False,True,False,True,False,False,False,False,True,True,False,False,False,False,False,False,True,1119,0
-0.11813426856537348,-1.6998919749699823,1.1777838846790327,1.687681128164855,1.3051654754280395,-0.3741733467905095,-0.881255270484691,2.8479254199270754,False,False,True,False,True,False,True,False,False,True,False,False,False,False,True,True,False,False,False,False,1120,0
-0.8801222612829276,1.4999453812514947,-0.9607369352312101,-1.4774596247578895,0.006929285422814453,-0.977084477596093,-0.5237612457269243,0.4401917352399548,True,False,False,False,True,True,False,False,False,False,True,False,True,False,False,False,False,True,False,False,1121,1
-0.745823318542239,-1.353963612135228,0.8058672203468166,1.3419358622050717,0.6058060418029338,-0.7761141006608985,-0.19876667776531826,1.0609809021351881,True,False,False,False,True,True,False,False,False,False,True,False,True,False,False,False,True,False,False,False,1122,0
-0.7850178597712812,-1.180999430717851,0.3487196537718009,1.213067172165516,0.7183466403173187,-0.17320296985531508,-0.7512574433000485,0.6142447726872166,True,False,False,False,True,False,True,False,True,False,False,False,False,True,False,False,False,False,True,False,1123,0
0.0985884888187416,0.2027140206211661,-0.10067964896296025,-0.16677075289216514,-0.5356771717001124,-0.6756289121933012,-0.7512574433000485,0.028266213281435384,False,False,True,True,False,True,False,False,False,False,False,True,True,False,False,False,False,False,False,True,1124,1
0.12913717536490685,-0.7485889771744081,1.1894062804394145,0.7698846039807027,0.7665783253949121,1.635530422561435,-0.9787536408731727,-0.13998505625091762,False,False,True,False,True,False,False,True,False,False,True,False,False,False,True,False,False,False,True,False,1125,0
-0.8242124010003233,0.11623192991247754,0.8407344076279618,-0.11019425482601877,-0.6964494552920908,-0.47465853525810675,1.101211594081106,0.1733104111541535,True,False,False,False,True,False,False,True,False,True,False,False,False,False,True,False,True,False,False,False,1126,1
0.23231104124723823,-1.6134098842612938,1.042189267474579,1.6091026586285406,1.2408565619912482,0.6306785378854628,0.2237262605847696,-0.11097621667637399,False,False,True,False,True,False,True,False,False,False,True,False,True,False,False,False,False,False,False,True,1127,0
0.21040820938395005,-1.6134098842612938,1.0886788505161058,1.627961491317256,0.8992154593582943,-0.07271778138771784,0.028729519807805987,-0.551910578209437,False,False,True,False,True,False,False,True,True,False,False,False,False,True,False,False,False,True,False,False,1128,0
-0.5815520795675774,-1.5269277935526053,1.1777838846790327,1.4896633849333427,1.2850689399790423,-0.47465853525810675,-0.6537590729115668,-1.0798714584661309,True,False,False,False,True,False,False,True,False,True,False,False,False,True,False,False,False,False,False,True,1129,0
0.18908176783285355,0.9810528369993632,-1.1699400589180817,-0.9839868360698351,-0.8170286679860745,0.3292229724826711,-0.7837569000962091,-0.8710078135294168,False,False,True,False,True,False,False,True,False,False,False,True,False,False,True,False,False,True,False,False,1130,0
-0.6553300395281273,-0.22969643292227673,0.02716670440123904,0.2606961213853852,-0.14982369107936444,-0.6756289121933012,-0.16626722096915764,-0.34884870118763167,True,False,False,False,True,False,False,True,False,False,False,True,False,False,True,False,False,False,False,True,1131,0
0.40868647677792763,-0.14321434221358817,-0.22852600232715956,0.16954509672326054,-0.6401791560348984,-0.7761141006608985,1.1987099644695878,-0.7259636156566988,False,False,True,False,True,False,False,True,True,False,False,False,True,False,False,False,False,True,False,False,1132,0
-0.5861632020651117,0.4621602927472318,0.015544308640857285,-0.4433669656599919,-0.025225171295581217,-0.6756289121933012,-0.4587623321346031,-0.9754396359977738,True,False,False,False,True,True,False,False,True,False,False,False,True,False,False,False,False,False,True,False,1133,0
-0.03109933142441244,-1.180999430717851,0.9220911779506341,1.1564906740993695,0.9434278373460884,-0.575143723725704,-0.7512574433000485,-1.1668979771897618,False,False,True,False,True,False,False,True,False,True,False,False,False,True,False,False,False,False,True,False,1134,0
0.39715867053409176,-0.6621068864657196,0.3719644452925644,0.685019856881483,0.7223659474071181,-0.575143723725704,0.41872300136173324,-0.6331353290181592,False,False,True,False,True,True,False,False,True,False,False,False,False,True,False,True,False,False,False,False,1135,0
-0.0253354283024944,-0.575624795757031,-0.17041402352525079,0.5875825546564531,-0.10963062018136985,0.5301933494178656,2.888681717869939,-0.3546504691025404,False,False,True,False,True,False,True,False,False,True,False,False,False,True,False,False,False,False,True,False,1136,0
0.300901488398062,1.4999453812514947,1.0499375313148334,-1.474316485976437,-0.583908856777706,-0.2736881583229123,-0.8162563568923697,0.3763722881759588,False,False,True,False,True,True,False,False,True,False,False,False,False,True,False,False,True,False,False,False,1137,0
-0.5590728573920973,0.37567820203854324,-0.4958411048159399,-0.34278652465350945,0.9072540735378932,-0.977084477596093,-0.8487558136885304,-0.10517444876146527,True,False,False,False,True,False,False,True,False,False,False,True,False,False,True,False,False,True,False,False,1138,1
-0.8224832300637479,-1.180999430717851,0.7903706926663076,1.197351478258253,0.35258969514556787,1.7360156110290323,-0.7512574433000485,1.7687965877540526,True,False,False,False,True,True,False,False,False,False,True,False,False,False,True,False,False,True,False,False,1139,0
-0.6374619398501815,0.2027140206211661,-0.3486240918511043,-0.20448841826959607,-0.01316725002618284,-0.3741733467905095,-0.6212596161154061,0.5330200218784944,True,False,False,False,True,False,True,False,False,False,True,False,False,True,False,False,False,False,False,True,1140,0
-0.4293850371489433,-0.9215531585917853,0.4998107986567637,0.9144689879275212,0.730404561586717,-0.7761141006608985,0.8087164829156605,-0.8594042776995994,True,False,False,False,True,False,False,True,False,True,False,False,True,False,False,False,True,False,False,False,1141,0
2.471011013800173,0.11623192991247754,0.3061042026504011,-0.14162564264054453,-1.1466118493496302,-0.17320296985531508,-0.6537590729115668,1.0319720625606446,False,True,False,False,True,False,False,True,True,False,False,False,False,True,False,False,True,False,False,False,1142,0
-0.9550530018678609,0.11623192991247754,0.9647066290720339,-0.12590994873328165,-1.0300519437454458,0.5301933494178656,-0.49126178893076367,-0.5751176498690719,True,False,False,False,True,True,False,False,False,True,False,False,True,False,False,False,False,False,False,True,1143,1
0.17409561971586698,-0.6621068864657196,-0.18978468312588703,0.6787335793185779,1.1363545776564623,0.5301933494178656,2.303691495539048,-0.9696378680828651,False,False,True,False,True,True,False,False,False,True,False,False,False,True,False,False,False,False,True,False,1144,0
0.07841482789202887,-1.6134098842612938,1.2165252038803052,1.5933869647212777,0.9675436798848851,-0.977084477596093,-0.7187579865038879,-0.44747875574108,False,False,True,False,True,True,False,False,True,False,False,False,False,True,False,False,False,True,False,False,1145,1
0.2715055824762803,0.4621602927472318,0.7283845819442716,-0.48737090860032795,-0.2945187463121449,-0.575143723725704,-0.8162563568923697,0.3009493052821454,False,False,True,False,True,True,False,False,False,False,True,False,False,True,False,False,False,False,True,False,1146,0
-0.8184484978784055,0.11623192991247754,-0.8910025606689195,-0.06933345066713528,-0.01316725002618284,0.6306785378854628,0.1262278901962878,-0.7259636156566988,True,False,False,False,True,False,True,False,True,False,False,False,False,False,True,False,True,False,False,False,1147,0
0.05363004446778147,0.4621602927472318,-1.5844721743716974,-0.4653689371301599,-0.16590091943856228,-0.2736881583229123,-0.9787536408731727,1.339465762050807,False,False,True,False,True,False,False,True,False,True,False,False,False,False,True,False,False,True,False,False,1148,0
0.10319961131627607,-0.48914270504834245,-0.03481940632079698,0.46500014217980273,-0.18197814779776011,0.02776740707987939,1.426206162042712,-0.08776914501673909,False,False,True,False,True,False,False,True,False,False,True,False,False,True,False,False,False,True,False,False,1149,1
-0.8513027456733377,0.6351244741646089,0.8213637480273256,-0.6225258762027888,-0.1337464627201666,-0.977084477596093,-0.03626939378451522,1.1015932775395494,True,False,False,False,True,False,True,False,True,False,False,False,True,False,False,False,False,True,False,False,1150,0
-0.6651286748353877,-0.0567322515048996,0.28285941112963764,0.05010582302806262,0.5776708921743375,0.6306785378854628,-0.9462541840770121,-0.5809194177839806,True,False,False,False,True,False,False,True,False,False,True,False,True,False,False,False,False,True,False,False,1151,0
0.12049132068202978,-0.14321434221358817,-1.0111006501928643,0.17897451306761827,-0.6160633134961017,3.846204568848574,0.028729519807805987,-0.29663278995345316,False,False,True,False,True,True,False,False,False,False,True,False,False,True,False,False,False,True,False,False,1152,0
2.17474639333359,0.2027140206211661,-0.6081909304996301,-0.20763155705104863,-1.2430752195048171,-0.8765992891284957,1.3937067052465515,-0.511298202805076,False,True,False,False,True,True,False,False,False,False,False,True,False,False,True,False,False,True,False,False,1153,1
2.2208576183089335,0.9810528369993632,-1.1583176631577,-0.9556985870367618,0.8067713962929067,0.22873778401507386,-0.9137547272808515,-0.9812414039126826,False,True,False,False,True,True,False,False,False,False,False,True,True,False,False,False,False,False,True,False,1154,0
2.160913025840987,-0.48914270504834245,-0.6430581177807755,0.4524275870539924,1.2971268612484408,-0.07271778138771784,-0.8487558136885304,-0.3140380936981793,False,True,False,False,True,True,False,False,True,False,False,False,False,False,True,False,True,False,False,False,1155,0
0.30320704964682915,-1.6998919749699823,1.1312943016375057,1.7348282098866437,1.116258042207465,-0.7761141006608985,-0.19876667776531826,-1.056664386806496,False,False,True,False,True,False,False,True,False,False,False,True,False,True,False,False,False,False,True,False,1156,0
-0.9936711527847113,0.6351244741646089,-1.2822898846017718,-0.6445278476729568,-0.45931033699392276,0.73116372635306,0.028729519807805987,-0.6795494723374289,True,False,False,False,True,False,False,True,False,False,True,False,True,False,False,True,False,False,False,False,1157,1
-0.5925034954992215,0.11623192991247754,0.7787482969059258,-0.1321962262961868,0.8951961522684948,0.5301933494178656,2.0111963843736027,-0.6679459365076115,True,False,False,False,True,False,True,False,True,False,False,False,False,True,False,False,False,False,True,False,1158,0
0.5827563510598499,-1.6134098842612938,0.9995738163531791,1.6373909076616138,0.8148100104725057,-0.575143723725704,-0.4262628753384425,-0.33724516535781424,False,False,True,False,True,False,False,True,False,False,False,True,False,False,True,False,False,True,False,False,1159,0
-0.6011493501820984,-1.6998919749699823,1.2242734677205598,1.7253987935422859,1.2971268612484408,-0.8765992891284957,2.986180088258421,-0.0645620733571042,True,False,False,False,True,True,False,False,True,False,False,False,False,True,False,False,False,False,True,False,1160,0
2.1297879489826297,0.5486423834559204,-1.3210312038030445,-0.5785219332624527,0.7786362466643105,-0.3741733467905095,1.2962083348580695,0.5794341651977641,False,True,False,False,True,False,False,True,True,False,False,False,False,True,False,True,False,False,False,False,1161,0
1.8473566960086503,0.029749839203788972,-0.80577165842612,-0.02532950772679921,-0.1739395336181612,-0.17320296985531508,4.188659989716363,-0.7143600798268813,False,True,False,False,True,True,False,False,False,False,False,True,False,False,True,True,False,False,False,False,1162,1
0.28245699840792454,-0.4026606143396539,-0.759282075384593,0.44614130949108727,0.42895652985175764,-0.6756289121933012,0.2562257173809302,-0.14578682416582633,False,False,True,False,True,False,False,True,True,False,False,False,True,False,False,False,False,False,False,True,1163,1
-0.28932219128633696,-0.8350710678830967,0.9879514205927974,0.8578924898613748,-0.09355339182217201,-0.8765992891284957,-0.9462541840770121,-0.23281334288945718,False,False,True,False,True,True,False,False,True,False,False,False,False,False,True,True,False,False,False,False,1164,1
-0.8870389450292291,1.6729095626688717,-1.9098992556623866,-1.6471891189563286,-0.9657430303086545,0.4297081609502683,1.101211594081106,-0.7143600798268813,True,False,False,False,True,False,False,True,False,True,False,False,False,True,False,False,False,False,True,False,1165,1
0.07668565695545342,-0.0567322515048996,-0.17428815544537804,0.09725290474985128,0.6660956481499257,-0.6756289121933012,-0.7187579865038879,-0.13418328833600887,False,False,True,False,True,False,False,True,False,True,False,False,True,False,False,False,True,False,False,False,1166,1
-0.6438022332842913,0.029749839203788972,-0.65080638162103,-0.05676089554132498,-0.5718509355083076,0.6306785378854628,-0.5562607025230849,-0.6389370969330679,True,False,False,False,True,False,False,True,False,False,True,False,False,True,False,True,False,False,False,False,1167,1
-0.9072126059559419,0.6351244741646089,-0.7050442285028115,-0.6413847088915042,-0.9496658019494567,0.4297081609502683,-0.23126613456147885,-0.29663278995345316,True,False,False,False,True,True,False,False,False,False,False,True,False,True,False,False,False,True,False,False,1168,0
-0.6997120935668955,0.2027140206211661,-1.3985138422055894,-0.19820214070669093,-1.0943608571822372,-0.977084477596093,1.751200730004318,-0.035553233782560575,True,False,False,True,False,True,False,False,False,False,False,True,True,False,False,False,False,True,False,False,1169,1
2.053704427773313,-1.5269277935526053,1.2513923911614504,1.480233968588985,1.2368372549014488,0.8316489148206573,-0.7837569000962091,-0.8710078135294168,False,True,False,False,True,True,False,False,False,False,True,False,False,True,False,False,True,False,False,False,1170,0
0.16833171659394894,0.4621602927472318,-1.0227230459532461,-0.48108463103742277,-0.36284696683873574,-0.6756289121933012,0.191226803788609,0.4285881994101373,False,False,True,False,True,False,False,True,False,False,False,True,False,True,False,False,False,True,False,False,1171,0
-1.1683174173788256,-0.7485889771744081,0.37583857721269165,0.7541689100734398,0.9635243727950856,0.5301933494178656,-0.16626722096915764,1.380078137455168,True,False,False,False,True,False,True,False,False,False,True,False,True,False,False,True,False,False,False,False,1172,1
-0.6167118886112769,-0.8350710678830967,-0.24402253000766855,0.8421767959541119,0.38072484477416413,-0.6756289121933012,0.028729519807805987,-0.8187919022952383,True,False,False,False,True,True,False,False,False,True,False,False,False,True,False,True,False,False,False,False,1173,1
2.2076006411285225,0.8945707462906747,0.8446085395480891,-0.9242671992222361,-1.7133341490113538,-0.8765992891284957,-0.6537590729115668,1.0203685267308271,False,True,False,False,True,False,False,True,False,False,True,False,False,True,False,False,False,False,True,False,1174,0
-0.3538779062518179,-0.48914270504834245,-0.03869353824092423,0.5247197790274016,1.0599877429502726,0.9321341032882544,-0.3287645049499607,1.130602117114093,True,False,False,False,True,True,False,False,False,False,True,False,False,True,False,False,False,True,False,False,1175,1
2.068114185578108,1.5864274719601832,-2.32830550303613,-1.6031851760159925,-0.8371252034350719,-0.6756289121933012,-0.881255270484691,0.5504253256232206,False,True,False,False,True,False,False,True,False,False,True,False,False,False,True,False,True,False,False,False,1176,0
-0.7671497600933356,-1.4404457028439166,0.658650207381981,1.458231997118817,0.7705976324847116,-0.2736881583229123,-0.13376776417299704,2.7086829899692657,True,False,False,False,True,False,False,True,False,False,True,False,False,True,False,True,False,False,False,False,1177,0
-0.7786775663371714,-0.0567322515048996,-0.9917299905922281,0.05010582302806262,1.1886055698238553,-0.3741733467905095,-0.7837569000962091,-0.34304693327272295,True,False,False,True,False,True,False,False,False,True,False,False,False,True,False,False,False,False,True,False,1178,1
0.29801953683710297,1.0675349277080517,-0.5307082920970851,-1.0311339177916237,1.1001808138482672,-0.977084477596093,-0.9787536408731727,1.2640427791569935,False,False,True,False,True,True,False,False,False,False,True,False,False,True,False,False,False,False,True,False,1179,0
0.039220286662986575,0.029749839203788972,0.8174896161071983,-0.03790206285260952,0.6299218843417306,0.3292229724826711,-0.8162563568923697,-0.7897830627206947,False,False,True,False,True,False,False,True,True,False,False,False,False,True,False,True,False,False,False,False,1180,1
-0.06568275015592007,-1.353963612135228,0.8213637480273256,1.345079000986524,0.7022694119581208,-0.7761141006608985,-0.3287645049499607,1.2698445470719022,False,False,True,False,True,False,False,True,True,False,False,False,False,True,False,False,True,False,False,False,1181,0
-1.0247962296430682,-0.6621068864657196,1.243644127321196,0.7038786895701985,-0.1739395336181612,-0.6756289121933012,1.2962083348580695,-0.6737477044225202,True,False,False,False,True,False,True,False,True,False,False,False,False,False,True,False,False,True,False,False,1182,0
-0.977532224043341,1.7593916533775604,-1.5069895359691525,-1.7257675884926431,-1.311403440031408,-0.7761141006608985,1.7837001868004787,-0.6099282573585243,True,False,False,False,True,False,False,True,False,True,False,False,True,False,False,True,False,False,False,False,1183,1
-0.4339961596464777,-1.180999430717851,0.6780208669826172,1.1564906740993695,1.1765476485544568,-0.6756289121933012,-0.10126830737683644,0.5910377010275816,True,False,False,False,True,False,False,True,False,True,False,False,False,False,True,False,False,True,False,False,1184,0
0.28072782747134906,-0.3161785236309653,1.197154544279669,0.34241772970315226,0.1677015690147928,-0.8765992891284957,-0.13376776417299704,0.045671517026161554,False,False,True,False,True,False,True,False,False,True,False,False,True,False,False,False,True,False,False,False,1185,0
0.22481796718874494,-0.0567322515048996,-0.36412061953161334,0.07210779449823065,-0.8893761956024648,-0.8765992891284957,0.0937284334001272,0.12109449991997497,False,False,True,False,True,True,False,False,True,False,False,False,False,True,False,True,False,False,False,False,1186,0
-0.8484207941123788,1.6729095626688717,-2.235326336953076,-1.7006224782410224,-2.195650999787289,-0.575143723725704,-0.5562607025230849,2.621656471245635,True,False,False,False,True,True,False,False,False,True,False,False,False,False,True,False,False,False,False,True,1187,1
-0.7608094666592259,-0.3161785236309653,-0.9103732202695558,0.3235588970144368,0.07927681303920471,-0.575143723725704,0.9712137668964635,-0.5054964348901673,True,False,False,False,True,True,False,False,False,True,False,False,True,False,False,False,True,False,False,False,1188,0
-0.014384012370850414,1.5864274719601832,-1.421758633726353,-1.6126145923603503,-1.2269979911456192,1.5350452340938379,-0.7187579865038879,0.18491394698397093,False,False,True,True,False,True,False,False,True,False,False,False,True,False,False,False,False,False,False,True,1189,0
-1.133157608335126,0.6351244741646089,1.3017561061231047,-0.6288121537656939,0.18779810446379008,-0.575143723725704,-0.9787536408731727,-0.7781795268908772,True,False,False,False,True,False,False,True,False,False,True,False,False,False,True,False,False,False,False,True,1190,1
2.013357105919887,1.3269811998341174,0.4610694794554912,-1.3548772122812391,-0.829086589255473,2.6403823072374073,-0.06876885058067583,1.0203685267308271,False,True,False,False,True,False,True,False,True,False,False,False,False,True,False,False,False,False,False,True,1191,0
0.2622833374812116,0.9810528369993632,-1.9292699152630228,-0.9525554482553092,-1.6851989993827576,1.0326192917558517,-0.5562607025230849,0.9565490796668312,False,False,True,False,True,False,False,True,False,True,False,False,False,False,True,False,True,False,False,False,1192,0
-1.0518865743160826,-1.353963612135228,0.7477552415449078,1.382796666363955,1.3654550817750315,-0.977084477596093,-0.5562607025230849,0.1733104111541535,True,False,False,False,True,False,True,False,True,False,False,False,True,False,False,False,False,True,False,False,1193,0
2.358038512610581,-0.6621068864657196,1.2978819742029775,0.685019856881483,-0.4432331086347249,5.052026830459741,-0.06876885058067583,-0.7027565439970638,False,True,False,False,True,False,True,False,True,False,False,False,False,True,False,True,False,False,False,False,1194,1
-0.6051840823674409,1.4999453812514947,-1.301660544202408,-1.4711733471949844,-2.3684812046486656,0.22873778401507386,-0.19876667776531826,-0.6099282573585243,True,False,False,False,True,False,False,True,False,True,False,False,True,False,False,False,False,False,True,False,1195,0
0.3158876365150486,0.7216065648732976,-1.4604999529276255,-0.7231063172092712,-0.8411445105248713,-0.977084477596093,-0.7837569000962091,1.2466374754122673,False,False,True,False,True,False,False,True,False,False,False,True,False,False,True,True,False,False,False,False,1196,0
-0.6708925779573057,0.7216065648732976,0.8058672203468166,-0.7042474845205557,0.879118923909297,4.348630511186561,-0.5562607025230849,-0.25021864663418336,True,False,False,False,True,True,False,False,True,False,False,False,False,True,False,False,False,True,False,False,1197,1
-0.8530319166099132,-0.8350710678830967,0.6509019435417265,0.8516062122984697,-0.1739395336181612,1.133104480223449,1.1987099644695878,1.2698445470719022,True,False,False,False,True,False,True,False,False,False,False,True,False,True,False,False,True,False,False,False,1198,1
0.18101230346216837,1.5864274719601832,-1.7045702638956424,-1.571753788201467,-1.994685645297316,0.22873778401507386,0.7112181125271787,-0.7491706873163336,False,False,True,False,True,True,False,False,False,False,False,True,False,True,False,False,False,False,False,True,1199,1
-0.7342955122984032,0.8080886555819861,-1.5108636678892797,-0.8331161745601113,-1.7294113773705517,-0.575143723725704,-0.881255270484691,0.521416486048677,True,False,False,False,True,True,False,False,False,False,True,False,True,False,False,False,False,False,False,True,1200,0
-0.8547610875464885,1.5864274719601832,-0.8755060329884106,-1.6126145923603503,-0.6160633134961017,-0.977084477596093,0.028729519807805987,0.3763722881759588,True,False,False,False,True,False,True,False,False,True,False,False,True,False,False,False,True,False,False,False,1201,0
-0.8985667512730651,1.3269811998341174,0.7090139223436353,-1.3171595469038082,-1.6128514717663673,-0.575143723725704,-0.9787536408731727,0.016662677451617938,True,False,False,True,False,True,False,False,False,False,True,False,False,False,True,False,False,False,False,True,1202,1
-0.6167118886112769,-1.180999430717851,0.2789852792095104,1.1407749801921068,1.2408565619912482,-0.8765992891284957,-0.16626722096915764,-0.9406290285083215,True,False,False,False,True,False,True,False,False,False,False,True,False,False,True,False,True,False,False,False,1203,0
2.0335307668466,0.029749839203788972,-0.5268341601769579,-0.04418834041551467,-0.8451638176146707,-0.3741733467905095,4.806149668843416,0.5562270935381293,False,True,False,False,True,True,False,False,False,False,True,False,False,True,False,False,False,True,False,False,1204,1
0.13144273661367398,-0.0567322515048996,0.7245104500241443,0.04381954546515747,-0.8371252034350719,-0.575143723725704,-0.29626504815380006,-0.25021864663418336,False,False,True,False,True,False,False,True,False,True,False,False,False,True,False,False,False,False,False,True,1205,1
-0.5187255355386716,1.240499109125429,-1.0575902332343914,-1.2197222446787783,-1.6490252355745625,0.5301933494178656,1.263708878061909,-0.6911530081672463,True,False,False,False,True,False,False,True,False,True,False,False,False,False,True,False,False,True,False,False,1206,1
-0.8317054750588166,-0.22969643292227673,0.34484552185167366,0.24812356625957493,-0.9818202586678524,0.6306785378854628,-0.7837569000962091,-0.8536025097846907,True,False,False,False,True,False,True,False,False,False,False,True,False,False,True,False,False,False,False,True,1207,0
-0.6824203842011416,0.8080886555819861,-1.8711579364611142,-0.7922553704012278,-1.4882529519825842,-0.17320296985531508,-0.6862585297077273,0.13849980366470113,True,False,False,False,True,True,False,False,True,False,False,False,False,True,False,False,True,False,False,False,1208,0
-0.7227677060545673,-1.2674815214265396,0.9298394417908886,1.3073613356090932,1.0680263571298716,1.2335896686910461,0.6462191989348575,3.2946615493750473,True,False,False,False,True,False,False,True,True,False,False,False,True,False,False,False,False,True,False,False,1209,0
2.4225942275760626,-1.6998919749699823,0.9647066290720339,1.6845379893834025,0.8831382309990964,-0.977084477596093,-0.9787536408731727,0.06307682077088773,False,True,False,False,True,False,True,False,False,True,False,False,False,True,False,False,True,False,False,False,1210,0
-0.6801148229523745,-1.180999430717851,1.3017561061231047,1.153347535317917,0.879118923909297,-0.977084477596093,-0.9137547272808515,-0.41846991616653634,True,False,False,False,True,False,False,True,True,False,False,False,True,False,False,True,False,False,False,False,1211,0
2.238149327674687,0.8945707462906747,-1.9718853663844227,-0.8959789501891628,0.5455164354559419,-0.47465853525810675,-0.881255270484691,-0.72016184774179,False,True,False,False,True,False,False,True,False,False,False,True,False,False,True,False,False,True,False,False,1212,0
2.2248923504942764,-0.6621068864657196,-0.081308989362324,0.641015913941147,0.7183466403173187,-0.8765992891284957,-0.881255270484691,-1.0508626188915873,False,True,False,False,True,False,True,False,False,False,True,False,True,False,False,False,False,False,True,False,1213,0
0.09455375663339902,1.3269811998341174,-1.6851996042950061,-1.3423046571554287,-1.874106432603332,0.02776740707987939,-0.7512574433000485,-0.9000166531039604,False,False,True,False,True,True,False,False,False,True,False,False,True,False,False,False,False,True,False,False,1214,0
0.1233732722429888,1.413463290542806,0.17050958544594733,-1.4460282369433637,0.879118923909297,-0.8765992891284957,-0.29626504815380006,-0.8942148851890517,False,False,True,False,True,True,False,False,False,False,True,False,False,False,True,False,False,False,False,True,1215,0
-0.6489897460940174,1.6729095626688717,-1.328779467643299,-1.7006224782410224,-2.0429173303749093,-0.47465853525810675,-0.49126178893076367,0.26613869779269306,True,False,False,False,True,False,False,True,True,False,False,False,False,True,False,False,False,False,True,False,1216,0
0.314734855890665,-0.3161785236309653,-0.80577165842612,0.28584123163700587,-0.46734895117352165,0.02776740707987939,-0.5887601593192455,-1.1668979771897618,False,False,True,False,True,False,True,False,True,False,False,False,True,False,False,True,False,False,False,False,1217,1
1.9222874365935836,-0.14321434221358817,-0.6895477008223024,0.1601156803789028,-0.821047975075874,-0.6756289121933012,-0.26376559135763944,-1.248122727998484,False,True,False,True,False,False,True,False,True,False,False,False,False,True,False,False,False,False,True,False,1218,1
-0.6610939426500452,0.8945707462906747,-0.12392444048372377,-0.8645475623746371,-0.8933955026922643,0.12825259554747662,-0.6537590729115668,0.11529273200506625,True,False,False,False,True,False,False,True,False,False,False,True,False,False,True,False,False,False,True,False,1219,1
-0.9827197368530673,0.4621602927472318,-0.7089183604229388,-0.4842277698188754,0.035064435051410665,-0.6756289121933012,-0.23126613456147885,-1.0392590830617698,True,False,False,False,True,False,True,False,False,False,True,False,False,False,True,True,False,False,False,False,1220,0
-1.008080910589506,-0.575624795757031,0.7981189565065621,0.55929430562338,-0.15786230525896336,1.8365007994966296,1.4587056188388725,-0.05876030544219547,True,False,False,False,True,False,True,False,False,False,False,True,False,False,True,True,False,False,False,False,1221,1
-0.9925183721603277,-0.48914270504834245,1.305630238043232,0.5247197790274016,0.21995256118218576,0.73116372635306,1.1337110508772665,0.06887858868579645,True,False,False,False,True,False,True,False,False,False,False,True,False,False,True,False,True,False,False,False,1222,1
-0.5071977292948358,0.37567820203854324,-0.10842791280321476,-0.4025061615011084,0.8067713962929067,-0.8765992891284957,0.32122463097325143,-1.1552944413599442,True,False,False,False,True,False,False,True,False,True,False,False,True,False,False,False,False,True,False,False,1223,0
0.4916866817335463,-1.2674815214265396,0.8910981225896161,1.272786809013115,0.5414971283661425,-0.977084477596093,-0.7512574433000485,-0.43587521991126255,False,False,True,False,True,False,False,True,False,False,False,True,True,False,False,False,True,False,False,False,1224,0
-0.8466916231758034,0.029749839203788972,1.243644127321196,-0.0536177567598724,0.6419798056111289,0.3292229724826711,0.7437175693233393,2.076290287244215,True,False,False,False,True,False,True,False,False,False,True,False,False,False,True,False,False,True,False,False,1225,1
-0.9089417768925174,-0.9215531585917853,1.3133785018834865,0.8956101552388057,0.38072484477416413,0.02776740707987939,0.5162213717502151,0.1791121790690622,True,False,False,False,True,True,False,False,False,True,False,False,False,False,True,False,False,False,False,True,1226,0
-0.42765586621236784,-1.6998919749699823,1.1274201697173785,1.7285419323237385,1.0961615067584678,0.22873778401507386,0.6787186557310181,-1.0740696905512221,True,False,False,False,True,False,True,False,False,False,True,False,True,False,False,False,False,False,True,False,1227,1
-0.8259415719368988,1.1540170184167404,-0.35637235569135883,-1.1725751629569896,-1.2792489833130123,-0.47465853525810675,-0.39376341854228186,2.4243963621387383,True,False,False,False,True,False,False,True,False,False,False,True,False,False,True,False,False,False,False,True,1228,0
-0.6749273101426483,-0.3161785236309653,0.2208733004076016,0.35184714604750994,-0.242267754144752,-0.8765992891284957,-0.0037699369883546193,0.016662677451617938,True,False,False,False,True,False,False,True,False,True,False,False,True,False,False,False,True,False,False,False,1229,1
-0.5492742220848368,-0.4026606143396539,0.5230555901775272,0.38327853386203575,-0.33069251012034007,1.3340748571586434,-0.3612639617461213,1.3510692978806245,True,False,False,False,True,True,False,False,False,False,True,False,False,True,False,False,False,False,True,False,1230,0
-1.0253726199552602,1.0675349277080517,-1.2784157526816446,-1.0751378607319597,1.0519491287706737,-0.8765992891284957,0.6462191989348575,-0.9232237247635954,True,False,False,False,True,False,False,True,False,False,False,True,False,True,False,False,True,False,False,False,1231,0
0.25997777623244445,0.2027140206211661,-1.317157071882917,-0.2139178346139538,0.45307237239055437,-0.7761141006608985,-0.9787536408731727,0.8057031138792043,False,False,True,False,True,False,True,False,False,False,False,True,False,True,False,False,False,False,True,False,1232,0
-0.6253577432941538,-0.8350710678830967,-0.011574614800033474,0.8421767959541119,1.2287986407218499,-0.977084477596093,-0.7512574433000485,0.1791121790690622,True,False,False,False,True,False,True,False,False,False,True,False,False,False,True,True,False,False,False,False,1233,0
0.24153328624230697,-1.0080352493004738,0.17825784928620184,0.9930474574638356,0.06319958468000687,-0.575143723725704,-0.4262628753384425,-0.7433689194014249,False,False,True,False,True,True,False,False,False,False,True,False,False,True,False,True,False,False,False,False,1234,1
0.006942429180246086,-1.353963612135228,0.6625243393021083,1.3356495846421663,1.0881228925788688,0.4297081609502683,-0.6212596161154061,0.9217384721773789,False,False,True,False,True,False,True,False,False,True,False,False,False,False,True,True,False,False,False,False,1235,0
0.2369221637447727,-1.6998919749699823,1.1119236420368694,1.69396740572776,0.9193119948072915,-0.575143723725704,-0.881255270484691,1.4845099599235252,False,False,True,False,True,False,True,False,False,False,False,True,False,False,True,False,False,False,True,False,1236,0
0.2403805056179234,-0.48914270504834245,-0.6081909304996301,0.49957466877578105,1.212721412362652,1.2335896686910461,-0.6212596161154061,-0.3024345578683619,False,False,True,False,True,False,True,False,False,False,True,False,False,True,False,True,False,False,False,False,1237,0
-0.7561983441616915,0.37567820203854324,-1.084709156675282,-0.38993360637529806,1.132335270566663,2.338926741834616,0.32122463097325143,0.8115048817941131,True,False,False,False,True,False,False,True,False,False,False,True,True,False,False,True,False,False,False,False,1238,0
-0.03571045392194671,-1.4404457028439166,0.8949722545097434,1.4739476910260798,0.9032347664480938,-0.7761141006608985,-0.8162563568923697,0.02246444536652666,False,False,True,False,True,False,True,False,False,False,False,True,False,False,True,False,False,False,True,False,1239,1
-0.740635805732513,-0.48914270504834245,0.03104083632136629,0.5184335014644965,0.8750996168194975,0.6306785378854628,1.426206162042712,-0.24441687871927464,True,False,False,False,True,False,True,False,False,True,False,False,False,False,True,False,True,False,False,False,1240,1
0.16487337472079824,0.5486423834559204,0.4339505560146004,-0.5879513496068104,-1.3435578967498036,-0.575143723725704,-0.13376776417299704,3.28305801354523,False,False,True,False,True,False,False,True,False,False,True,False,False,True,False,False,False,False,False,True,1241,1
0.2709291921640887,-0.3161785236309653,-0.12392444048372377,0.3204157582329842,0.7183466403173187,4.248145322718963,-0.6537590729115668,-0.10517444876146527,False,False,True,True,False,True,False,False,False,True,False,False,False,True,False,False,False,False,True,False,1242,1
0.25017914092518384,1.1540170184167404,0.5579227774586725,-1.1411437751424638,0.9836209082440829,1.4345600456262406,-0.9137547272808515,-1.1030785301257657,False,False,True,False,True,False,True,False,False,True,False,False,False,False,True,False,False,False,False,True,1243,0
-0.943525195624025,0.6351244741646089,-0.5307082920970851,-0.6382415701100517,-0.11364992727116931,0.6306785378854628,0.8087164829156605,3.1438155835874206,True,False,False,False,True,False,False,True,False,True,False,False,False,True,False,False,False,False,False,True,1244,1
2.042176621529477,0.37567820203854324,-0.6934218327424297,-0.37107477368658265,-0.6884108411124918,-0.07271778138771784,0.6462191989348575,-0.888413117274143,False,True,False,False,True,False,False,True,False,True,False,False,False,True,False,True,False,False,False,False,1245,0
-0.43169059839771046,-1.353963612135228,0.8639791991487253,1.3136476131719983,0.3324931596965706,-0.8765992891284957,0.06122897660396659,1.1364038850290017,False,False,True,False,True,False,False,True,True,False,False,False,True,False,False,False,False,False,True,False,1246,1
-0.8611013809805982,0.5486423834559204,1.1739097527589055,-0.5848082108253578,-1.5606004795989745,1.3340748571586434,1.4587056188388725,-0.23281334288945718,True,False,False,False,True,False,False,True,False,True,False,False,False,True,False,False,True,False,False,False,1247,1
-0.2910513622229122,0.4621602927472318,-0.2401483980875413,-0.42450813297127643,-1.6691217710235597,-0.8765992891284957,-0.26376559135763944,-0.4996946669752585,True,False,False,True,False,False,True,False,False,False,True,False,False,True,False,False,False,False,True,False,1248,1
-0.678385652015799,0.8945707462906747,-1.1970589823589723,-0.8771201175004474,0.6138446559825327,-0.8765992891284957,-0.7512574433000485,-0.7549724552312423,True,False,False,False,True,False,True,False,False,True,False,False,False,True,False,False,True,False,False,False,1249,0
-0.6991357032547038,0.4621602927472318,-0.728289020023575,-0.4653689371301599,-1.267191062043614,0.9321341032882544,-0.03626939378451522,-0.6273335611032504,True,False,False,False,True,False,False,True,False,False,False,True,False,False,True,False,False,False,False,True,1250,1
0.2715055824762803,-1.353963612135228,1.1739097527589055,1.354508417330882,1.212721412362652,2.9418378726401992,-0.7837569000962091,-0.6969547760821551,False,False,True,False,True,False,True,False,True,False,False,False,False,True,False,True,False,False,False,False,1251,0
-0.6495661364062092,-1.180999430717851,1.0383151355544515,1.2099240333840633,0.40885999440276033,0.02776740707987939,-0.9787536408731727,-0.9406290285083215,True,False,False,False,True,False,True,False,False,False,True,False,False,False,True,True,False,False,False,False,1252,0
-1.0392059874478632,0.2891961113298547,-1.4914930082886435,-0.26106491633574247,0.6058060418029338,0.6306785378854628,-0.49126178893076367,-1.1726997451046706,True,False,False,False,True,True,False,False,True,False,False,False,True,False,False,False,False,True,False,False,1253,0
-0.4299614274611351,0.8945707462906747,-1.9021509918221322,-0.9148377828778783,-0.7044880694716897,-0.17320296985531508,1.003713223692624,0.5156147181337682,False,False,True,False,True,True,False,False,False,False,True,False,True,False,False,False,False,False,False,True,1254,1
-0.844962452239228,1.240499109125429,0.3332231260912919,-1.2260085222416834,-0.969762337398454,0.12825259554747662,-0.6862585297077273,0.10949096409015752,True,False,False,False,True,False,False,True,True,False,False,False,False,False,True,True,False,False,False,False,1255,0
0.3210751493247747,1.5864274719601832,-1.9525147067837865,-1.6251871474861606,1.0921421996686682,0.3292229724826711,-0.6212596161154061,-0.5403070423796196,False,False,True,False,True,False,True,False,False,True,False,False,False,False,True,True,False,False,False,False,1256,1
0.12164410130641355,0.8945707462906747,-1.7820529022981872,-0.8551181460302794,-1.898222275142129,-0.977084477596093,-0.6862585297077273,0.23132809030324072,False,False,True,False,True,False,False,True,False,False,True,False,False,True,False,False,False,False,True,False,1257,0
-1.0392059874478632,0.8080886555819861,0.4804401390561274,-0.8456887296859217,-1.3958088889171967,4.75057126505695,2.628686063500654,-0.18059743165527867,True,False,False,False,True,True,False,False,False,False,False,True,False,True,False,False,False,False,False,True,1258,1
-0.517572754914288,0.8945707462906747,-1.8479131449403505,-0.9179809216593309,0.678153569419324,3.0423230611077963,0.06122897660396659,2.6274582391605437,True,False,False,False,True,False,False,True,False,False,True,False,False,True,False,True,False,False,False,False,1259,0
-0.7763720050884043,0.37567820203854324,1.0189444759538153,-0.41193557784546614,-0.5678316284185081,-0.8765992891284957,-0.3287645049499607,-1.1262856017854006,True,False,False,False,True,False,True,False,False,True,False,False,False,True,False,True,False,False,False,False,1260,0
-0.11986343950194894,-0.4026606143396539,0.39133510489320067,0.40213736655075116,-0.8049707467166762,0.3292229724826711,-0.8162563568923697,-0.7085583119119726,False,False,True,False,True,False,False,True,False,False,True,False,True,False,False,True,False,False,False,False,1261,0
-0.8622541616049818,-1.353963612135228,0.7748741649857985,1.3419358622050717,1.2167407194524515,0.6306785378854628,-0.23126613456147885,-1.0276555472319524,True,False,False,True,False,False,True,False,True,False,False,False,True,False,False,False,False,True,False,False,1262,0
-1.1844563461201956,-0.48914270504834245,1.33662329340425,0.4681432809612553,1.361435774685232,2.841352684172602,-0.16626722096915764,-1.0392590830617698,True,False,False,False,True,False,False,True,False,False,True,False,True,False,False,False,False,True,False,False,1263,0
-0.21554423132578704,1.413463290542806,-1.0808350247551548,-1.452314514506269,-0.8732989672432669,-0.575143723725704,2.823682804277618,-0.05876030544219547,False,False,True,False,True,True,False,False,False,True,False,False,True,False,False,False,False,False,True,False,1264,0
-0.7025940451278544,-1.353963612135228,0.4184540283340914,1.3136476131719983,1.140373884746262,-0.6756289121933012,1.5562039892273545,-0.3256416295279968,True,False,False,False,True,False,True,False,False,False,True,False,True,False,False,False,True,False,False,False,1265,0
-0.7475524894788146,-1.0080352493004738,0.627657152020963,0.9741886247751201,1.3493778534158336,1.2335896686910461,-0.881255270484691,-0.21540803914473103,True,False,False,False,True,False,False,True,False,False,False,True,False,True,False,False,False,True,False,False,1266,0
-1.1660118561300583,-0.575624795757031,-0.6585546454612844,0.5467217504975697,-0.1337464627201666,-0.977084477596093,1.1987099644695878,1.1248003491991843,True,False,False,False,True,True,False,False,False,False,True,False,False,False,True,False,False,False,True,False,1267,0
-0.8432332813026526,-0.6621068864657196,-0.4338549940939039,0.6567316078484099,-0.20609399033655684,-0.6756289121933012,1.7187012732081575,-1.0218537793170437,True,False,False,False,True,False,False,True,False,True,False,False,True,False,False,False,True,False,False,False,1268,0
-0.6144063273625097,-0.575624795757031,-0.5849461389788667,0.5561511668419274,0.7464817899459149,0.22873778401507386,-0.881255270484691,-1.0508626188915873,True,False,False,False,True,False,False,True,True,False,False,False,True,False,False,True,False,False,False,False,1269,0
2.1476560486605756,-1.180999430717851,0.9027205183499979,1.1596338128808221,0.7103080261377197,-0.8765992891284957,0.32122463097325143,-0.25021864663418336,False,True,False,False,True,False,True,False,True,False,False,False,False,False,True,False,False,False,False,True,1270,0
-0.9100945575169009,0.8945707462906747,-0.23627426616741404,-0.9054083665335206,0.8228486246521045,-0.7761141006608985,-0.6537590729115668,-0.592522953613798,True,False,False,True,False,False,True,False,False,True,False,False,False,False,True,False,False,True,False,False,1271,1
0.17870674221340124,-1.353963612135228,1.0654340589953424,1.3325064458607139,0.43297583694155706,-0.7761141006608985,0.35372408776941205,0.770892506389752,False,False,True,False,True,True,False,False,True,False,False,False,True,False,False,True,False,False,False,False,1272,0
0.16717893596956537,0.37567820203854324,-1.561227382850934,-0.3930767451567507,-0.6683143056634946,1.2335896686910461,0.32122463097325143,-1.0334573151468611,False,False,True,False,True,False,False,True,False,True,False,False,True,False,False,False,True,False,False,False,1273,0
-0.9279626571948465,0.8945707462906747,-1.3094088080426627,-0.8802632562819,-2.03889802328511,-0.6756289121933012,-0.13376776417299704,1.089989741709732,True,False,False,False,True,False,True,False,False,True,False,False,False,True,False,False,False,False,False,True,1274,0
0.09340097600901545,-1.4404457028439166,0.9879514205927974,1.4613751359002694,1.3654550817750315,1.8365007994966296,-0.9787536408731727,0.9159367042624701,False,False,True,False,True,False,True,False,False,False,False,True,False,True,False,True,False,False,False,False,1275,0
0.17928313252559314,-0.22969643292227673,0.050411495922002544,0.20726276210069144,1.1926248769136547,0.02776740707987939,-0.5887601593192455,1.8152107310733223,False,False,True,False,True,False,False,True,False,False,True,False,False,False,True,False,False,True,False,False,1276,0
-0.77176088259087,1.7593916533775604,-1.390765578365335,-1.7226244497111904,-2.058994558734107,1.7360156110290323,-0.8162563568923697,-0.44747875574108,True,False,False,False,True,False,True,False,True,False,False,False,True,False,False,True,False,False,False,False,1277,0
0.19657484189134683,0.9810528369993632,0.7012656585033807,-0.9839868360698351,1.317223396697438,-0.977084477596093,0.7112181125271787,1.7978054273285962,False,False,True,False,True,False,True,False,False,False,False,True,False,True,False,False,True,False,False,False,1278,0
0.11415102724792006,-0.3161785236309653,0.705139790423508,0.3235588970144368,0.49326544328854893,0.22873778401507386,0.6787186557310181,-0.7781795268908772,False,False,True,True,False,False,False,True,True,False,False,False,True,False,False,False,True,False,False,False,1279,1
-0.8219068397515561,0.6351244741646089,-0.7864009988254838,-0.6445278476729568,-1.749507912819549,-0.8765992891284957,0.35372408776941205,1.3278622262209896,True,False,False,False,True,True,False,False,True,False,False,False,False,False,True,True,False,False,False,False,1280,1
-0.5682951023871661,0.8080886555819861,1.3288750295639955,-0.8236867582157537,-0.821047975075874,-0.2736881583229123,-0.5562607025230849,-0.20380450331491357,True,False,False,False,True,False,False,True,False,False,True,False,False,True,False,False,False,True,False,False,1281,0
0.0738037053944944,-0.6621068864657196,0.8484826714682163,0.6284433588153368,1.1725283414646575,-0.7761141006608985,-0.5562607025230849,0.521416486048677,False,False,True,False,True,False,False,True,False,False,True,False,False,True,False,True,False,False,False,False,1282,0
-0.9625460759263543,-0.8350710678830967,0.2712370153692559,0.8547493510799222,0.18779810446379008,-0.8765992891284957,-0.19876667776531826,-1.1030785301257657,True,False,False,False,True,False,False,True,False,True,False,False,False,True,False,False,False,False,True,False,1283,1
-0.8766639194097767,0.2891961113298547,1.2475182592413232,-0.24534922242847956,-0.2623642895937493,-0.6756289121933012,0.9387143101003029,-0.3778575407621753,True,False,False,False,True,True,False,False,False,True,False,False,False,False,True,True,False,False,False,False,1284,0
-0.4899060199290818,-1.0945173400091623,0.6199088881807084,1.0747690657816025,0.17975949028419116,-0.8765992891284957,0.8412159397118211,-1.016052011402135,True,False,False,False,True,False,False,True,False,True,False,False,False,False,True,False,False,True,False,False,1285,1
0.4207906733339554,0.2027140206211661,-1.2900381484420265,-0.17305703045507032,-1.2390559124150178,-0.575143723725704,-0.9137547272808515,2.64486354290527,False,False,True,False,True,False,True,False,False,False,True,False,False,True,False,True,False,False,False,False,1286,1
-0.8213304494393644,-0.14321434221358817,-0.9568628033110828,0.14439998647163993,-0.8853568885126654,3.2432934380429908,3.083678458646903,-1.1146820659555832,True,False,False,False,True,False,False,True,False,False,False,True,False,True,False,False,False,False,False,True,1287,0
0.03403277385326042,-1.2674815214265396,0.7632517692254168,1.2224965885098737,0.6902114906887225,0.8316489148206573,2.888681717869939,0.1559051074094273,False,False,True,False,True,False,False,True,True,False,False,False,True,False,False,False,True,False,False,False,1288,0
0.048442531658055316,1.0675349277080517,-2.1655919623907853,-1.0814241382948648,-1.3757123534681994,-0.3741733467905095,-0.8487558136885304,0.028266213281435384,False,False,True,False,True,False,True,False,True,False,False,False,True,False,False,False,False,False,True,False,1289,0
-0.9227751443851204,-1.5269277935526053,0.7400069777046533,1.5368104666551312,1.140373884746262,-0.3741733467905095,-0.9462541840770121,0.5388217897934031,True,False,False,False,True,True,False,False,False,False,True,False,True,False,False,True,False,False,False,False,1290,1
-0.14407183261400447,-0.22969643292227673,0.6547760754618538,0.19469020697488115,-0.575870242598107,-0.977084477596093,-0.4262628753384425,-1.0450608509766786,False,False,True,False,True,True,False,False,True,False,False,False,True,False,False,False,True,False,False,False,1291,0
2.1136490202412594,-1.0080352493004738,1.0383151355544515,0.9867611799009304,1.1725283414646575,-0.7761141006608985,-0.6862585297077273,0.8231084176239306,False,True,False,True,False,False,True,False,False,False,False,True,False,False,True,True,False,False,False,False,1292,0
0.22827630906189564,1.6729095626688717,-1.592220438211952,-1.631473425049066,1.2328179478116494,-0.7761141006608985,-0.8162563568923697,0.24293162613305816,False,False,True,False,True,False,True,False,True,False,False,False,False,True,False,False,False,True,False,False,1293,1
0.36949193554888554,0.8080886555819861,-1.146695267397318,-0.8519750072488268,-0.5557737071491098,-0.977084477596093,-0.6212596161154061,-0.1863991995701874,False,False,True,False,True,True,False,False,False,True,False,False,False,False,True,True,False,False,False,False,1294,1
0.19715123220353872,0.029749839203788972,-1.2164296419596086,-0.006470675038083751,1.273011018709644,-0.7761141006608985,2.238692581946727,-0.18059743165527867,False,False,True,False,True,False,True,False,False,False,True,False,False,True,False,False,False,False,False,True,1295,0
-0.6351563786014143,-1.5269277935526053,1.3095043699633593,1.502235940059153,0.8188293175623051,-0.7761141006608985,-0.4587623321346031,-0.12257975250619144,True,False,False,False,True,True,False,False,True,False,False,False,False,False,True,True,False,False,False,False,1296,0
-0.7988512272638844,-1.5269277935526053,0.6780208669826172,1.5525261605623941,1.0358719004114758,-0.3741733467905095,-0.49126178893076367,-0.5751176498690719,True,False,False,False,True,False,True,False,False,False,False,True,False,False,True,True,False,False,False,False,1297,0
-0.8247887913125151,-0.7485889771744081,0.5346779859379089,0.7321669386032718,0.9474471444358877,0.73116372635306,-0.19876667776531826,0.41118289566541116,True,False,False,False,True,True,False,False,True,False,False,False,False,True,False,True,False,False,False,False,1298,1
-0.4265030855879843,-0.7485889771744081,0.5927899647398177,0.7258806610403665,1.3654550817750315,-0.575143723725704,-0.4587623321346031,-0.5809194177839806,True,False,False,False,True,False,False,True,False,False,True,False,False,False,True,True,False,False,False,False,1299,0
0.3395196393149122,-1.0945173400091623,0.8291120118675801,1.1344887026292014,0.07927681303920471,-0.07271778138771784,-0.19876667776531826,0.10949096409015752,False,False,True,False,True,True,False,False,False,True,False,False,True,False,False,False,True,False,False,False,1300,1
-0.5492742220848368,1.413463290542806,-2.3050607115153663,-1.4083105715659328,-0.3467697384795379,-0.977084477596093,-0.5562607025230849,1.3046551545613547,True,False,False,False,True,True,False,False,True,False,False,False,False,True,False,False,True,False,False,False,1301,1
-0.77176088259087,-0.0567322515048996,-1.1815624546784633,0.10039604353130385,1.1122387351176657,-0.6756289121933012,-0.7837569000962091,1.1828180283482714,True,False,False,False,True,False,True,False,True,False,False,False,False,True,False,False,False,True,False,False,1302,1
-0.8236360106881316,1.3269811998341174,0.17825784928620184,-1.3045869917779978,-1.3033648258518091,0.4297081609502683,-0.5562607025230849,-0.9696378680828651,True,False,False,False,True,True,False,False,True,False,False,False,False,False,True,False,False,False,False,True,1303,0
0.5401034679576574,-0.8350710678830967,0.6082864924203267,0.848463073517017,1.3734936959546304,1.5350452340938379,-0.4587623321346031,3.1844279589917814,False,False,True,False,True,False,False,True,False,True,False,False,False,False,True,False,True,False,False,False,1304,0
2.216246495811399,-1.0080352493004738,0.05815975976225705,1.0433376779670769,0.5133619787375463,0.4297081609502683,0.7437175693233393,0.521416486048677,False,True,False,False,True,True,False,False,False,False,False,True,False,False,True,False,True,False,False,False,1305,0
2.427205350073597,-0.3161785236309653,0.9879514205927974,0.2826980928555533,0.2601456320801803,0.22873778401507386,-0.39376341854228186,-1.016052011402135,False,True,False,False,True,False,False,True,False,False,True,False,False,False,True,False,False,False,True,False,1306,1
0.30666539151997985,1.1540170184167404,-0.867757769148156,-1.1977202732086103,-2.091149015452503,0.02776740707987939,-0.4587623321346031,3.7065870713335665,False,False,True,False,True,True,False,False,False,False,True,False,False,True,False,False,False,False,True,False,1307,0
0.08302595038956315,1.5864274719601832,-1.0924574205155366,-1.6094714535788976,-2.3966163542772616,-0.8765992891284957,-0.19876667776531826,2.0182726080951277,False,False,True,True,False,True,False,False,False,True,False,False,False,False,True,True,False,False,False,False,1308,1
-0.8858861644048455,-0.3161785236309653,-0.9064990883494285,0.33927459092169965,-0.1337464627201666,-0.7761141006608985,0.6137197421386968,-0.8245936702101471,True,False,False,False,True,False,False,True,False,False,False,True,True,False,False,False,True,False,False,False,1309,0
-0.6749273101426483,-0.22969643292227673,-0.07743485744219675,0.21983531722650176,-0.5236192504307141,-0.2736881583229123,0.6137197421386968,1.0261702946457358,True,False,False,False,True,True,False,False,False,True,False,False,True,False,False,False,False,False,True,False,1310,1
-0.046085479541399015,0.9810528369993632,1.0964271143563604,-1.0217045014472659,0.28024216752917763,-0.575143723725704,-0.7512574433000485,-1.1262856017854006,False,False,True,False,True,True,False,False,False,True,False,False,False,False,True,False,False,False,True,False,1311,1
0.204644306262032,0.9810528369993632,0.5579227774586725,-0.9588417258182145,-1.7012762277419555,-0.6756289121933012,-0.3612639617461213,0.7186765951555736,False,False,True,False,True,False,False,True,False,False,False,True,False,False,True,False,False,False,True,False,1312,1
-0.8559138681708721,-0.14321434221358817,-1.084709156675282,0.14125684769018734,-0.2583449825039498,0.4297081609502683,0.3862235445655726,-0.6389370969330679,True,False,False,False,True,False,True,False,False,False,False,True,True,False,False,False,True,False,False,False,1313,1
2.216246495811399,-0.22969643292227673,4.778096034828073e-05,0.21983531722650176,-0.33069251012034007,-0.7761141006608985,-0.39376341854228186,0.18491394698397093,False,True,False,False,True,False,True,False,False,False,False,True,True,False,False,True,False,False,False,False,1314,0
-1.0662963321208774,0.6351244741646089,-1.3830173145250804,-0.6225258762027888,-1.2872875974926112,2.841352684172602,-0.23126613456147885,-0.9058184210188691,True,False,False,False,True,False,True,False,False,False,True,False,False,False,True,False,False,True,False,False,1315,0
-0.006314548000165241,-0.9215531585917853,1.1157977739569966,0.8893238776759006,1.2770303257994433,0.12825259554747662,0.2237262605847696,0.666460683921395,False,False,True,False,True,True,False,False,False,False,False,True,True,False,False,False,True,False,False,False,1316,0
-0.1175578782531818,-1.353963612135228,1.1894062804394145,1.3482221397679768,0.678153569419324,-0.17320296985531508,-0.4587623321346031,0.3879758240057763,False,False,True,False,True,True,False,False,False,True,False,False,False,False,True,False,False,False,False,True,1317,1
-0.061071627658385794,-0.575624795757031,-0.31763103649008634,0.603298248563716,-0.5597930142389093,-0.8765992891284957,-0.9787536408731727,-0.6853512402523376,False,False,True,False,True,False,True,False,False,False,False,True,False,True,False,False,True,False,False,False,1318,0
-0.740635805732513,0.2891961113298547,0.23249569616798335,-0.23906294486557442,1.1042001209380667,-0.7761141006608985,-0.8162563568923697,1.4264922807744378,True,False,False,False,True,False,False,True,False,False,False,True,False,False,True,True,False,False,False,False,1319,1
0.14931083629161956,1.413463290542806,-0.4609739175347946,-1.4114537103473854,-0.5115613291613157,0.02776740707987939,-0.39376341854228186,-0.02394969795274313,False,False,True,False,True,True,False,False,False,True,False,False,False,False,True,False,False,False,False,True,1320,0
-0.021300696117151817,-1.0080352493004738,0.2131250365673471,0.9867611799009304,1.1805669556442564,1.0326192917558517,-0.9137547272808515,-0.6679459365076115,False,False,True,False,True,False,True,False,True,False,False,False,False,False,True,True,False,False,False,False,1321,1
-0.028793770175645307,0.2891961113298547,0.2363698280881106,-0.3082119980575311,-0.7125266836512887,1.8365007994966296,-0.6212596161154061,-0.5403070423796196,False,False,True,False,True,False,True,False,False,False,False,True,True,False,False,False,False,False,True,False,1322,1
-1.0121156427748488,-0.0567322515048996,1.2397699954010688,0.09096662718694612,-0.1618816123487628,-0.575143723725704,0.7437175693233393,0.4924076464741333,True,False,False,False,True,True,False,False,False,False,True,False,False,False,True,False,False,False,True,False,1323,0
-0.49278797149004083,0.6351244741646089,-0.9839817267519736,-0.6602435415802197,0.3646476164149663,-0.2736881583229123,-0.9787536408731727,0.7766942743046608,True,False,False,False,True,False,False,True,True,False,False,False,False,False,True,False,True,False,False,False,1324,0
-0.034557673297563145,-1.353963612135228,0.705139790423508,1.316790751953451,0.9956788295134813,-0.17320296985531508,-0.03626939378451522,-0.8303954381250558,False,False,True,False,True,True,False,False,True,False,False,False,False,False,True,True,False,False,False,False,1325,0
0.011553551677780558,1.3269811998341174,-0.07356072552206949,-1.3360183795925236,-0.6602756914838956,-0.575143723725704,2.5961866067044936,-1.1204838338704919,False,False,True,False,True,False,False,True,False,False,False,True,True,False,False,False,False,True,False,False,1326,0
-0.2714540916083912,1.3269811998341174,-2.0299973451863313,-1.3391615183739762,0.17574018319439172,-0.575143723725704,4.351157273697167,0.7824960422195695,False,False,True,False,True,False,True,False,False,True,False,False,False,True,False,False,False,False,False,True,1327,0
-0.5239130483483977,-0.3161785236309653,1.1855321485192871,0.32670203579588936,-0.5517544000593103,0.5301933494178656,-0.8487558136885304,-0.05876030544219547,True,False,False,True,False,False,True,False,False,False,False,True,False,True,False,True,False,False,False,False,1328,1
0.0738037053944944,0.8080886555819861,-1.3055346761225355,-0.7733965377125124,0.4168986085823592,0.6306785378854628,-0.6537590729115668,-0.19220096748509613,False,False,True,False,True,False,False,True,False,False,True,False,True,False,False,False,False,False,False,True,1329,0
2.1695588805238635,1.5864274719601832,-2.3438020307166387,-1.5906126208901823,1.309184782517839,-0.07271778138771784,-0.3287645049499607,0.1559051074094273,False,True,False,False,True,False,True,False,True,False,False,False,False,False,True,False,False,False,True,False,1330,0
-0.9527474406190938,0.4621602927472318,-1.1195763439564272,-0.427651271752729,-1.6249093930357659,-0.3741733467905095,0.2887251741770908,-0.5751176498690719,True,False,False,True,False,True,False,False,False,True,False,False,True,False,False,False,True,False,False,False,1331,0
-0.6276633045429211,0.9810528369993632,-1.2939122803621537,-0.9714142809440247,0.63394119143153,0.73116372635306,-0.6212596161154061,-0.08776914501673909,True,False,False,False,True,False,False,True,False,False,True,False,False,False,True,False,False,False,False,True,1332,0
-0.6599411620256617,-0.22969643292227673,-0.18978468312588703,0.2669823989482904,-0.9134920381412616,-0.47465853525810675,-0.39376341854228186,4.634869937718962,True,False,False,False,True,True,False,False,False,True,False,False,True,False,False,False,True,False,False,False,1333,0
2.0093223737345443,-1.2674815214265396,1.2785113146023412,1.2979319192647354,0.9193119948072915,2.037471176431824,-0.10126830737683644,1.1538091887737278,False,True,False,False,True,False,True,False,True,False,False,False,True,False,False,False,True,False,False,False,1334,0
2.2462187920453722,1.6729095626688717,-0.898750824509174,-1.7006224782410224,1.3132040896076385,-0.575143723725704,-0.5237612457269243,-0.9174219568486867,False,True,False,False,True,False,True,False,True,False,False,False,False,True,False,False,False,True,False,False,1335,0
2.3816705154104447,-0.0567322515048996,0.2518663557686196,0.07839407206113581,-0.7004687623818903,-0.2736881583229123,-0.5887601593192455,0.057275052855979,False,True,False,False,True,False,False,True,False,False,True,False,False,False,True,False,False,False,True,False,1336,0
0.16660254565737348,0.8945707462906747,1.2203993358004324,-0.8645475623746371,-1.4360019598151912,0.9321341032882544,-0.9462541840770121,-0.8187919022952383,False,False,True,False,True,False,True,False,False,False,True,False,False,False,True,False,False,True,False,False,1337,0
0.3752558386708036,1.240499109125429,1.1739097527589055,-1.2165791058973257,1.168509034374858,-0.977084477596093,0.6462191989348575,0.5504253256232206,False,False,True,False,True,True,False,False,False,False,True,False,False,False,True,False,False,False,True,False,1338,1
0.10608156287723489,-0.8350710678830967,1.2203993358004324,0.8327473796097542,1.1122387351176657,-0.7761141006608985,1.0362126804887848,-0.8129901343803296,False,False,True,False,True,True,False,False,False,False,False,True,False,True,False,False,True,False,False,False,1339,0
0.12222049161860524,-0.3161785236309653,-0.5771978751386122,0.3487040072660574,1.116258042207465,0.6306785378854628,0.8087164829156605,-1.1030785301257657,False,False,True,True,False,False,False,True,False,False,True,False,False,False,True,False,False,False,True,False,1340,1
0.22193601562778592,-0.14321434221358817,-0.25177079384792306,0.1726882355047131,0.5656129709049392,-0.07271778138771784,-0.9137547272808515,-0.8768095814443255,False,False,True,False,True,False,True,False,True,False,False,False,True,False,False,False,False,True,False,False,1341,0
1.7643564910530312,-1.0080352493004738,0.48818840289638193,1.0213357064969089,0.12348919102699875,-0.7761141006608985,-0.7837569000962091,-0.8710078135294168,False,True,False,False,True,False,True,False,True,False,False,False,False,False,True,False,False,False,True,False,1342,1
-0.7665733697811438,-0.6621068864657196,1.1274201697173785,0.6535884690669573,0.6660956481499257,-0.7761141006608985,0.191226803788609,-1.1494926734450355,True,False,False,False,True,False,True,False,True,False,False,False,True,False,False,True,False,False,False,False,1343,0
0.48995751079697086,1.5864274719601832,-2.0493680047869676,-1.6063283147974452,-1.1787663060680258,2.2384415533670183,-0.5562607025230849,1.9370478572864056,False,False,True,False,True,False,False,True,True,False,False,False,False,False,True,False,True,False,False,False,1344,1
0.0524772638433979,-0.575624795757031,1.0305668717141971,0.5467217504975697,0.5977674276233349,-0.2736881583229123,-0.6212596161154061,-1.2017085846792142,False,False,True,False,True,False,True,False,False,False,True,False,False,True,False,False,False,True,False,False,1345,1
-0.9170112412632024,1.1540170184167404,1.0615599270752152,-1.1380006363610113,1.0479298216808743,1.8365007994966296,-0.6212596161154061,0.6954695234959386,True,False,False,False,True,False,False,True,False,False,False,True,True,False,False,False,False,False,False,True,1346,0
2.3315245582497583,-0.4026606143396539,0.875601594909107,0.38327853386203575,1.309184782517839,3.1428082495753937,-0.3287645049499607,-0.7839812948057859,False,True,False,False,True,False,False,True,False,False,False,True,False,False,True,False,False,True,False,False,1347,0
2.0179682284174216,-0.0567322515048996,-0.1510433639246145,0.024960712776442014,0.4128793014925598,0.8316489148206573,0.0937284334001272,-0.5287035065498021,False,True,False,True,False,False,True,False,False,True,False,False,True,False,False,False,False,False,True,False,1348,0
0.039220286662986575,0.4621602927472318,0.20925090464721985,-0.4150787166269187,-0.3186345888509417,-0.47465853525810675,-0.4587623321346031,1.1131968133693668,False,False,True,False,True,False,True,False,False,False,True,False,False,True,False,False,True,False,False,False,1349,0
-0.5388991964653844,-0.8350710678830967,0.6973915265832535,0.8516062122984697,1.1001808138482672,-0.575143723725704,3.148677372239224,-0.6679459365076115,True,False,False,False,True,False,False,True,True,False,False,False,False,False,True,False,True,False,False,False,1350,0
-0.7763720050884043,1.0675349277080517,-1.2474226973206266,-1.1002829709835804,-1.2109207627864216,-0.07271778138771784,-0.13376776417299704,-0.2618221824640008,True,False,False,False,True,False,True,False,False,False,False,True,False,False,True,True,False,False,False,False,1351,0
-0.04435630860482377,0.8945707462906747,-1.2706674888413902,-0.9022652277520681,-0.38294350228773305,0.3292229724826711,-0.19876667776531826,-0.3778575407621753,False,False,True,True,False,False,False,True,False,False,False,True,True,False,False,False,False,True,False,False,1352,0
-0.6927954098205938,-0.9215531585917853,0.1588871896855656,0.9521866533049521,0.34857038805576845,1.3340748571586434,1.2962083348580695,0.6722624518363037,True,False,False,False,True,False,False,True,False,False,True,False,False,False,True,False,False,True,False,False,1353,1
2.358038512610581,-1.6134098842612938,0.8136154841870711,1.649963462787424,1.1564511131054596,3.4442638149781852,-0.6212596161154061,0.13269803574979241,False,True,False,False,True,False,False,True,False,False,False,True,False,False,True,True,False,False,False,False,1354,0
0.38101974179272163,-0.0567322515048996,-0.0038263509597789708,0.10353918231275643,0.8188293175623051,-0.977084477596093,-0.03626939378451522,-0.5635141140392544,False,False,True,False,True,True,False,False,False,True,False,False,False,False,True,False,False,True,False,False,1355,1
0.3585405196172416,-0.8350710678830967,0.11239760664403857,0.8138885469210387,0.035064435051410665,-0.47465853525810675,-0.8487558136885304,-1.1494926734450355,False,False,True,False,True,False,True,False,True,False,False,False,False,False,True,False,True,False,False,False,1356,1
-0.6708925779573057,-1.6134098842612938,0.9143429141103796,1.5745281320325621,1.317223396697438,-0.8765992891284957,-0.4262628753384425,-0.3024345578683619,True,False,False,False,True,True,False,False,False,True,False,False,False,True,False,False,False,False,True,False,1357,1
-0.16539827416510075,-1.4404457028439166,1.1584132250783965,1.4739476910260798,0.581690199264137,-0.7761141006608985,-0.6537590729115668,0.3241563769417803,False,False,True,False,True,True,False,False,False,True,False,False,True,False,False,False,True,False,False,False,1358,1
-0.929691828131422,1.4999453812514947,1.3133785018834865,-1.5246067064796782,-1.0300519437454458,-0.2736881583229123,0.2562257173809302,-0.29083102203854444,True,False,False,False,True,True,False,False,True,False,False,False,False,True,False,False,False,False,False,True,1359,0
-0.018418744556193002,1.6729095626688717,-2.2043332815920578,-1.6629048128635915,-2.3122109053914732,-0.2736881583229123,0.06122897660396659,0.41118289566541116,False,False,True,False,True,False,True,False,False,False,False,True,False,False,True,False,False,False,False,True,1360,1
-0.8236360106881316,1.413463290542806,-2.010626685585695,-1.4554576532877215,-1.3234613613008064,0.5301933494178656,1.6862018164119967,-1.1494926734450355,True,False,False,False,True,True,False,False,False,False,False,True,False,False,True,False,False,True,False,False,1361,0
-0.9458307568727924,1.413463290542806,-1.6580806808541153,-1.3800223225328596,-0.47940687244292,-0.3741733467905095,0.2887251741770908,-0.48228936323053234,True,False,False,True,False,False,False,True,False,False,True,False,True,False,False,False,False,True,False,False,1362,1
0.2899500724664178,-0.14321434221358817,0.8562309353084708,0.1601156803789028,0.8750996168194975,0.02776740707987939,-0.49126178893076367,-0.37205577284726654,False,False,True,False,True,False,False,True,True,False,False,False,False,True,False,True,False,False,False,False,1363,1
-0.7060523870010053,-0.3161785236309653,-0.9258697479500648,0.30470006432572133,-0.2704029037733482,0.3292229724826711,-0.9787536408731727,-0.15739035999564377,True,False,False,False,True,False,False,True,False,True,False,False,False,True,False,False,False,False,True,False,1364,0
0.10147044037970063,-0.8350710678830967,-0.081308989362324,0.8516062122984697,0.19181741155358956,-0.8765992891284957,-0.9462541840770121,-0.19800273540000485,False,False,True,False,True,False,True,False,True,False,False,False,False,False,True,False,False,False,True,False,1365,1
-0.7250732673033344,-0.8350710678830967,0.38358684105294616,0.804459130576681,0.08731542721880363,-0.6756289121933012,-0.3612639617461213,-0.17479566374036995,True,False,False,False,True,True,False,False,True,False,False,False,False,True,False,False,True,False,False,False,1366,0
-0.7429413669812802,0.7216065648732976,0.40295750065358243,-0.6916749293947454,0.6259025772519311,-0.17320296985531508,-0.9137547272808515,1.3104569224762634,True,False,False,False,True,True,False,False,True,False,False,False,False,False,True,False,False,False,True,False,1367,1
0.2259707478131285,-1.180999430717851,0.35646791761205543,1.153347535317917,0.15162434065559496,-0.977084477596093,2.303691495539048,-0.9000166531039604,False,False,True,False,True,False,True,False,False,False,True,False,False,True,False,False,False,False,True,False,1368,1
-0.963698856550738,-0.22969643292227673,1.212651071960178,0.21669217844504918,-0.917511345231061,1.5350452340938379,-0.9137547272808515,1.1422056529439104,True,False,False,False,True,True,False,False,False,False,True,False,False,True,False,False,True,False,False,False,1369,0
1.5925921780198762,-1.353963612135228,0.4533212156152367,1.3199338907349034,0.46513029365995273,-0.07271778138771784,-0.9462541840770121,2.859528955756893,False,True,False,False,True,True,False,False,True,False,False,False,True,False,False,False,False,False,True,False,1370,0
-0.7112398998107313,-0.22969643292227673,0.8058672203468166,0.2386941499152172,0.3123966242475733,0.12825259554747662,0.41872300136173324,0.6548571480915776,True,False,False,False,True,True,False,False,False,False,True,False,False,False,True,False,True,False,False,False,1371,0
-0.6374619398501815,-0.48914270504834245,-0.1045537808830875,0.4901452524314233,-0.41107865191632925,4.75057126505695,0.35372408776941205,-0.3314433974429055,True,False,False,False,True,True,False,False,False,True,False,False,False,False,True,False,False,False,False,True,1372,0
0.16083864253545566,1.5864274719601832,-2.2159556773524396,-1.571753788201467,-2.3925970471874622,-0.575143723725704,-0.49126178893076367,0.6490553801766689,False,False,True,False,True,False,True,False,False,False,False,True,False,True,False,False,False,False,True,False,1373,0
-0.9239279250095039,0.2891961113298547,-1.576723910531443,-0.32078455318334137,1.256933790350446,-0.575143723725704,-0.39376341854228186,1.588941782391882,True,False,False,False,True,False,False,True,False,True,False,False,True,False,False,False,False,False,False,True,1374,1
-0.9913655915359442,0.7216065648732976,-1.0963315524356638,-0.7513945662423444,1.3734936959546304,-0.2736881583229123,0.9712137668964635,-0.7897830627206947,True,False,False,False,True,True,False,False,True,False,False,False,False,True,False,False,False,False,False,True,1375,0
-0.8040387400736105,-0.4026606143396539,-0.8173940541865018,0.3927079502063935,-0.21011329742635632,-0.8765992891284957,-0.13376776417299704,0.11529273200506625,True,False,False,False,True,True,False,False,True,False,False,False,False,True,False,False,False,False,True,False,1376,0
0.5130131232846428,-0.575624795757031,0.13951653008492934,0.5655805831862851,-0.12570784854056768,0.6306785378854628,-0.26376559135763944,-0.3140380936981793,False,False,True,False,True,True,False,False,False,False,True,False,True,False,False,True,False,False,False,False,1377,0
-0.844962452239228,-0.9215531585917853,0.7438811096247805,0.9176121267089737,-0.09355339182217201,0.5301933494178656,1.4587056188388725,-0.5229017386348934,True,False,False,False,True,False,False,True,False,False,True,False,True,False,False,False,False,True,False,False,1378,1
0.12394966255518068,1.6729095626688717,0.6935173946631262,-1.6346165638305183,-2.0831104012729043,1.4345600456262406,-0.881255270484691,0.2719404657076018,False,False,True,False,True,False,True,False,True,False,False,False,False,True,False,False,True,False,False,False,1379,0
-0.7625386375958012,1.1540170184167404,-0.45709978561466735,-1.1882908568642525,-1.5083494874315815,-0.6756289121933012,-0.49126178893076367,-0.9754396359977738,True,False,False,False,True,False,False,True,False,False,True,False,False,True,False,False,False,False,False,True,1380,0
2.1885797608261925,-0.8350710678830967,-0.16266575968499628,0.8013159917952284,-0.14580438398956497,0.02776740707987939,0.32122463097325143,1.7978054273285962,False,True,False,False,True,False,True,False,True,False,False,False,True,False,False,False,False,True,False,False,1381,0
2.430087301634556,0.7216065648732976,-0.2866379811290683,-0.716820039646366,-1.3877702747375977,-0.7761141006608985,1.5237045324311937,-0.43007345199635383,False,True,False,False,True,False,True,False,False,True,False,False,False,True,False,False,False,False,True,False,1382,0
0.08302595038956315,-0.14321434221358817,0.6315312839410903,0.12239801500147189,-0.9215306523208605,-0.2736881583229123,-0.03626939378451522,1.6759683011155129,False,False,True,False,True,False,False,True,False,True,False,False,False,False,True,True,False,False,False,False,1383,0
0.34931827462217285,-0.575624795757031,-0.019322878640287977,0.6064413873451686,0.7625590183051126,1.8365007994966296,0.06122897660396659,1.5019152636682513,False,False,True,False,True,False,False,True,False,False,False,True,False,True,False,False,False,False,False,True,1384,0
-0.5463922705238778,-0.575624795757031,1.2010286761997961,0.6001551097822635,-0.10561131309157039,-0.6756289121933012,0.45122245815789386,-0.2618221824640008,True,False,False,False,True,True,False,False,False,True,False,False,False,False,True,True,False,False,False,False,1385,0
-0.6951009710693611,0.7216065648732976,0.6470278116215993,-0.7042474845205557,0.9836209082440829,-0.6756289121933012,0.06122897660396659,-0.8419989739548732,True,False,False,False,True,False,True,False,False,True,False,False,False,True,False,False,True,False,False,False,1386,0
-0.8247887913125151,-0.6621068864657196,-0.27114145344855933,0.6347296363782419,0.039083742141210125,-0.47465853525810675,-0.8487558136885304,-1.0450608509766786,True,False,False,False,True,False,True,False,False,False,True,False,False,False,True,False,True,False,False,False,1387,0
-0.7043232160644298,-0.4026606143396539,-0.21302947464665054,0.40213736655075116,-0.5678316284185081,0.3292229724826711,-0.3612639617461213,0.21392278655851454,True,False,False,False,True,True,False,False,False,False,True,False,False,False,True,True,False,False,False,False,1388,1
-0.6547536492159355,1.0675349277080517,-1.7510598469371692,-1.0782809995134124,-1.5887356292275707,-0.17320296985531508,-0.16626722096915764,0.9101349363475614,True,False,False,False,True,False,True,False,False,True,False,False,False,False,True,False,True,False,False,False,1389,1
0.18792898720846998,0.8080886555819861,-1.3520242591640623,-0.8016847867455856,0.4691496007497522,-0.6756289121933012,-0.8162563568923697,-0.5345052744647109,False,False,True,True,False,False,True,False,False,False,False,True,True,False,False,True,False,False,False,False,1390,0
2.2427604501722223,-1.353963612135228,0.8252378799474528,1.354508417330882,0.5173812858273457,-0.977084477596093,-0.29626504815380006,-0.25021864663418336,False,True,False,True,False,False,False,True,True,False,False,False,True,False,False,False,False,True,False,False,1391,0
2.0986628721242733,-1.5269277935526053,1.2320217315608142,1.508522217622058,1.220760026542251,-0.3741733467905095,-0.7187579865038879,-0.6215317931883417,False,True,False,False,True,True,False,False,False,False,False,True,True,False,False,False,False,True,False,False,1392,0
-0.5636839798896317,-0.22969643292227673,1.3017561061231047,0.26383926016683784,-0.16590091943856228,-0.3741733467905095,-0.49126178893076367,0.9623508475817399,True,False,False,True,False,False,True,False,False,True,False,False,True,False,False,False,True,False,False,False,1393,1
-0.8812750419073112,-1.0080352493004738,0.9724548929122884,1.0087631513710984,1.1363545776564623,-0.977084477596093,-0.0037699369883546193,-0.3778575407621753,True,False,False,False,True,True,False,False,False,True,False,False,False,False,True,False,False,False,False,True,1394,0
-0.8403513297416936,0.029749839203788972,1.1119236420368694,0.01867443521353686,0.3405317738761695,0.02776740707987939,-0.9787536408731727,1.1015932775395494,True,False,False,False,True,False,True,False,True,False,False,False,False,False,True,False,False,True,False,False,1395,1
-0.5855868117529199,-0.7485889771744081,-0.05419006592143324,0.7918865754508707,-0.14178507689976552,-0.977084477596093,0.1262278901962878,-1.248122727998484,True,False,False,False,True,True,False,False,False,False,False,True,False,False,True,False,True,False,False,False,1396,1
-0.1250509523116751,1.3269811998341174,-1.77817877037806,-1.3171595469038082,-2.022820794925912,0.5301933494178656,1.3612072484503908,0.45759703898468096,False,False,True,False,True,False,False,True,False,True,False,False,False,False,True,False,False,False,True,False,1397,0
-0.09853699795085244,-0.9215531585917853,0.4843142709762547,0.9427572369605943,0.4771882149293511,-0.8765992891284957,-0.7837569000962091,0.7012712914108473,False,False,True,False,True,True,False,False,True,False,False,False,False,True,False,True,False,False,False,False,1398,1
-0.6956773613815529,0.5486423834559204,-1.1389470035570637,-0.5565199617922846,0.581690199264137,-0.47465853525810675,1.1987099644695878,2.221334485116933,True,False,False,False,True,False,True,False,True,False,False,False,False,False,True,False,False,False,True,False,1399,0
-0.9562057824922446,-0.4026606143396539,0.15113892584531108,0.373849117517678,0.5093426716477468,-0.3741733467905095,0.5812202853425362,-0.9986467076574087,True,False,False,False,True,False,True,False,False,True,False,False,False,True,False,False,True,False,False,False,1400,1
0.011553551677780558,0.2027140206211661,-0.8328905818670107,-0.17934330801797546,-1.4360019598151912,-0.8765992891284957,-0.7512574433000485,-0.9812414039126826,False,False,True,False,True,False,True,False,False,False,False,True,True,False,False,False,True,False,False,False,1401,0
2.431816472571131,1.5864274719601832,-0.20528121080639605,-1.5466086779498462,-2.3644618975588663,-0.7761141006608985,2.8561822610737786,-1.2075103525941229,False,True,False,False,True,False,False,True,False,True,False,False,False,True,False,False,False,False,True,False,1402,1
-0.8576430391074475,0.2027140206211661,-1.1776883227583361,-0.16991389167361773,0.3686669235047657,-0.8765992891284957,0.6137197421386968,-0.8710078135294168,True,False,False,False,True,False,False,True,False,False,False,True,False,False,True,True,False,False,False,False,1403,0
-0.45359343026099874,-0.7485889771744081,-0.2633931896083048,0.7824571591065129,-0.11766923436096877,-0.7761141006608985,-0.9462541840770121,-0.4010646124218102,True,False,False,False,True,False,True,False,False,False,True,False,False,False,True,False,False,False,True,False,1404,0
0.4853463882994366,-1.2674815214265396,0.39133510489320067,1.2287828660727789,1.1484124989258606,-0.17320296985531508,-0.9787536408731727,-1.1959068167643054,False,False,True,False,True,False,True,False,True,False,False,False,False,True,False,False,False,False,True,False,1405,0
2.178781125518933,-0.48914270504834245,0.2712370153692559,0.49957466877578105,0.14358572647599604,-0.17320296985531508,-0.881255270484691,-0.6505406327628853,False,True,False,False,True,False,False,True,True,False,False,False,False,True,False,True,False,False,False,False,1406,0
0.2086790384473746,0.11623192991247754,-0.05419006592143324,-0.14162564264054453,-1.1425925422598306,-0.2736881583229123,-0.7187579865038879,0.14430157157960985,False,False,True,False,True,False,True,False,False,False,True,False,False,True,False,True,False,False,False,False,1407,1
1.835828889764814,0.4621602927472318,0.011670176720730036,-0.449653243222897,-0.6200826205859011,0.12825259554747662,-0.6862585297077273,-0.8942148851890517,False,True,False,False,True,False,True,False,True,False,False,False,False,False,True,False,False,False,True,False,1408,1
2.378788563849486,0.2891961113298547,0.7632517692254168,-0.2893531653688156,-1.3033648258518091,0.12825259554747662,1.0362126804887848,0.7186765951555736,False,True,False,False,True,False,False,True,False,False,True,False,False,False,True,False,True,False,False,False,1409,0
2.2427604501722223,-0.7485889771744081,0.705139790423508,0.7070218283516511,0.09535404139840255,-0.07271778138771784,1.8486991003928,-1.2365191921686665,False,True,False,False,True,True,False,False,True,False,False,False,False,False,True,False,True,False,False,False,1410,0
2.4243233985126373,-1.180999430717851,1.0150703440336881,1.1470612577550119,1.0680263571298716,-0.977084477596093,2.40118986592753,1.1538091887737278,False,True,False,True,False,False,True,False,False,False,True,False,True,False,False,False,False,True,False,False,1411,1
-0.8224832300637479,0.2891961113298547,-0.23627426616741404,-0.24220608364702698,0.10339265557800147,0.8316489148206573,0.2562257173809302,3.149617351502329,True,False,False,False,True,False,False,True,True,False,False,False,True,False,False,False,False,True,False,False,1412,0
0.204644306262032,-0.8350710678830967,0.35646791761205543,0.848463073517017,0.7062887190479202,-0.6756289121933012,-0.7512574433000485,-0.3082363257832706,False,False,True,False,True,False,False,True,True,False,False,False,False,False,True,False,False,False,False,True,1413,0
-0.5896215439382625,0.029749839203788972,0.5424262497781634,-0.012756952600988903,0.93136991607669,1.5350452340938379,0.2562257173809302,0.09788742826034007,True,False,False,True,False,True,False,False,False,True,False,False,True,False,False,True,False,False,False,False,1414,1
2.016239057480846,1.3269811998341174,1.1932804123595417,-1.3580203510626916,-1.6329480072153646,-0.6756289121933012,-0.06876885058067583,1.5773382465620647,False,True,False,False,True,True,False,False,False,False,True,False,False,False,True,False,True,False,False,False,1415,0
-0.726226047927718,1.0675349277080517,0.7903706926663076,-1.0562790280432444,0.7987327821133078,0.12825259554747662,0.7762170261194999,0.9623508475817399,True,False,False,True,False,False,False,True,False,False,True,False,True,False,False,True,False,False,False,False,1416,1
-0.10257173013619503,0.029749839203788972,-0.019322878640287977,-0.04418834041551467,-0.9617237232188551,0.12825259554747662,-0.13376776417299704,-0.46488405948580613,False,False,True,False,True,False,True,False,True,False,False,False,False,False,True,False,False,False,False,True,1417,1
-0.16828022572605977,0.2891961113298547,0.22474743232772887,-0.32078455318334137,1.256933790350446,-0.575143723725704,-0.7512574433000485,-0.47648759531562357,False,False,True,False,True,False,False,True,True,False,False,False,False,True,False,False,False,False,True,False,1418,0
2.3292189970009916,1.3269811998341174,-2.0454938728668406,-1.3328752408110711,0.7947134750235083,-0.977084477596093,-0.23126613456147885,0.24293162613305816,False,True,False,False,True,False,False,True,True,False,False,False,False,False,True,True,False,False,False,False,1419,0
0.24960275061299214,-0.4026606143396539,-0.2014070788862688,0.4147099216765615,0.6620763410601262,-0.47465853525810675,-0.9462541840770121,-0.23861511080436593,False,False,True,False,True,False,False,True,False,True,False,False,False,True,False,False,False,False,True,False,1420,0
-0.7285316091764853,-0.3161785236309653,0.37583857721269165,0.29212750919991104,0.027025820871811747,-0.8765992891284957,-0.8487558136885304,-1.0914749942959483,True,False,False,False,True,True,False,False,False,False,False,True,False,False,True,False,False,True,False,False,1421,0
-0.726226047927718,1.3269811998341174,-1.7704305065378056,-1.3737360449699545,0.48120752201915057,-0.2736881583229123,-0.5237612457269243,0.5910377010275816,True,False,False,True,False,False,False,True,False,False,True,False,True,False,False,False,False,True,False,False,1422,0
-0.7210385351179919,-1.0080352493004738,1.2707630507620866,1.011906290152551,0.8469644671909013,0.73116372635306,0.1262278901962878,-0.9696378680828651,True,False,False,True,False,True,False,False,False,False,False,True,False,True,False,False,False,True,False,False,1423,1
-0.8939556287755306,-0.14321434221358817,-0.7747786030651019,0.15382940281599766,-0.5437157858797114,-0.8765992891284957,-0.16626722096915764,-0.7375671514865162,True,False,False,False,True,False,False,True,False,False,False,True,False,True,False,False,False,True,False,False,1424,0
-0.013231231746466643,-0.575624795757031,0.5772934370593087,0.5907256934379058,0.45307237239055437,-0.8765992891284957,-0.4262628753384425,-1.0334573151468611,False,False,True,True,False,False,False,True,False,True,False,False,False,False,True,False,False,False,True,False,1425,1
0.23173465093504655,-1.4404457028439166,1.3288750295639955,1.3953692214897653,0.48120752201915057,-0.977084477596093,-0.23126613456147885,-0.018147930037834405,False,False,True,False,True,False,True,False,True,False,False,False,False,False,True,True,False,False,False,False,1426,0
0.15276917816477048,-0.14321434221358817,1.2397699954010688,0.1318274313458296,-0.4030400377367303,-0.8765992891284957,-0.6537590729115668,0.06887858868579645,False,False,True,True,False,False,False,True,False,False,True,False,False,False,True,False,False,False,True,False,1427,1
0.21847767375463523,-1.5269277935526053,1.2165252038803052,1.5210947727478683,0.7585397112153133,1.133104480223449,-0.9787536408731727,-0.3604522370174491,False,False,True,False,True,False,False,True,False,True,False,False,True,False,False,True,False,False,False,False,1428,1
-0.6916426291962103,1.3269811998341174,0.5385521178580363,-1.3077301305594504,-0.037283092564979595,1.2335896686910461,-0.5237612457269243,1.3046551545613547,True,False,False,True,False,False,False,True,True,False,False,False,True,False,False,False,False,False,False,True,1429,1
2.069843356514683,1.5864274719601832,-1.8827803322214958,-1.571753788201467,-1.5806970150479718,-0.3741733467905095,-0.29626504815380006,-0.9348272605934128,False,True,False,False,True,False,True,False,False,False,True,False,True,False,False,True,False,False,False,False,1430,0
-0.7198857544936084,-1.0080352493004738,1.1119236420368694,0.9679023472122149,1.0318525933216764,-0.07271778138771784,-0.29626504815380006,-0.6505406327628853,True,False,False,False,True,False,False,True,False,True,False,False,False,False,True,False,False,True,False,False,1431,1
-0.8190248881905973,-1.180999430717851,0.67414673506249,1.2036377558211582,0.4691496007497522,-0.6756289121933012,-0.49126178893076367,-0.1863991995701874,True,False,False,False,True,False,False,True,False,False,True,False,False,True,False,True,False,False,False,False,1432,1
0.08878985351148118,-0.6621068864657196,0.8213637480273256,0.6661610241927676,0.43699514403135653,-0.3741733467905095,-0.9787536408731727,-0.952232564338139,False,False,True,False,True,False,False,True,False,True,False,False,True,False,False,False,True,False,False,False,1433,0
0.055935605716548806,1.1540170184167404,-0.10067964896296025,-1.1285712200166536,1.1805669556442564,0.73116372635306,-0.5562607025230849,-0.9696378680828651,False,False,True,False,True,False,False,True,False,False,False,True,False,False,True,False,True,False,False,False,1434,0
-0.8403513297416936,-1.353963612135228,1.3327491614841227,1.3670809724566921,1.3132040896076385,-0.07271778138771784,-0.3287645049499607,0.48660587855922455,True,False,False,False,True,False,True,False,False,False,False,True,True,False,False,False,False,True,False,False,1435,1
0.11011629506257747,1.6729095626688717,0.4610694794554912,-1.7163381721482853,-1.4480598810845895,-0.977084477596093,1.101211594081106,0.4169846635803199,False,False,True,False,True,True,False,False,False,True,False,False,False,False,True,False,False,False,True,False,1436,0
-0.5354408545922337,1.1540170184167404,-2.0338714771064588,-1.1442869139239165,-1.600793550496969,1.2335896686910461,0.2887251741770908,-0.5751176498690719,True,False,False,False,True,False,False,True,False,True,False,False,False,False,True,False,False,True,False,False,1437,1
-0.5360172449044255,-1.353963612135228,0.4533212156152367,1.3262201682978088,0.7424624828561154,-0.17320296985531508,-0.881255270484691,-0.7839812948057859,True,False,False,False,True,False,False,True,False,False,False,True,True,False,False,False,True,False,False,False,1438,0
0.1735192294036751,-0.9215531585917853,1.0189444759538153,0.8893238776759006,0.7665783253949121,-0.8765992891284957,-0.6537590729115668,-0.37205577284726654,False,False,True,False,True,False,True,False,True,False,False,False,True,False,False,False,False,False,True,False,1439,0
-0.8403513297416936,-1.0945173400091623,0.4843142709762547,1.1282024250662963,0.6138446559825327,-0.8765992891284957,0.9062148533041423,-0.16319212791055251,True,False,False,False,True,False,False,True,False,False,True,False,False,True,False,False,True,False,False,False,1440,1
0.06803980227257636,0.5486423834559204,-0.8290164499468835,-0.5376611291035692,1.0961615067584678,-0.575143723725704,-0.5887601593192455,0.03986974911125283,False,False,True,False,True,False,False,True,False,False,True,False,True,False,False,True,False,False,False,False,1441,0
-0.7786775663371714,-1.5269277935526053,0.9879514205927974,1.5336673278736788,0.8951961522684948,1.133104480223449,-0.9787536408731727,-0.43007345199635383,True,False,False,False,True,False,False,True,True,False,False,False,False,False,True,True,False,False,False,False,1442,0
-0.940643244063066,-0.22969643292227673,0.596664096659945,0.2009764845377863,-0.8813375814228659,1.635530422561435,-0.7187579865038879,-1.1668979771897618,True,False,False,False,True,True,False,False,False,False,False,True,False,True,False,False,True,False,False,False,1443,1
0.3441307618124467,-1.4404457028439166,0.6237830201008358,1.464518274681722,1.2368372549014488,0.6306785378854628,1.003713223692624,-0.9754396359977738,False,False,True,False,True,False,False,True,True,False,False,False,True,False,False,False,True,False,False,False,1444,0
-0.0789397273363314,0.8945707462906747,0.14726479392518382,-0.9022652277520681,-0.92554995941066,1.635530422561435,-0.8487558136885304,-0.8768095814443255,False,False,True,False,True,False,False,True,True,False,False,False,False,True,False,False,True,False,False,False,1445,1
2.3130800682596213,-0.9215531585917853,0.28285941112963764,0.9396140981791418,1.2368372549014488,0.5301933494178656,-0.3612639617461213,-0.8187919022952383,False,True,False,False,True,False,False,True,False,False,False,True,False,False,True,True,False,False,False,False,1446,0
-0.4063294246612715,-1.6134098842612938,1.1855321485192871,1.5745281320325621,1.0197946720522781,-0.7761141006608985,-0.9462541840770121,-0.0413550016974693,True,False,False,False,True,False,True,False,True,False,False,False,False,False,True,False,False,True,False,False,1447,0
-0.5412047577141517,1.4999453812514947,0.9298394417908886,-1.534036122824036,-1.7374499915501507,1.635530422561435,-0.881255270484691,1.4555011203489814,True,False,False,False,True,False,False,True,False,True,False,False,False,False,True,False,False,True,False,False,1448,1
-0.7654205891567603,1.1540170184167404,0.1821319812063291,-1.1788614405198947,-1.7977395978971424,0.73116372635306,0.2887251741770908,-0.5635141140392544,True,False,False,False,True,False,True,False,True,False,False,False,True,False,False,False,False,True,False,False,1449,0
0.03287999322887685,0.2891961113298547,-1.5186119317295341,-0.26420805511719503,-0.5557737071491098,-0.3741733467905095,0.5487208285463757,-0.9174219568486867,False,False,True,False,True,True,False,False,True,False,False,False,False,True,False,False,False,True,False,False,1450,1
1.9199818753448161,1.240499109125429,-1.390765578365335,-1.2794418815263773,0.6178639630723322,-0.07271778138771784,-0.8487558136885304,-0.4532805236559887,False,True,False,False,True,True,False,False,False,False,False,True,True,False,False,True,False,False,False,False,1451,0
-0.8046151303858023,0.2027140206211661,0.1821319812063291,-0.20448841826959607,1.0519491287706737,0.12825259554747662,-0.9787536408731727,1.23503393958245,True,False,False,False,True,False,True,False,False,True,False,False,False,True,False,False,False,False,True,False,1452,0
2.3776357832251027,1.6729095626688717,-1.1854365865985905,-1.6880499231152122,-1.7776430624481452,0.73116372635306,-0.8162563568923697,0.1733104111541535,False,True,False,False,True,False,False,True,False,False,True,False,False,True,False,True,False,False,False,False,1453,1
0.04267862853613748,-0.7485889771744081,-0.02319701056041523,0.7321669386032718,0.08329612012900417,-0.47465853525810675,0.2887251741770908,1.1886197962631802,False,False,True,False,True,False,False,True,False,False,True,False,False,False,True,False,False,True,False,False,1454,0
-0.8513027456733377,1.5864274719601832,-0.16653989160512353,-1.5434655391683936,-1.8620485113339338,0.9321341032882544,-0.881255270484691,-0.8594042776995994,True,False,False,False,True,True,False,False,True,False,False,False,True,False,False,False,False,False,True,False,1455,1
-0.5152671936655208,-1.0080352493004738,0.7710000330656713,1.005620012589646,0.3927827660435625,-0.17320296985531508,-0.3287645049499607,0.3705705202610501,True,False,False,False,True,True,False,False,False,False,True,False,False,False,True,False,False,False,False,True,1456,1
-1.0011642268432046,-0.9215531585917853,0.02329257248111179,0.9396140981791418,0.32043523842717225,-0.7761141006608985,-0.39376341854228186,-0.279227486208727,True,False,False,False,True,False,False,True,True,False,False,False,False,True,False,True,False,False,False,False,1457,0
0.0738037053944944,-1.4404457028439166,0.9375877056311431,1.4079417766155757,0.7947134750235083,0.6306785378854628,-0.23126613456147885,-0.6911530081672463,False,False,True,False,True,True,False,False,False,False,True,False,True,False,False,False,True,False,False,False,1458,1
-0.698559312942512,-0.9215531585917853,0.4804401390561274,0.9301846818347841,0.09535404139840255,0.22873778401507386,1.5562039892273545,-0.551910578209437,True,False,False,False,True,False,False,True,False,True,False,False,False,True,False,False,False,False,True,False,1459,0
2.268698014220852,-0.7485889771744081,1.18165801659916,0.7070218283516511,1.3453585463260342,0.12825259554747662,-0.9462541840770121,-1.0856732263810396,False,True,False,False,True,True,False,False,False,False,False,True,True,False,False,False,True,False,False,False,1460,0
-0.9585113437410118,-0.3161785236309653,1.2862595784425956,0.2889843704184584,0.25210701790058143,0.22873778401507386,-0.7187579865038879,0.09208566034543135,True,False,False,False,True,False,False,True,True,False,False,False,True,False,False,False,True,False,False,False,1461,1
-0.684149555137717,0.37567820203854324,-1.220303773879736,-0.34278652465350945,-1.4038475030967956,0.4297081609502683,-0.7187579865038879,1.1770162604333627,True,False,False,False,True,False,True,False,False,True,False,False,False,False,True,False,False,True,False,False,1462,1
-0.5550381252067548,-0.6621068864657196,0.8562309353084708,0.6221570812524315,-0.4472524157245244,-0.2736881583229123,-0.03626939378451522,-0.39526284450690147,True,False,False,False,True,False,True,False,False,True,False,False,False,False,True,False,False,True,False,False,1463,1
2.0617738921439983,-0.4026606143396539,0.015544308640857285,0.3989942277692986,-0.5557737071491098,0.5301933494178656,0.7762170261194999,0.2777422336225105,False,True,False,False,True,False,True,False,False,True,False,False,True,False,False,True,False,False,False,False,1464,1
-0.7498580507275817,-0.575624795757031,0.9647066290720339,0.5750099995306429,-0.4070593448265298,0.5301933494178656,-0.7512574433000485,-0.9638361001679564,True,False,False,False,True,False,True,False,False,False,False,True,False,True,False,False,False,False,True,False,1465,1
0.10377600162846776,-0.7485889771744081,-0.03481940632079698,0.7793140203250604,0.6379604985213294,-0.977084477596093,-0.4262628753384425,2.5114228808623693,False,False,True,False,True,True,False,False,False,False,False,True,True,False,False,False,False,True,False,False,1466,1
-0.9527474406190938,-0.9215531585917853,-0.20915534272652328,0.9207552654904263,0.35660900223536734,-0.17320296985531508,-0.9787536408731727,-0.9348272605934128,True,False,False,False,True,False,False,True,False,False,False,True,True,False,False,False,False,True,False,False,1467,1
-0.5573436864555219,-1.0080352493004738,0.046537364001875296,0.9961905962452882,0.7062887190479202,0.5301933494178656,1.6212029028196757,-1.1262856017854006,True,False,False,False,True,False,False,True,True,False,False,False,False,True,False,False,False,True,False,False,1468,0
-1.0945394574182756,-0.3161785236309653,1.1312943016375057,0.3361314521402471,0.6741342623295246,5.052026830459741,0.32122463097325143,-0.43587521991126255,True,False,False,False,True,False,False,True,False,True,False,False,False,True,False,False,False,False,False,True,1469,0
0.10608156287723489,-0.48914270504834245,1.0344410036343243,0.5278629178088543,-0.6723336127532941,1.0326192917558517,-0.49126178893076367,-0.2850292541236357,False,False,True,False,True,False,False,True,False,True,False,False,True,False,False,False,False,False,True,False,1470,1
-0.027640989551261538,1.240499109125429,-1.8401648811000961,-1.2700124651820195,-0.09757269891197147,-0.8765992891284957,-0.6862585297077273,0.06307682077088773,False,False,True,False,True,True,False,False,False,True,False,False,False,True,False,False,True,False,False,False,1471,0
2.0542808180855046,0.5486423834559204,-1.1505693993174453,-0.5470905454479269,-0.4231365731857276,0.3292229724826711,0.7112181125271787,-1.1204838338704919,False,True,False,False,True,False,True,False,False,False,True,False,True,False,False,False,False,False,False,True,1472,1
0.17697757127682578,1.1540170184167404,-0.2750155853686866,-1.1285712200166536,-1.9022415822319285,-0.7761141006608985,-0.6862585297077273,0.08628389243052262,False,False,True,False,True,True,False,False,False,True,False,False,False,True,False,False,False,False,False,True,1473,1
0.03403277385326042,-1.6134098842612938,0.7787482969059258,1.6091026586285406,1.361435774685232,-0.977084477596093,2.076195297965924,0.10949096409015752,False,False,True,False,True,False,True,False,False,False,False,True,False,True,False,False,False,False,False,True,1474,0
-0.08585641108263299,-1.6134098842612938,1.1739097527589055,1.5808144095954673,1.0358719004114758,2.7408674957050048,1.8161996435966392,-1.2829333354879362,False,False,True,False,True,True,False,False,False,True,False,False,False,True,False,False,True,False,False,False,1475,0
0.11530380787230363,-1.2674815214265396,0.3409713899315464,1.3042181968276407,0.9755822940644839,-0.2736881583229123,-0.6862585297077273,0.6780642197512124,False,False,True,False,True,True,False,False,False,True,False,False,False,False,True,False,False,False,False,True,1476,1
-0.9602405146775872,1.240499109125429,-0.36412061953161334,-1.2322947998045886,0.023006513782012288,-0.977084477596093,-0.9462541840770121,0.010860909536709214,True,False,False,False,True,True,False,False,True,False,False,False,False,False,True,False,True,False,False,False,1477,1
0.43001291832902416,1.5864274719601832,-1.8052976938189509,-1.6031851760159925,-1.214940069876221,-0.47465853525810675,1.9786969275774422,-0.4590822915708974,False,False,True,False,True,False,False,True,False,True,False,False,False,False,True,False,False,True,False,False,1478,0
2.163794977401946,-0.3161785236309653,1.0925529824362332,0.3455608684846048,-0.1337464627201666,1.2335896686910461,-0.03626939378451522,-0.3778575407621753,False,True,False,False,True,False,False,True,False,False,False,True,False,False,True,False,False,False,True,False,1479,0
0.0703453635213437,-0.575624795757031,-0.635309853940521,0.5624374444048326,0.537477821276343,-0.7761141006608985,-0.3287645049499607,-0.6215317931883417,False,False,True,False,True,False,False,True,False,True,False,False,True,False,False,False,True,False,False,False,1480,0
-0.7579275150982668,0.2027140206211661,-1.4178845018062256,-0.1887727243623332,-1.013974715386248,0.3292229724826711,0.028729519807805987,-1.1320873697003093,True,False,False,True,False,True,False,False,True,False,False,False,True,False,False,False,False,False,False,True,1481,1
-0.7285316091764853,-1.4404457028439166,1.1584132250783965,1.4299437480857438,1.212721412362652,-0.47465853525810675,-0.9787536408731727,-0.8594042776995994,True,False,False,True,False,False,False,True,False,False,True,False,True,False,False,False,False,False,False,True,1482,0
2.0802183821341353,-0.14321434221358817,-0.728289020023575,0.13811370890873476,-0.2663835966835487,0.12825259554747662,-0.4587623321346031,-0.8303954381250558,False,True,False,False,True,False,False,True,False,True,False,False,False,True,False,False,True,False,False,False,1483,0
-0.8853097740926538,-0.48914270504834245,-0.015448746720160724,0.5058609463386862,-0.08149547055277363,-0.7761141006608985,-0.6862585297077273,1.130602117114093,True,False,False,False,True,False,False,True,False,False,False,True,False,True,False,False,True,False,False,False,1484,1
0.2576722149836773,-1.180999430717851,1.1739097527589055,1.1847789231324428,0.4731689078395517,-0.2736881583229123,-0.6537590729115668,1.1828180283482714,False,False,True,False,True,False,True,False,False,True,False,False,False,True,False,False,False,False,False,True,1485,0
-0.41036415684661404,-1.5269277935526053,0.8136154841870711,1.5556692993438468,1.273011018709644,1.4345600456262406,0.2562257173809302,0.45759703898468096,True,False,False,False,True,False,True,False,True,False,False,False,False,False,True,True,False,False,False,False,1486,1
0.16372059409641446,-0.6621068864657196,0.2673628834491286,0.6504453302855048,0.13554711229639713,-0.7761141006608985,1.166210507673427,1.571536478647156,False,False,True,False,True,False,True,False,False,True,False,False,False,True,False,False,True,False,False,False,1487,0
0.1977276225157304,-1.0945173400091623,0.34484552185167366,1.109343592377581,0.17574018319439172,-0.7761141006608985,0.2887251741770908,-0.47068582740071485,False,False,True,True,False,False,False,True,False,False,False,True,False,False,True,False,False,False,False,True,1488,1
-0.4576281624463412,0.6351244741646089,0.8794757268292344,-0.6036670435140733,-0.10963062018136985,0.6306785378854628,-0.6862585297077273,1.2930516187315373,True,False,False,False,True,False,True,False,False,False,True,False,False,False,True,False,False,False,True,False,1489,1
0.2547902634227183,0.8080886555819861,-0.4416032579341584,-0.8299730357786588,0.4972847503783484,-0.8765992891284957,1.7187012732081575,-0.17479566374036995,False,False,True,False,True,False,True,False,False,False,False,True,False,False,True,False,False,False,False,True,1490,0
0.08417873101394671,-1.6134098842612938,1.0886788505161058,1.590243825939825,1.0961615067584678,-0.7761141006608985,-0.23126613456147885,-0.8826113493592342,False,False,True,False,True,False,False,True,True,False,False,False,False,True,False,False,False,True,False,False,1491,1
-1.0069281299651227,-0.0567322515048996,0.25574048768874685,0.03753326790225232,0.5214005929171451,-0.977084477596093,-0.23126613456147885,-0.11097621667637399,True,False,False,False,True,False,True,False,False,False,False,True,False,False,True,False,False,False,False,True,1492,0
0.18216508408655194,1.240499109125429,-2.1113541155090036,-1.2605830488376617,-1.6570638497541614,-0.2736881583229123,-0.9137547272808515,-0.9000166531039604,False,False,True,False,True,False,False,True,False,False,False,True,False,False,True,True,False,False,False,False,1493,0
2.3920455410298973,1.3269811998341174,-0.41835846641339486,-1.3643066286255967,-2.0509559445545085,-0.977084477596093,2.5961866067044936,0.2835440015374192,False,True,False,False,True,False,True,False,True,False,False,False,False,True,False,False,True,False,False,False,1494,1
-0.472614310563328,-1.6134098842612938,1.0693081909154696,1.6531066015688767,0.8670610026398986,-0.575143723725704,-0.16626722096915764,-1.2191138884239403,True,False,False,True,False,False,False,True,False,False,True,False,False,True,False,False,False,True,False,False,1495,0
1.7459120010628937,-1.4404457028439166,1.2978819742029775,1.404798637834123,0.5173812858273457,4.248145322718963,-0.6537590729115668,0.3821740560908675,False,True,False,False,True,False,True,False,False,False,True,False,False,False,True,False,False,False,False,True,1496,0
-0.8023095691370351,0.6351244741646089,0.05815975976225705,-0.5973807659511682,-1.7052955348317549,1.0326192917558517,-0.3287645049499607,-0.9812414039126826,True,False,False,False,True,False,True,False,False,False,True,False,False,True,False,True,False,False,False,False,1497,1
-0.940643244063066,-1.0945173400091623,0.44944708369510944,1.115629869940486,0.537477821276343,-0.7761141006608985,-0.06876885058067583,-0.7027565439970638,True,False,False,False,True,False,False,True,False,False,False,True,False,True,False,False,False,False,False,True,1498,0
2.156878293655644,0.2027140206211661,-1.100205684355791,-0.22963352852121668,-0.11766923436096877,1.3340748571586434,0.2562257173809302,-0.29663278995345316,False,True,False,False,True,False,False,True,False,False,True,False,True,False,False,False,False,False,True,False,1499,1
2.2467951823575643,0.4621602927472318,-0.2169036065667778,-0.44651010444144446,-0.19001676197735903,-0.8765992891284957,1.751200730004318,-0.10517444876146527,False,True,False,False,True,False,False,True,False,True,False,False,True,False,False,True,False,False,False,False,1500,0
-0.8288235234978577,-0.6621068864657196,1.3211267657237409,0.6975924120072934,1.1725283414646575,1.0326192917558517,-0.5562607025230849,0.7012712914108473,True,False,False,False,True,True,False,False,False,True,False,False,False,False,True,False,False,False,False,True,1501,0
-0.46339206556825924,-1.4404457028439166,1.057685795155088,1.4519457195559118,0.7263852544969176,-0.575143723725704,-0.5887601593192455,0.028266213281435384,True,False,False,False,True,False,False,True,False,False,False,True,False,False,True,False,False,True,False,False,1502,0
-0.2063219863307183,-0.48914270504834245,-0.6275615901002665,0.477572697305613,0.8670610026398986,-0.6756289121933012,0.9387143101003029,-0.8710078135294168,False,False,True,False,True,True,False,False,False,False,True,False,False,True,False,False,True,False,False,False,1503,1
-0.06510635984372838,0.8945707462906747,0.9647066290720339,-0.8865495338448052,1.0157753649624786,-0.3741733467905095,-0.6537590729115668,1.2408357074973586,False,False,True,False,True,False,False,True,True,False,False,False,True,False,False,False,True,False,False,False,1504,1
-0.26165545630113074,1.413463290542806,-1.0808350247551548,-1.39259487765867,0.22397186827198523,0.73116372635306,-0.23126613456147885,-0.3546504691025404,False,False,True,False,True,False,True,False,False,False,True,False,False,False,True,False,False,False,True,False,1505,0
0.17755396158901768,-0.6621068864657196,0.9492101013915248,0.6473021915040521,1.1845862627340558,0.3292229724826711,-0.13376776417299704,1.107395045454458,False,False,True,False,True,True,False,False,False,False,False,True,True,False,False,False,False,True,False,False,1506,0
2.1153781911778347,-0.3161785236309653,-0.852261241467647,0.3455608684846048,0.7424624828561154,-0.8765992891284957,0.5487208285463757,-0.10517444876146527,False,True,False,False,True,False,True,False,False,False,True,False,True,False,False,True,False,False,False,False,1507,0
-0.8755111387853931,1.413463290542806,0.5927899647398177,-1.3863086000957647,-1.6651024639337604,5.052026830459741,-0.26376559135763944,-0.16319212791055251,True,False,False,False,True,False,True,False,False,False,True,False,False,True,False,False,False,True,False,False,1508,0
-0.486447678055931,-0.9215531585917853,0.612160624340454,0.9616160696493098,-0.037283092564979595,0.22873778401507386,-0.7187579865038879,0.06887858868579645,True,False,False,True,False,False,True,False,True,False,False,False,False,False,True,False,False,False,True,False,1509,1
0.02711609010695902,-0.4026606143396539,-0.6275615901002665,0.40842364411365634,0.7103080261377197,-0.7761141006608985,-0.39376341854228186,-1.161096209274853,False,False,True,True,False,True,False,False,False,False,False,True,False,True,False,False,False,False,True,False,1510,1
2.2024131283187964,1.1540170184167404,-2.2275780731128214,-1.1757183017384423,-1.6128514717663673,1.133104480223449,-0.6862585297077273,0.5504253256232206,False,True,False,False,True,True,False,False,True,False,False,False,True,False,False,False,False,False,False,True,1511,0
-0.9654280274873132,-0.8350710678830967,1.170035620838778,0.8296042408283016,1.3212427037872374,0.8316489148206573,1.166210507673427,-0.9986467076574087,True,False,False,False,True,False,True,False,False,False,False,True,False,True,False,False,False,False,False,True,1512,0
-0.9533238309312856,-0.7485889771744081,0.35646791761205543,0.7353100773847243,0.45709167948035384,-0.47465853525810675,0.0937284334001272,-0.5170999707199847,True,False,False,False,True,False,True,False,False,False,True,False,False,False,True,True,False,False,False,False,1513,1
2.1516907808459176,0.37567820203854324,0.8562309353084708,-0.34278652465350945,1.072045664219671,-0.977084477596093,-0.881255270484691,-0.37205577284726654,False,True,False,False,True,True,False,False,False,False,False,True,False,False,True,False,False,False,True,False,1514,1
2.3493926579277042,1.4999453812514947,-1.8285424853397143,-1.4648870696320793,-1.3676737392886005,-0.7761141006608985,0.028729519807805987,-0.9812414039126826,False,True,False,False,True,False,True,False,True,False,False,False,False,True,False,False,False,False,True,False,1515,1
2.090593407753588,-1.6134098842612938,0.9569583652317794,1.634247768880161,1.0439105145910748,0.3292229724826711,-0.7187579865038879,-0.7781795268908772,False,True,False,False,True,True,False,False,True,False,False,False,False,True,False,False,False,False,True,False,1516,0
0.41906150239738016,1.240499109125429,-1.7355633192566604,-1.2354379385860412,-1.8178361333461397,0.4297081609502683,-0.7837569000962091,0.5272182539635857,False,False,True,False,True,False,False,True,False,False,True,False,True,False,False,False,False,False,False,True,1517,0
1.7418772688775512,1.240499109125429,-1.5341084594100431,-1.2637261876191144,-2.2800564486730774,1.0326192917558517,2.238692581946727,0.2835440015374192,False,True,False,False,True,False,False,True,False,True,False,False,False,False,True,False,False,False,True,False,1518,0
1.9326624622130355,0.5486423834559204,-0.41061020257314035,-0.5219454351963063,-0.7085073765614892,1.8365007994966296,-0.5562607025230849,0.2023192507286971,False,True,False,False,True,True,False,False,False,False,False,True,True,False,False,False,False,False,False,True,1519,0
2.161489416153178,-0.9215531585917853,0.011670176720730036,0.8924670164573532,0.388763458953763,2.2384415533670183,0.1262278901962878,-0.14578682416582633,False,True,False,False,True,True,False,False,False,False,True,False,False,True,False,True,False,False,False,False,1520,1
-0.847844403800187,-1.6134098842612938,0.8213637480273256,1.5965301035027302,1.0961615067584678,-0.6756289121933012,-0.10126830737683644,-0.20960627122982228,True,False,False,True,False,False,False,True,False,False,True,False,False,True,False,False,False,True,False,False,1521,0
-0.8818514322195029,-1.180999430717851,1.1467908293180147,1.175349506788085,1.3011461683382401,1.2335896686910461,-0.9137547272808515,-1.2365191921686665,True,False,False,False,True,False,False,True,False,False,False,True,True,False,False,False,False,False,False,True,1522,0
0.15392195878915405,-0.4026606143396539,-0.7980233945858655,0.4115667828951089,-0.8331058963452724,2.2384415533670183,1.263708878061909,-1.137889137615218,False,False,True,False,True,False,False,True,False,False,True,False,True,False,False,False,True,False,False,False,1523,1
2.245642401733181,0.5486423834559204,1.1429166973978875,-0.5565199617922846,0.01496789960241337,-0.6756289121933012,-0.5887601593192455,-0.3546504691025404,False,True,False,False,True,False,False,True,False,False,False,True,False,True,False,False,True,False,False,False,1524,1
-0.8945320190877225,1.3269811998341174,-2.0377456090265857,-1.370592906188502,-0.4753875653531206,-0.575143723725704,-0.39376341854228186,-1.1436909055301268,True,False,False,False,True,True,False,False,False,True,False,False,False,False,True,True,False,False,False,False,1525,1
-0.9077889962681337,1.413463290542806,-1.1389470035570637,-1.3988811552215752,-2.340346055020069,-0.8765992891284957,-0.9787536408731727,-0.029751465867651854,True,False,False,False,True,False,False,True,True,False,False,False,True,False,False,False,False,False,True,False,1526,0
-0.8622541616049818,-0.8350710678830967,0.67414673506249,0.8610356286428273,0.1395664193861966,-0.8765992891284957,0.5162213717502151,-0.8536025097846907,True,False,False,False,True,True,False,False,True,False,False,False,True,False,False,False,False,False,False,True,1527,1
1.9188290947204327,-0.6621068864657196,0.32160073033091013,0.6598747466298625,0.4892461361987495,-0.6756289121933012,1.588703446023515,-1.2945368713177536,False,True,False,False,True,False,True,False,True,False,False,False,False,True,False,False,False,False,False,True,1528,1
-0.13715514886770286,-1.5269277935526053,1.274637182682214,1.5556692993438468,1.2529144832606467,-0.47465853525810675,-0.4262628753384425,0.5388217897934031,False,False,True,False,True,True,False,False,False,False,False,True,False,False,True,False,False,True,False,False,1529,0
-0.9988586655944375,0.8080886555819861,1.0383151355544515,-0.8394024521230166,-1.9987049523871154,1.0326192917558517,-0.5887601593192455,-0.25021864663418336,True,False,False,False,True,True,False,False,False,False,False,True,False,True,False,False,False,False,False,True,1530,1
-0.4363017208952448,-1.0945173400091623,0.7206363181040171,1.07162592700015,0.2159332540923863,-0.2736881583229123,0.0937284334001272,1.6237523898813344,True,False,False,False,True,False,False,True,True,False,False,False,False,False,True,False,False,True,False,False,1531,0
-0.7740664438396371,-0.14321434221358817,-1.0924574205155366,0.1758313742861657,0.5093426716477468,-0.977084477596093,2.1086947547620847,-0.7955848306356034,True,False,False,True,False,True,False,False,False,True,False,False,True,False,False,False,False,False,False,True,1532,0
-0.08700919170701657,0.2027140206211661,0.5191814582573999,-0.17934330801797546,-1.251113833684416,-0.2736881583229123,0.191226803788609,0.16750864323924475,False,False,True,False,True,False,True,False,True,False,False,False,True,False,False,False,False,True,False,False,1533,0
0.1700608875305244,0.029749839203788972,-0.8483871095475197,-0.04104520163406209,-1.267191062043614,2.439411930302213,-0.7512574433000485,1.1189985812842755,False,False,True,False,True,True,False,False,False,False,True,False,False,True,False,False,False,False,True,False,1534,0
0.15622752003792117,0.5486423834559204,0.20925090464721985,-0.5156591576334011,0.15966295483519388,-0.7761141006608985,-0.5237612457269243,-0.23861511080436593,False,False,True,False,True,False,True,False,False,True,False,False,False,False,True,False,True,False,False,False,1535,0
-0.7296843898008688,-0.3161785236309653,1.1119236420368694,0.29841378676281616,-0.6321405418552994,2.7408674957050048,-0.9787536408731727,-1.016052011402135,True,False,False,False,True,False,True,False,False,False,True,False,False,False,True,False,False,True,False,False,1536,1
2.0606211115196142,0.37567820203854324,-1.1428211354771909,-0.4087924390640135,0.6620763410601262,-0.2736881583229123,-0.5237612457269243,0.4633988068995897,False,True,False,False,True,False,True,False,False,False,True,False,False,False,True,False,False,False,True,False,1537,1
-0.5723298345725086,0.2891961113298547,-0.5113376324964489,-0.2830668878059105,-0.5557737071491098,1.7360156110290323,-0.23126613456147885,0.3415616806865065,True,False,False,False,True,True,False,False,False,True,False,False,False,True,False,True,False,False,False,False,1538,1
0.20003318376449775,-0.0567322515048996,0.2286215642478561,0.03753326790225232,-1.1827856131578254,-0.47465853525810675,0.35372408776941205,0.1268962678348837,False,False,True,False,True,False,True,False,False,True,False,False,False,False,True,False,False,False,True,False,1539,0
-0.6207466207966195,-0.0567322515048996,1.2513923911614504,0.0532489618095152,-0.7567390616390827,-0.7761141006608985,-0.10126830737683644,0.06307682077088773,True,False,False,False,True,False,True,False,False,True,False,False,False,True,False,False,False,False,True,False,1540,0
2.574543394447957e-05,0.2027140206211661,0.8562309353084708,-0.19191586314378575,-1.4239440385457929,-0.2736881583229123,-0.6862585297077273,0.2951475373672367,False,False,True,False,True,False,False,True,False,False,False,True,True,False,False,True,False,False,False,False,1541,0
-0.8876153353414209,0.8080886555819861,-0.9684851990714646,-0.8268298969972062,-1.3395385896600043,-0.3741733467905095,-0.29626504815380006,-0.3662540049323578,True,False,False,False,True,False,False,True,False,False,True,False,False,True,False,False,True,False,False,False,1542,0
0.1302899559892904,1.5864274719601832,-0.8135199222663745,-1.5497518167312987,-1.7615658340889473,-0.17320296985531508,0.41872300136173324,-0.5170999707199847,False,False,True,False,True,True,False,False,False,True,False,False,False,False,True,True,False,False,False,False,1543,1
-0.6720453585816892,1.413463290542806,-0.35637235569135883,-1.4303125430361008,0.7384431757663159,-0.977084477596093,0.1262278901962878,0.7650907384748433,True,False,False,False,True,False,True,False,False,True,False,False,False,False,True,True,False,False,False,False,1544,1
0.054206434779973355,0.4621602927472318,0.8407344076279618,-0.4905140473817805,-0.6522370773042968,-0.47465853525810675,-0.8487558136885304,1.3278622262209896,False,False,True,False,True,True,False,False,False,False,True,False,False,False,True,False,False,False,True,False,1545,1
0.09282458569682377,0.6351244741646089,1.1274201697173785,-0.6005239047326207,-0.724584604920687,0.5301933494178656,0.5812202853425362,-0.09937268084655654,False,False,True,False,True,False,True,False,False,True,False,False,False,False,True,False,True,False,False,False,1546,1
1.9758917356274202,1.1540170184167404,-1.5534791190106796,-1.1348574975795587,-1.3073841329416085,0.02776740707987939,-0.5562607025230849,-0.5577123461243457,False,True,False,False,True,False,False,True,True,False,False,False,False,True,False,False,True,False,False,False,1547,1
-0.523336658036206,-0.14321434221358817,0.41070576449383694,0.15068626403454508,0.9876402153338824,-0.8765992891284957,1.101211594081106,0.9913596871562835,True,False,False,False,True,True,False,False,False,True,False,False,True,False,False,False,False,True,False,False,1548,0
0.37640861929518715,1.0675349277080517,1.1855321485192871,-1.0814241382948648,-2.0147821807463133,-0.8765992891284957,0.9062148533041423,-0.6679459365076115,False,False,True,False,True,True,False,False,False,False,False,True,True,False,False,False,False,False,True,False,1549,0
2.3367120710594844,-1.4404457028439166,1.290133710362723,1.4739476910260798,1.132335270566663,-0.7761141006608985,-0.881255270484691,-1.2075103525941229,False,True,False,False,True,False,True,False,False,False,False,True,False,False,True,False,True,False,False,False,1550,1
2.1908853220749602,1.3269811998341174,-1.762682242697551,-1.3548772122812391,-1.7696044482685462,1.635530422561435,1.4912050756350332,1.7629948198391439,False,True,False,False,True,False,True,False,False,False,True,False,False,False,True,False,False,True,False,False,1551,0
0.27496392434943123,-0.575624795757031,-0.1510433639246145,0.5530080280604749,-0.41107865191632925,-0.07271778138771784,-0.7187579865038879,-0.47648759531562357,False,False,True,False,True,False,False,True,False,True,False,False,True,False,False,False,False,False,False,True,1552,1
-0.661670332962237,-1.0945173400091623,0.20150264080696534,1.0779122045630551,0.9072540735378932,-0.575143723725704,-0.49126178893076367,-0.4068663803367189,True,False,False,False,True,False,False,True,False,True,False,False,True,False,False,False,False,False,False,True,1553,0
-0.6391911107867569,-0.48914270504834245,0.6625243393021083,0.49328839121287593,1.220760026542251,0.5301933494178656,-0.6537590729115668,-0.6331353290181592,True,False,False,False,True,False,False,True,False,True,False,False,True,False,False,False,False,False,True,False,1554,0
2.0260376927881065,-0.0567322515048996,0.6392795477813448,0.0406764066837049,-0.39098211646733194,0.5301933494178656,0.6137197421386968,-0.9870431718275913,False,True,False,False,True,False,True,False,True,False,False,False,False,True,False,False,False,False,True,False,1555,0
0.37640861929518715,-1.0945173400091623,1.0150703440336881,1.1282024250662963,0.9474471444358877,0.3292229724826711,-0.7837569000962091,-0.9754396359977738,False,False,True,False,True,False,False,True,False,False,True,False,False,False,True,False,False,False,False,True,1556,0
-0.125627342623867,1.0675349277080517,1.197154544279669,-1.0814241382948648,-1.0823029359128389,1.2335896686910461,-0.6862585297077273,-0.3604522370174491,False,False,True,False,True,False,False,True,False,False,True,False,True,False,False,False,True,False,False,False,1557,0
-0.6824203842011416,0.5486423834559204,0.13176826624467483,-0.531374851540664,-0.057379628013976884,-0.2736881583229123,0.8412159397118211,-0.7549724552312423,True,False,False,False,True,False,False,True,False,False,False,True,False,False,True,True,False,False,False,False,1558,1
-0.0927730948289346,0.7216065648732976,-1.4101362379659712,-0.7011043457391032,-1.2993455187620095,0.73116372635306,-0.9787536408731727,1.380078137455168,False,False,True,False,True,False,False,True,False,True,False,False,True,False,False,False,False,False,True,False,1559,1
-0.963698856550738,1.5864274719601832,-0.8290164499468835,-1.622044008704708,1.248895176170847,0.12825259554747662,-0.4587623321346031,-0.7491706873163336,True,False,False,False,True,False,False,True,False,False,True,False,False,True,False,False,False,False,True,False,1560,1
-0.6288160851673046,0.7216065648732976,-1.3481501272439351,-0.7513945662423444,1.3011461683382401,-0.575143723725704,0.6137197421386968,0.225526322388332,True,False,False,False,True,False,False,True,False,False,False,True,True,False,False,False,False,False,True,False,1561,1
2.182815857704275,-0.14321434221358817,0.9763290248324156,0.10982545987566159,-0.829086589255473,1.9369859879642268,-0.9137547272808515,-0.6911530081672463,False,True,False,False,True,False,False,True,False,False,True,False,True,False,False,False,False,False,True,False,1562,1
-0.6789620423279908,-1.4404457028439166,1.2010286761997961,1.4362300256486489,0.9956788295134813,-0.47465853525810675,-0.4262628753384425,0.3763722881759588,True,False,False,False,True,False,True,False,True,False,False,False,False,False,True,False,False,False,False,True,1563,0
-0.9152820703266271,0.2027140206211661,-0.7709044711449747,-0.22020411217685895,1.1805669556442564,1.9369859879642268,-0.6862585297077273,-0.5751176498690719,True,False,False,False,True,False,True,False,True,False,False,False,True,False,False,False,False,False,False,True,1564,0
-0.6991357032547038,0.11623192991247754,0.37583857721269165,-0.1070511160445662,-0.6522370773042968,0.6306785378854628,-0.16626722096915764,-0.3662540049323578,True,False,False,False,True,True,False,False,True,False,False,False,False,False,True,False,False,False,False,True,1565,0
2.2588993789135925,0.4621602927472318,0.20150264080696534,-0.4433669656599919,0.63394119143153,-0.3741733467905095,-0.9462541840770121,1.3452675299657157,False,True,False,False,True,False,False,True,False,False,False,True,True,False,False,True,False,False,False,False,1566,0
0.03230360291668517,0.37567820203854324,1.2242734677205598,-0.3616453573422249,0.45307237239055437,0.12825259554747662,0.1587273469924484,0.1036891961752488,False,False,True,False,True,True,False,False,False,True,False,False,False,False,True,False,False,False,True,False,1567,1
-0.9844489077896426,0.11623192991247754,0.13564239816480209,-0.12590994873328165,0.15966295483519388,-0.7761141006608985,-0.7512574433000485,0.11529273200506625,True,False,False,False,True,False,True,False,False,False,False,True,True,False,False,False,False,False,False,True,1568,1
-0.7025940451278544,0.8945707462906747,-0.7205407561833205,-0.8834063950633526,-0.2503063683243509,0.22873778401507386,0.35372408776941205,-0.11097621667637399,True,False,False,False,True,False,False,True,False,False,False,True,False,True,False,True,False,False,False,False,1569,1
-0.6818439938889498,-1.6134098842612938,1.1274201697173785,1.6311046300987087,1.0278332862318769,0.8316489148206573,0.5162213717502151,-0.2560204145490921,True,False,False,False,True,False,True,False,False,False,True,False,False,False,True,False,False,False,True,False,1570,1
-0.8587958197318311,-0.8350710678830967,-0.03481940632079698,0.8830376001129954,1.0881228925788688,1.0326192917558517,-0.29626504815380006,-0.9174219568486867,True,False,False,False,True,True,False,False,False,True,False,False,False,True,False,False,False,False,True,False,1571,1
2.156301903343453,-1.6134098842612938,1.1932804123595417,1.5965301035027302,0.6942307977785219,-0.3741733467905095,0.41872300136173324,-0.07616560918692164,False,True,False,False,True,True,False,False,True,False,False,False,False,False,True,False,False,False,True,False,1572,1
-0.0034325964392062213,0.8945707462906747,-1.6115910978125882,-0.858261284811732,0.16368226192499333,-0.6756289121933012,-0.8487558136885304,2.1052991268187586,False,False,True,False,True,False,False,True,True,False,False,False,False,False,True,True,False,False,False,False,1573,0
2.1960728348846867,0.4621602927472318,-0.3137569045699591,-0.48108463103742277,-0.6040053922267032,-0.2736881583229123,-0.7187579865038879,-0.3140380936981793,False,True,False,False,True,True,False,False,True,False,False,False,False,False,True,True,False,False,False,False,1574,0
-0.745823318542239,-1.0080352493004738,0.2518663557686196,1.0464808167485293,0.08731542721880363,-0.8765992891284957,0.8087164829156605,-0.19220096748509613,True,False,False,True,False,False,False,True,True,False,False,False,True,False,False,False,False,True,False,False,1575,1
-0.698559312942512,1.3269811998341174,-2.266319392314094,-1.310873269340903,0.9394085302562889,-0.2736881583229123,1.6862018164119967,0.08628389243052262,True,False,False,False,True,False,True,False,False,False,False,True,False,True,False,False,False,True,False,False,1576,0
2.2756146979671543,-0.7485889771744081,1.3250008976438683,0.7918865754508707,-0.2985380534019444,0.6306785378854628,3.2786751994238665,-0.9058184210188691,False,True,False,False,True,True,False,False,True,False,False,False,True,False,False,False,False,False,True,False,1577,1
2.183392248016467,0.2891961113298547,-0.6817994369820479,-0.23591980608412183,0.7062887190479202,-0.2736881583229123,-0.29626504815380006,-0.9580343322530477,False,True,False,False,True,False,True,False,False,True,False,False,False,True,False,False,True,False,False,False,1578,0
-0.844962452239228,-0.7485889771744081,0.736132845784526,0.7258806610403665,1.0358719004114758,0.4297081609502683,-0.4587623321346031,-0.13998505625091762,True,False,False,False,True,False,False,True,True,False,False,False,False,False,True,False,False,False,False,True,1579,0
-0.027640989551261538,-0.0567322515048996,-0.06193832976168774,0.06582151693532551,0.3927827660435625,-0.7761141006608985,-0.9462541840770121,-0.8419989739548732,False,False,True,False,True,False,False,True,False,False,True,False,True,False,False,False,False,False,True,False,1580,0
0.10953990475038579,-1.0080352493004738,0.7206363181040171,1.011906290152551,0.010948592512613911,-0.17320296985531508,-0.7512574433000485,-0.4590822915708974,False,False,True,False,True,False,True,False,True,False,False,False,False,True,False,True,False,False,False,False,1581,1
-0.7106635094985396,-1.4404457028439166,1.0383151355544515,1.4110849153970282,1.0278332862318769,1.9369859879642268,-0.6212596161154061,-1.0740696905512221,True,False,False,False,True,True,False,False,False,False,False,True,False,False,True,True,False,False,False,False,1582,1
-0.2420581856866097,-1.5269277935526053,1.057685795155088,1.5116653564035107,1.0358719004114758,1.133104480223449,-0.9462541840770121,1.3046551545613547,False,False,True,False,True,False,True,False,False,True,False,False,False,False,True,False,False,False,True,False,1583,0
-0.6265105239185375,-1.2674815214265396,0.3332231260912919,1.2665005314502098,1.2006634910932537,0.12825259554747662,-0.4587623321346031,0.1733104111541535,True,False,False,False,True,False,False,True,False,False,False,True,False,True,False,True,False,False,False,False,1584,0
0.017317454799698394,1.1540170184167404,0.007796044800602783,-1.2008634119900627,0.07525750594940525,-0.977084477596093,0.45122245815789386,-0.5577123461243457,False,False,True,False,True,False,False,True,True,False,False,False,True,False,False,False,False,False,False,True,1585,0
0.11242185631134481,1.0675349277080517,-0.27114145344855933,-1.0751378607319597,0.20387533282298792,-0.6756289121933012,0.4837219149540545,4.188133808270991,False,False,True,False,True,False,True,False,False,False,True,False,False,True,False,True,False,False,False,False,1586,0
-1.0034697880919718,-0.0567322515048996,1.166161488918651,0.0532489618095152,1.1001808138482672,0.5301933494178656,-0.23126613456147885,0.7824960422195695,True,False,False,False,True,False,False,True,False,False,True,False,False,True,False,False,False,True,False,False,1587,1
-0.7394830251081294,1.1540170184167404,-0.7050442285028115,-1.147430052705369,0.010948592512613911,-0.17320296985531508,-0.9137547272808515,0.8927296326028352,True,False,False,False,True,True,False,False,False,False,True,False,False,False,True,False,True,False,False,False,1588,0
2.178204735206741,1.240499109125429,-2.177214358151167,-1.2197222446787783,0.018987206692212828,0.6306785378854628,-0.881255270484691,1.171214492518454,False,True,False,False,True,True,False,False,False,False,True,False,True,False,False,False,False,True,False,False,1589,0
-0.49163519086565727,0.5486423834559204,0.8988463864298706,-0.575378794481,-1.3033648258518091,3.5447490034457823,0.06122897660396659,-0.3314433974429055,True,False,False,False,True,False,True,False,False,False,True,False,False,False,True,False,False,False,False,True,1590,1
0.30608900120778815,0.2027140206211661,0.5230555901775272,-0.22963352852121668,-0.5557737071491098,1.5350452340938379,-0.7837569000962091,0.26033692987778434,False,False,True,False,True,True,False,False,False,True,False,False,False,True,False,False,False,False,True,False,1591,0
-0.7106635094985396,0.8945707462906747,-1.4682482167678799,-0.9211240604407835,-1.882145046782931,-0.575143723725704,-0.6212596161154061,-0.9290254926785041,True,False,False,False,True,False,False,True,False,False,False,True,False,False,True,True,False,False,False,False,1592,0
1.9989473481150923,-0.48914270504834245,0.7632517692254168,0.5090040851201388,0.8590223884602997,-0.8765992891284957,-0.5562607025230849,-0.6215317931883417,False,True,False,False,True,True,False,False,False,False,False,True,True,False,False,True,False,False,False,False,1593,0
-0.6749273101426483,1.5864274719601832,-1.851787276860478,-1.5434655391683936,-1.6570638497541614,-0.17320296985531508,-0.7512574433000485,0.730280130985391,True,False,False,False,True,False,False,True,False,False,False,True,False,False,True,False,False,False,True,False,1594,0
-0.05069660203893349,0.7216065648732976,-0.7089183604229388,-0.6853886518318403,0.09535404139840255,-0.3741733467905095,-0.5887601593192455,1.530924103242795,False,False,True,False,True,True,False,False,False,False,True,False,True,False,False,False,True,False,False,False,1595,1
-0.8351638169319675,1.4999453812514947,-2.3244313711160025,-1.518320428916773,-0.5919474709573049,-0.575143723725704,-0.0037699369883546193,-0.9406290285083215,True,False,False,False,True,False,False,True,False,True,False,False,False,True,False,False,False,True,False,False,1596,0
0.3222279299491583,-1.6134098842612938,0.7555035053851623,1.58395754837692,1.1805669556442564,-0.6756289121933012,-0.13376776417299704,0.6606589160064863,False,False,True,False,True,True,False,False,False,False,True,False,False,False,True,False,False,False,True,False,1597,0
0.23576938312038892,1.3269811998341174,-0.6004426666593756,-1.3203026856852607,-1.2913069045824106,-0.8765992891284957,0.1587273469924484,3.1380138156725117,False,False,True,False,True,True,False,False,False,False,False,True,True,False,False,False,False,False,False,True,1598,1
1.8825165050523498,-1.0945173400091623,0.09690107896352956,1.0559102330928871,1.2167407194524515,-0.17320296985531508,-0.4262628753384425,-1.1320873697003093,False,True,False,True,False,True,False,False,False,True,False,False,False,True,False,False,False,False,True,False,1599,0
0.21156099000833362,0.11623192991247754,1.243644127321196,-0.07876286701149302,-0.6964494552920908,-0.3741733467905095,0.6787186557310181,-0.17479566374036995,False,False,True,False,True,False,False,True,True,False,False,False,False,False,True,False,False,True,False,False,1600,1
-0.6997120935668955,0.7216065648732976,-0.945240407550701,-0.7262494559907238,-1.4962915661621832,1.9369859879642268,-0.3287645049499607,1.043575598390462,True,False,False,False,True,False,True,False,True,False,False,False,True,False,False,True,False,False,False,False,1601,1
-0.8023095691370351,-1.6998919749699823,1.166161488918651,1.6688222954761396,1.0197946720522781,1.3340748571586434,-0.7837569000962091,-0.09937268084655654,True,False,False,False,True,False,True,False,False,False,False,True,False,True,False,False,False,True,False,False,1602,0
-0.14349544230181258,1.5864274719601832,-1.592220438211952,-1.5434655391683936,-1.1707276918884268,-0.575143723725704,-0.26376559135763944,-0.5809194177839806,False,False,True,False,True,True,False,False,False,False,False,True,False,True,False,False,False,False,False,True,1603,0
-0.7746428341518289,-1.4404457028439166,1.1351684335576329,1.4676614134631747,1.2890882470688418,-0.6756289121933012,1.2962083348580695,-0.7955848306356034,True,False,False,False,True,False,True,False,True,False,False,False,False,False,True,False,False,True,False,False,1604,0
0.007518819492437972,-0.6621068864657196,-0.5384565559373397,0.6347296363782419,1.0841035854890693,1.9369859879642268,0.06122897660396659,-0.6679459365076115,False,False,True,False,True,False,True,False,False,False,False,True,False,False,True,False,False,True,False,False,1605,0
-0.9590877340532035,-0.6621068864657196,0.2673628834491286,0.663017885411315,0.5133619787375463,-0.2736881583229123,0.35372408776941205,0.14430157157960985,True,False,False,False,True,True,False,False,True,False,False,False,False,True,False,False,False,True,False,False,1606,1
0.27726948559819836,-0.4026606143396539,0.782622428826053,0.3612765623918677,0.2882807817087766,0.8316489148206573,-0.9787536408731727,3.2482474060557776,False,False,True,False,True,True,False,False,False,False,True,False,False,True,False,False,True,False,False,False,1607,1
-0.6582119910890861,1.240499109125429,-1.2125555100394814,-1.2260085222416834,-1.9183188105911262,0.12825259554747662,-0.23126613456147885,-0.46488405948580613,True,False,False,False,True,True,False,False,False,False,True,False,False,True,False,False,True,False,False,False,1608,1
0.22366518656436138,-0.8350710678830967,1.212651071960178,0.8327473796097542,0.388763458953763,0.8316489148206573,-0.5887601593192455,0.3821740560908675,False,False,True,False,True,True,False,False,True,False,False,False,False,True,False,False,True,False,False,False,1609,0
-0.6674342360841549,1.413463290542806,-0.6043167985795029,-1.4051674327844803,0.3405317738761695,-0.977084477596093,-0.5887601593192455,0.02246444536652666,True,False,False,False,True,False,False,True,False,True,False,False,True,False,False,True,False,False,False,False,1610,1
-0.5959618373723722,-1.0945173400091623,1.0809305866758514,1.1219161475033912,1.3212427037872374,-0.977084477596093,-0.29626504815380006,-0.11677798459128272,True,False,False,False,True,False,True,False,False,True,False,False,False,False,True,False,False,False,False,True,1611,0
-0.1463773938627716,-0.4026606143396539,-0.13942096816423277,0.41785306045801407,0.3646476164149663,-0.6756289121933012,-0.9462541840770121,-0.17479566374036995,False,False,True,False,True,False,False,True,False,True,False,False,False,False,True,True,False,False,False,False,1612,0
-0.45705177213414944,0.6351244741646089,0.9995738163531791,-0.635098431328599,-0.92554995941066,-0.2736881583229123,-0.881255270484691,0.39957935983559373,True,False,False,False,True,False,False,True,True,False,False,False,False,False,True,False,True,False,False,False,1613,0
-0.810955423819912,-0.6621068864657196,-0.081308989362324,0.641015913941147,-0.33471181721013954,-0.07271778138771784,-0.9787536408731727,-0.44167698782617126,True,False,False,False,True,False,False,True,False,True,False,False,True,False,False,True,False,False,False,False,1614,1
-0.6910662388840185,-0.575624795757031,1.1429166973978875,0.6001551097822635,0.07927681303920471,-0.47465853525810675,0.1587273469924484,-1.3351492467221147,True,False,False,False,True,True,False,False,False,True,False,False,True,False,False,False,False,True,False,False,1615,1
0.14988722660381146,1.4999453812514947,-2.1578436985505305,-1.4806027635393422,-0.30255736049174387,1.3340748571586434,-0.8487558136885304,-0.9580343322530477,False,False,True,False,True,False,False,True,False,True,False,False,False,True,False,False,False,False,True,False,1616,0
-0.8501499650489541,0.2891961113298547,-1.1273246077966819,-0.28621002658736305,-0.7647776758186816,-0.47465853525810675,0.06122897660396659,-0.551910578209437,True,False,False,False,True,True,False,False,False,False,True,False,False,False,True,False,False,False,False,True,1617,0
-0.7210385351179919,-1.0080352493004738,1.0460633993947062,1.027621984059814,0.9554857586154867,-0.8765992891284957,-0.10126830737683644,0.9623508475817399,True,False,False,True,False,False,True,False,False,False,True,False,False,False,True,True,False,False,False,False,1618,0
-0.5446630995873024,1.413463290542806,-2.2624452603939664,-1.3894517388772174,-0.41911726609592814,0.5301933494178656,-0.5237612457269243,0.09208566034543135,True,False,False,True,False,False,True,False,False,True,False,False,True,False,False,False,False,False,False,True,1619,0
0.19945679345230585,-0.7485889771744081,0.5695451732190542,0.7195943834774614,0.27220355334957874,0.9321341032882544,-0.6212596161154061,1.1596109566886366,False,False,True,False,True,False,False,True,True,False,False,False,False,True,False,False,False,False,True,False,1620,0
-0.4097877665344223,-1.180999430717851,1.0925529824362332,1.1596338128808221,0.5656129709049392,-0.6756289121933012,0.028729519807805987,-1.056664386806496,True,False,False,False,True,True,False,False,False,True,False,False,False,False,True,False,False,False,False,True,1621,0
-0.9221987540729286,0.2891961113298547,0.40295750065358243,-0.3176414144018888,-0.8532024317942697,-0.7761141006608985,-0.03626939378451522,1.1886197962631802,True,False,False,False,True,False,False,True,False,False,False,True,False,False,True,False,False,True,False,False,1622,0
0.42655457645587347,-0.575624795757031,1.1312943016375057,0.5624374444048326,1.1845862627340558,0.02776740707987939,-0.19876667776531826,-0.5054964348901673,False,False,True,True,False,False,False,True,False,False,True,False,True,False,False,False,False,True,False,False,1623,1
-0.03916879579509761,-0.9215531585917853,0.9143429141103796,0.8987532940202583,1.1443931918360613,-0.8765992891284957,-0.5237612457269243,-1.2307174242537577,False,False,True,False,True,False,False,True,False,True,False,False,False,False,True,True,False,False,False,False,1624,0
0.14239415254531818,-1.6998919749699823,0.9647066290720339,1.665679156694687,1.2971268612484408,-0.47465853525810675,-0.06876885058067583,-0.15739035999564377,False,False,True,False,True,True,False,False,False,False,False,True,False,False,True,False,False,True,False,False,1625,1
-0.8605249906684066,-0.8350710678830967,0.5734193051391815,0.8233179632653964,-0.2503063683243509,-0.07271778138771784,-0.9462541840770121,0.8463154892835655,True,False,False,False,True,False,False,True,True,False,False,False,False,True,False,False,True,False,False,False,1626,1
-0.7919345435175827,0.11623192991247754,4.778096034828073e-05,-0.06933345066713528,0.059180277590207414,-0.7761141006608985,-0.9462541840770121,-0.9754396359977738,True,False,False,False,True,True,False,False,True,False,False,False,True,False,False,False,False,False,False,True,1627,0
-0.8743583581610096,-0.48914270504834245,0.35646791761205543,0.4492844482725398,0.11143126975760038,-0.6756289121933012,-0.7512574433000485,-0.5170999707199847,True,False,False,False,True,False,True,False,False,False,True,False,False,False,True,False,True,False,False,False,1628,0
-0.7146982416838822,1.5864274719601832,-1.0769608928350276,-1.6126145923603503,-2.3162302124812726,0.73116372635306,-0.4262628753384425,-0.018147930037834405,True,False,False,False,True,False,True,False,False,True,False,False,False,True,False,True,False,False,False,False,1629,0
0.028268870731342585,-0.22969643292227673,0.2363698280881106,0.21669217844504918,-0.6763529198430935,0.5301933494178656,-0.8487558136885304,0.3009493052821454,False,False,True,False,True,False,True,False,True,False,False,False,False,True,False,False,False,False,False,True,1630,0
0.19311650001819614,0.4621602927472318,-0.0890572532025785,-0.4370806880970867,-0.8451638176146707,3.6452341919133797,-0.16626722096915764,0.5852359331126729,False,False,True,False,True,False,False,True,False,True,False,False,False,True,False,False,False,False,True,False,1631,1
-0.6587883814012779,-0.575624795757031,1.1003012462764876,0.5561511668419274,1.3413392392362347,0.3292229724826711,-0.6862585297077273,0.005059141621800489,True,False,False,False,True,True,False,False,False,False,False,True,False,True,False,True,False,False,False,False,1632,0
-0.9077889962681337,0.9810528369993632,0.1821319812063291,-1.0122750851029083,-2.1514386217994947,-0.47465853525810675,-0.10126830737683644,-0.6215317931883417,True,False,False,False,True,False,False,True,False,True,False,False,False,False,True,False,False,False,True,False,1633,0
0.006942429180246086,-1.2674815214265396,0.30223007073027386,1.2696436702316622,0.9072540735378932,-0.2736881583229123,0.41872300136173324,-0.44167698782617126,False,False,True,False,True,False,True,False,False,False,True,False,False,False,True,False,True,False,False,False,1634,1
0.12106771099422167,0.5486423834559204,-0.2672673215284321,-0.5345179903221166,1.1524318060156602,0.3292229724826711,0.2562257173809302,1.1596109566886366,False,False,True,False,True,True,False,False,False,False,True,False,False,False,True,False,False,False,True,False,1635,0
2.0329543765344082,0.5486423834559204,-0.9956041225123553,-0.531374851540664,-0.28246082504274656,0.3292229724826711,1.1337110508772665,-0.5751176498690719,False,True,False,False,True,False,False,True,False,False,False,True,True,False,False,False,False,True,False,False,1636,0
0.16429698440860635,-0.48914270504834245,0.7206363181040171,0.4618570033983501,-0.3467697384795379,-0.8765992891284957,1.426206162042712,-0.9290254926785041,False,False,True,False,True,True,False,False,False,True,False,False,False,False,True,True,False,False,False,False,1637,1
-0.655906429840319,0.11623192991247754,-1.1040798162759184,-0.12905308751473424,0.043103049231009584,-0.7761141006608985,-0.39376341854228186,-0.8594042776995994,True,False,False,False,True,True,False,False,False,False,True,False,False,False,True,False,False,False,False,True,1638,0
2.1401629746020823,-0.6621068864657196,1.3327491614841227,0.7007355507887459,1.3694743888648309,-0.6756289121933012,-0.6862585297077273,2.5984493995860003,False,True,False,False,True,False,True,False,False,False,True,False,False,False,True,False,False,True,False,False,1639,1
0.2709291921640887,0.8080886555819861,-1.545730855170425,-0.8111142030899433,0.9353892231664894,0.5301933494178656,-0.6212596161154061,-0.08776914501673909,False,False,True,False,True,False,True,False,True,False,False,False,False,False,True,False,False,True,False,False,1640,1
0.3862072546024478,1.1540170184167404,0.9298394417908886,-1.1631457466126318,1.0238139791420775,0.8316489148206573,0.35372408776941205,-0.43007345199635383,False,False,True,False,True,False,False,True,False,True,False,False,True,False,False,False,False,True,False,False,1641,0
0.1164565884966874,-1.180999430717851,0.6470278116215993,1.1879220619138953,0.7022694119581208,0.5301933494178656,-0.3287645049499607,0.6548571480915776,False,False,True,False,True,False,True,False,False,False,False,True,False,False,True,False,True,False,False,False,1642,0
-0.7769483954005961,0.8945707462906747,0.3874609729730734,-0.8802632562819,-1.5244267157907794,0.02776740707987939,0.7112181125271787,-0.6273335611032504,True,False,False,False,True,False,True,False,True,False,False,False,True,False,False,False,False,True,False,False,1643,0
-0.22476647632085578,-0.575624795757031,0.5346779859379089,0.5530080280604749,0.63394119143153,0.3292229724826711,-0.9137547272808515,1.1654127246035453,False,False,True,False,True,False,True,False,False,False,False,True,False,False,True,False,False,False,False,True,1644,0
-0.6126771564259343,-1.0945173400091623,0.8019930884266893,1.0841984821259603,0.3606283093251668,0.12825259554747662,-0.7512574433000485,1.844219570647866,True,False,False,False,True,False,True,False,False,False,False,True,False,False,True,False,True,False,False,False,1645,1
0.3441307618124467,1.413463290542806,0.39133510489320067,-1.414596849128838,-1.468156416533587,-0.575143723725704,2.4336893227236907,-0.7723777589759685,False,False,True,False,True,False,False,True,False,True,False,False,True,False,False,False,False,False,False,True,1646,0
-1.2069355682956757,0.37567820203854324,-1.3055346761225355,-0.33964338587205684,0.8469644671909013,-0.7761141006608985,-0.19876667776531826,-0.41846991616653634,True,False,False,False,True,False,True,False,True,False,False,False,False,False,True,True,False,False,False,False,1647,1
-0.6184410595478523,1.1540170184167404,-0.883254296828665,-1.1694320241755372,0.32847385260677114,-0.07271778138771784,0.45122245815789386,-1.3583563183817495,True,False,False,False,True,False,False,True,False,False,True,False,False,True,False,False,False,False,True,False,1648,1
-0.5959618373723722,-1.6134098842612938,0.7438811096247805,1.5776712708140148,0.9072540735378932,0.02776740707987939,2.076195297965924,-1.1785015130195793,True,False,False,False,True,False,True,False,False,False,True,False,False,True,False,False,True,False,False,False,1649,0
0.0524772638433979,1.4999453812514947,-0.8135199222663745,-1.4994615962280575,-2.372500511738465,-0.2736881583229123,-0.13376776417299704,1.0319720625606446,False,False,True,False,True,True,False,False,True,False,False,False,False,True,False,False,False,False,True,False,1650,0
2.1470796583483835,0.37567820203854324,0.7787482969059258,-0.3365002470906043,0.15162434065559496,-0.7761141006608985,-0.881255270484691,-1.161096209274853,False,True,False,True,False,False,True,False,False,False,True,False,True,False,False,True,False,False,False,False,1651,0
2.109614288055917,-0.4026606143396539,0.2944818068900194,0.38956481142494087,0.18779810446379008,-0.575143723725704,2.303691495539048,-0.7259636156566988,False,True,False,False,True,False,False,True,False,False,True,False,False,True,False,False,False,False,True,False,1652,0
-1.005775349340739,1.6729095626688717,-1.131198739716809,-1.6409028413934235,-1.9665504956687196,-0.07271778138771784,2.2711920387428877,0.9449455438370138,True,False,False,False,True,False,True,False,False,False,True,False,True,False,False,True,False,False,False,False,1653,0
-1.0149975943358078,-0.14321434221358817,0.34484552185167366,0.13811370890873476,0.730404561586717,-0.2736881583229123,-0.8487558136885304,-1.1668979771897618,True,False,False,True,False,False,False,True,True,False,False,False,True,False,False,False,False,True,False,False,1654,0
0.024234138546,-0.48914270504834245,1.3172526338036137,0.4807158360870656,0.9514664515256872,-0.7761141006608985,1.8161996435966392,-1.1262856017854006,False,False,True,False,True,False,True,False,True,False,False,False,False,True,False,False,False,True,False,False,1655,0
-0.5360172449044255,0.5486423834559204,0.7942448245864348,-0.5408042678850218,-1.3355192825702047,0.73116372635306,0.7112181125271787,-0.3082363257832706,True,False,False,False,True,False,True,False,False,True,False,False,True,False,False,False,False,False,True,False,1656,1
-0.6046076920552492,-0.4026606143396539,0.9492101013915248,0.3864216726434883,-0.2020746832467574,-0.7761141006608985,-0.8162563568923697,-0.19800273540000485,True,False,False,False,True,False,False,True,False,False,False,True,False,False,True,False,True,False,False,False,1657,1
-0.7020176548156626,-1.180999430717851,1.0460633993947062,1.1942083394768004,1.0358719004114758,-0.6756289121933012,-0.3612639617461213,-0.8013865985505121,True,False,False,False,True,False,True,False,False,True,False,False,False,False,True,False,False,False,False,True,1658,0
-0.10833563325811306,0.2027140206211661,-1.1428211354771909,-0.16362761411071258,-0.8813375814228659,-0.2736881583229123,0.32122463097325143,0.7186765951555736,False,False,True,False,True,False,True,False,True,False,False,False,False,True,False,True,False,False,False,False,1659,1
-0.6904898485718267,1.6729095626688717,0.2944818068900194,-1.675477367989402,-1.1787663060680258,-0.977084477596093,-0.8162563568923697,-0.20960627122982228,True,False,False,False,True,True,False,False,False,False,False,True,True,False,False,False,True,False,False,False,1660,1
-0.828247133185666,-1.6134098842612938,0.9530842333116522,1.6311046300987087,0.7866748608439095,0.8316489148206573,2.1086947547620847,3.5209304980564875,True,False,False,False,True,False,True,False,False,False,False,True,False,True,False,False,False,False,True,False,1661,1
-0.7596566860348422,1.0675349277080517,0.41457989641396414,-1.0939966934206753,-0.20609399033655684,0.8316489148206573,0.7437175693233393,2.2561450926063853,True,False,False,False,True,True,False,False,False,True,False,False,False,True,False,False,False,False,True,False,1662,0
-0.7867470307078567,-0.7485889771744081,0.44169881985485493,0.7698846039807027,1.0921421996686682,-0.17320296985531508,-0.49126178893076367,-0.19220096748509613,True,False,False,False,True,False,True,False,False,False,True,False,False,False,True,False,False,False,True,False,1663,0
-0.7412121960447048,0.029749839203788972,1.0150703440336881,-0.04104520163406209,1.2006634910932537,-0.6756289121933012,-0.3612639617461213,0.7186765951555736,True,False,False,False,True,True,False,False,False,False,True,False,False,True,False,True,False,False,False,False,1664,0
-0.38154464123702414,1.1540170184167404,-1.0653384970746458,-1.1285712200166536,0.5575743567253403,-0.2736881583229123,0.9387143101003029,-0.7491706873163336,True,False,False,True,False,False,False,True,False,False,True,False,False,True,False,True,False,False,False,False,1665,0
0.28533894996888354,1.240499109125429,-1.9680112344642955,-1.2322947998045886,1.273011018709644,1.2335896686910461,0.45122245815789386,0.5330200218784944,False,False,True,False,True,False,False,True,False,True,False,False,False,False,True,False,False,True,False,False,1666,0
-0.8806986515951193,-0.0567322515048996,0.8562309353084708,0.05010582302806262,0.051141663410608496,1.5350452340938379,-0.26376559135763944,-1.1088802980406745,True,False,False,False,True,False,True,False,False,True,False,False,False,False,True,False,False,False,False,True,1667,0
0.11011629506257747,1.4999453812514947,-1.1350728716369363,-1.4868890411022473,-1.8218554404359393,-0.8765992891284957,2.0436958411697637,-0.8594042776995994,False,False,True,False,True,False,False,True,True,False,False,False,True,False,False,False,True,False,False,False,1668,1
-0.6161354982990851,-0.6621068864657196,1.0150703440336881,0.6661610241927676,0.9635243727950856,1.7360156110290323,-0.5237612457269243,-1.097276762210857,True,False,False,False,True,False,False,True,True,False,False,False,True,False,False,False,False,True,False,False,1669,0
-0.6708925779573057,0.37567820203854324,0.5579227774586725,-0.4025061615011084,-0.14178507689976552,0.73116372635306,1.6537023596158362,0.6142447726872166,True,False,False,False,True,False,True,False,False,False,False,True,True,False,False,False,True,False,False,False,1670,0
2.011627934983312,1.240499109125429,0.17050958544594733,-1.2794418815263773,0.7625590183051126,-0.977084477596093,0.06122897660396659,-0.8768095814443255,False,True,False,False,True,False,True,False,False,False,True,False,False,False,True,False,False,False,False,True,1671,1
-0.012654841434274961,1.3269811998341174,-0.6856735689021752,-1.3548772122812391,-1.4360019598151912,0.6306785378854628,0.9712137668964635,1.3104569224762634,False,False,True,False,True,False,False,True,False,False,False,True,False,False,True,False,True,False,False,False,1672,1
1.956870855325091,-0.575624795757031,-0.11617617664346926,0.6127276649080738,-0.28246082504274656,0.02776740707987939,-0.3612639617461213,-0.37205577284726654,False,True,False,False,True,False,False,True,True,False,False,False,False,True,False,True,False,False,False,False,1673,0
-1.036900426199096,-0.6621068864657196,-0.2788897172888138,0.6441590527225995,1.2448758690810477,0.5301933494178656,-0.6537590729115668,-0.44167698782617126,True,False,False,False,True,False,True,False,False,False,False,True,False,False,True,False,True,False,False,False,1674,0
1.9332388525252275,-1.2674815214265396,0.5114331944171454,1.2602142538873045,1.1966441840034543,-0.2736881583229123,-0.4262628753384425,2.662268846649996,False,True,False,False,True,False,True,False,False,False,True,False,False,False,True,False,False,True,False,False,1675,0
1.9338152428374196,1.240499109125429,1.259140655001705,-1.2417242161489463,-0.6843915340226925,-0.17320296985531508,-0.9137547272808515,-0.511298202805076,False,True,False,False,True,False,True,False,True,False,False,False,False,True,False,False,False,True,False,False,1676,0
2.178204735206741,1.6729095626688717,0.13176826624467483,-1.6691910904264966,-0.8130093608962751,-0.6756289121933012,-0.13376776417299704,1.2060251000079063,False,True,False,False,True,False,False,True,False,False,False,True,False,True,False,False,False,False,False,True,1677,1
0.134324688174633,0.2027140206211661,-0.836764713787138,-0.15105505898490226,0.6741342623295246,-0.2736881583229123,-0.9787536408731727,-1.288735103402845,False,False,True,False,True,False,False,True,False,False,True,False,True,False,False,False,False,False,False,True,1678,1
1.9960653965541335,1.6729095626688717,-1.6735772085346243,-1.69747933945957,1.1042001209380667,-0.8765992891284957,0.2562257173809302,-0.4996946669752585,False,True,False,False,True,False,True,False,False,False,False,True,False,True,False,False,False,True,False,False,1679,1
2.0444821827782436,-1.0945173400091623,0.35646791761205543,1.0810553433445078,0.42895652985175764,-0.7761141006608985,-0.9137547272808515,0.5272182539635857,False,True,False,False,True,False,True,False,True,False,False,False,True,False,False,False,False,False,False,True,1680,0
-0.4512878690122315,-0.48914270504834245,-0.6779253050619207,0.5121472239015914,1.1202773492972644,2.439411930302213,0.1587273469924484,-0.551910578209437,True,False,False,False,True,False,False,True,False,False,True,False,False,True,False,False,False,True,False,False,1681,1
-0.6224757917331949,-1.2674815214265396,0.4843142709762547,1.235069143635684,0.38072484477416413,-0.2736881583229123,-0.9137547272808515,1.6817700690304218,True,False,False,False,True,False,False,True,False,False,True,False,False,True,False,True,False,False,False,False,1682,1
-0.5815520795675774,0.5486423834559204,-0.852261241467647,-0.5439474066664743,0.15966295483519388,-0.6756289121933012,-0.7512574433000485,0.1036891961752488,True,False,False,False,True,True,False,False,False,False,False,True,False,True,False,False,False,False,False,True,1683,0
2.1332462908557805,0.5486423834559204,-0.36412061953161334,-0.5282317127592114,1.3011461683382401,-0.07271778138771784,0.2562257173809302,-0.6389370969330679,False,True,False,False,True,False,True,False,False,True,False,False,False,True,False,False,False,True,False,False,1684,1
1.9730097840664613,-1.180999430717851,0.7710000330656713,1.2162103109469684,0.730404561586717,0.22873778401507386,-0.9137547272808515,-0.2560204145490921,False,True,False,True,False,True,False,False,False,True,False,False,False,True,False,False,False,False,True,False,1685,0
-0.38500298311017506,1.6729095626688717,0.8407344076279618,-1.6471891189563286,-1.801758904986942,2.1379563648994213,-0.8162563568923697,2.32576630758529,True,False,False,False,True,True,False,False,False,False,False,True,False,False,True,False,False,False,False,True,1686,1
-0.6524480879671682,-0.8350710678830967,0.6392795477813448,0.8641787674242799,0.09133473430860309,2.7408674957050048,-0.29626504815380006,0.8115048817941131,True,False,False,True,False,False,False,True,False,False,False,True,False,True,False,False,False,True,False,False,1687,1
-0.8484207941123788,0.11623192991247754,-0.3021345088095773,-0.1070511160445662,-0.38696280937753247,-0.7761141006608985,-0.9462541840770121,-0.13998505625091762,True,False,False,False,True,True,False,False,False,False,False,True,False,True,False,True,False,False,False,False,1688,0
2.32230231325469,-0.22969643292227673,-0.5965685347392484,0.25755298260393267,0.6942307977785219,-0.977084477596093,-0.6537590729115668,1.9312460893714969,False,True,False,False,True,True,False,False,False,False,False,True,True,False,False,False,True,False,False,False,1689,0
0.1412413719209346,1.413463290542806,0.003921912880475532,-1.3957380164401225,-1.2269979911456192,-0.977084477596093,-0.7187579865038879,-0.2618221824640008,False,False,True,False,True,False,False,True,False,False,False,True,True,False,False,False,False,True,False,False,1690,1
-0.01611318330742566,-0.575624795757031,1.2087769400400508,0.55929430562338,0.11545057684739983,-0.8765992891284957,-0.6862585297077273,0.834711953453748,False,False,True,False,True,True,False,False,True,False,False,False,False,False,True,False,False,True,False,False,1691,0
-0.034557673297563145,-1.180999430717851,0.23249569616798335,1.16906322922518,1.2931075541586412,-0.575143723725704,0.6137197421386968,-1.0044484755723175,False,False,True,False,True,False,False,True,False,False,True,False,False,False,True,False,False,False,True,False,1692,0
-0.6178646692356605,0.9810528369993632,0.2867335430497649,-0.9431260319109516,-0.8331058963452724,-0.977084477596093,0.35372408776941205,2.7144847578841746,True,False,False,False,True,False,False,True,True,False,False,False,False,True,False,False,False,True,False,False,1693,0
0.009824380741205105,0.7216065648732976,-1.7859270342183147,-0.716820039646366,-1.9223381176809258,-0.7761141006608985,1.263708878061909,1.3916816732849855,False,False,True,False,True,False,False,True,False,True,False,False,True,False,False,False,False,False,False,True,1694,0
2.152843561470302,0.7216065648732976,-1.1776883227583361,-0.7513945662423444,1.2247793336320505,-0.17320296985531508,0.2887251741770908,-0.7665759910610598,False,True,False,False,True,False,True,False,True,False,False,False,True,False,False,False,False,False,True,False,1695,0
-0.5584964670799055,0.4621602927472318,-0.29051211304919555,-0.4905140473817805,-1.0380905579250448,-0.575143723725704,0.1262278901962878,-1.0740696905512221,True,False,False,False,True,False,True,False,False,False,False,True,False,True,False,False,False,False,False,True,1696,0
0.20694986751079913,-1.6134098842612938,0.9647066290720339,1.6216752137543509,1.3373199321464353,0.02776740707987939,-0.5887601593192455,-0.31983986161308803,False,False,True,False,True,False,False,True,True,False,False,False,False,False,True,False,False,True,False,False,1697,0
-0.5187255355386716,1.6729095626688717,-0.2750155853686866,-1.653475396519234,-2.388577740097663,-0.977084477596093,-0.26376559135763944,-0.6273335611032504,True,False,False,False,True,True,False,False,False,False,False,True,False,False,True,False,True,False,False,False,1698,1
2.0260376927881065,0.029749839203788972,0.02716670440123904,-0.02532950772679921,-1.07426432173324,-0.575143723725704,-0.5237612457269243,0.7650907384748433,False,True,False,False,True,True,False,False,False,True,False,False,True,False,False,False,True,False,False,False,1699,1
0.204644306262032,0.5486423834559204,-0.9878558586721008,-0.5816650720439053,0.9193119948072915,1.0326192917558517,1.5237045324311937,-0.3778575407621753,False,False,True,False,True,True,False,False,False,False,False,True,False,False,True,False,True,False,False,False,1700,1
-0.6541772589037436,-1.6134098842612938,1.0034479482733063,1.5996732422841828,1.1202773492972644,-0.7761141006608985,-0.06876885058067583,0.03406798119634411,True,False,False,False,True,True,False,False,False,False,False,True,True,False,False,False,False,True,False,False,1701,1
0.44499906644601095,1.5864274719601832,-2.3360537668763843,-1.60004203723454,-2.25995991322408,-0.575143723725704,-0.23126613456147885,-0.10517444876146527,False,False,True,False,True,True,False,False,False,False,True,False,True,False,False,False,True,False,False,False,1702,0
0.1983040128279223,-1.6134098842612938,0.9143429141103796,1.6028163810656355,1.3694743888648309,2.5398971187698103,-0.881255270484691,-0.8710078135294168,False,False,True,True,False,False,False,True,False,False,True,False,False,True,False,False,True,False,False,False,1703,0
0.20349152563764844,1.0675349277080517,-2.0764869282278586,-1.065708444387602,1.212721412362652,-0.7761141006608985,-0.9787536408731727,-0.3662540049323578,False,False,True,False,True,True,False,False,True,False,False,False,False,False,True,False,True,False,False,False,1704,0
0.07610926664326154,-1.353963612135228,0.627657152020963,1.345079000986524,1.2167407194524515,0.6306785378854628,-0.39376341854228186,-0.7317653835716075,False,False,True,False,True,True,False,False,False,True,False,False,False,False,True,True,False,False,False,False,1705,0
-0.8466916231758034,-1.6998919749699823,1.1312943016375057,1.7253987935422859,0.9996981366032808,0.6306785378854628,-0.9137547272808515,1.548329406987521,True,False,False,False,True,True,False,False,False,False,False,True,False,False,True,False,True,False,False,False,1706,0
0.34931827462217285,-0.22969643292227673,-0.8445129776273925,0.18840392941197598,0.6259025772519311,-0.2736881583229123,0.191226803788609,-1.1901050488493967,False,False,True,False,True,True,False,False,False,True,False,False,False,False,True,False,False,True,False,False,1707,0
-0.9100945575169009,0.8080886555819861,-1.4604999529276255,-0.8268298969972062,-1.7897009837175435,1.2335896686910461,-0.4262628753384425,-1.2075103525941229,True,False,False,False,True,True,False,False,False,False,False,True,False,True,False,False,False,True,False,False,1708,1
0.2438388474910741,0.5486423834559204,-1.3055346761225355,-0.5942376271697155,0.2601456320801803,0.22873778401507386,-0.16626722096915764,2.8479254199270754,False,False,True,False,True,False,True,False,False,False,False,True,True,False,False,False,True,False,False,False,1709,0
2.0231557412271477,-0.6621068864657196,-0.03094527440066973,0.6598747466298625,-0.3950014235571314,-0.2736881583229123,-0.13376776417299704,-0.09937268084655654,False,True,False,True,False,True,False,False,False,True,False,False,False,True,False,False,False,True,False,False,1710,0
-0.6351563786014143,-0.3161785236309653,0.8988463864298706,0.35499028482896255,1.1001808138482672,-0.7761141006608985,1.3287077916542303,-1.0914749942959483,True,False,False,False,True,False,True,False,True,False,False,False,True,False,False,False,True,False,False,False,1711,0
-0.23975262443784257,-0.8350710678830967,0.7593776373052895,0.8798944613315428,0.8067713962929067,-0.6756289121933012,-0.5887601593192455,-1.1436909055301268,False,False,True,False,True,False,False,True,False,True,False,False,False,True,False,False,True,False,False,False,1712,0
-0.8034623497614186,-1.4404457028439166,1.166161488918651,1.4770908298075323,0.6701149552397251,-0.2736881583229123,0.7437175693233393,-0.47068582740071485,True,False,False,False,True,False,True,False,False,True,False,False,False,True,False,False,False,False,False,True,1713,0
0.056511996028740484,-0.3161785236309653,-0.743785547704084,0.29212750919991104,0.7022694119581208,-0.2736881583229123,3.2786751994238665,-0.7085583119119726,False,False,True,False,True,False,False,True,False,False,True,False,True,False,False,True,False,False,False,False,1714,1
-0.18384276415523823,-1.0080352493004738,0.6237830201008358,0.9836180411194778,0.21995256118218576,-0.977084477596093,-0.5562607025230849,-1.1494926734450355,False,False,True,False,True,False,True,False,False,False,True,False,False,False,True,False,False,False,True,False,1715,0
2.192614493011536,-0.0567322515048996,0.4378246879347277,0.08153721084258839,0.3164159313373728,-0.7761141006608985,0.5487208285463757,-0.4996946669752585,False,True,False,False,True,False,False,True,True,False,False,False,False,False,True,True,False,False,False,False,1716,1
-0.619017449860044,-0.575624795757031,0.612160624340454,0.5907256934379058,1.220760026542251,-0.2736881583229123,-0.9462541840770121,0.24293162613305816,True,False,False,False,True,False,False,True,True,False,False,False,False,True,False,False,False,False,False,True,1717,0
-0.989060030287177,1.6729095626688717,-1.2474226973206266,-1.631473425049066,1.0961615067584678,0.5301933494178656,-0.6862585297077273,-0.5693158819541632,True,False,False,False,True,False,True,False,False,False,False,True,False,False,True,False,True,False,False,False,1718,0
0.25133192154956757,1.5864274719601832,-1.4023879741257166,-1.5843263433272772,0.4168986085823592,0.12825259554747662,4.903648039231897,-0.7607742231461511,False,False,True,False,True,False,True,False,False,False,False,True,True,False,False,False,False,False,True,False,1719,1
0.28764451121765067,-0.4026606143396539,-0.7360372838638295,0.4429981707096347,-0.11364992727116931,-0.2736881583229123,-0.0037699369883546193,1.2176286358377237,False,False,True,False,True,True,False,False,False,True,False,False,False,False,True,True,False,False,False,False,1720,0
-0.6167118886112769,0.9810528369993632,1.3211267657237409,-0.9965593911956453,-0.8813375814228659,-0.8765992891284957,-0.03626939378451522,-0.8478007418697819,True,False,False,False,True,True,False,False,False,False,False,True,False,False,True,False,False,False,True,False,1721,0
-0.9112473381412846,0.2891961113298547,-1.1118280801161728,-0.24849236120993215,-0.3266732030305406,-0.8765992891284957,-0.6537590729115668,0.31255284111196285,True,False,False,False,True,False,True,False,True,False,False,False,False,True,False,False,True,False,False,False,1722,0
-0.009772889873315942,-1.6998919749699823,1.13904256547776,1.671965434257592,1.132335270566663,-0.17320296985531508,-0.7837569000962091,-0.6911530081672463,False,False,True,False,True,True,False,False,False,True,False,False,False,True,False,False,False,False,False,True,1723,1
-0.009772889873315942,0.029749839203788972,0.705139790423508,-0.03475892407115694,-1.0300519437454458,0.02776740707987939,-0.06876885058067583,1.548329406987521,False,False,True,False,True,True,False,False,True,False,False,False,True,False,False,False,False,False,True,False,1724,1
-0.6639758942110041,-1.0080352493004738,1.13904256547776,1.0024768738081933,0.9554857586154867,-0.3741733467905095,-0.49126178893076367,-0.551910578209437,True,False,False,False,True,True,False,False,False,True,False,False,False,False,True,False,False,False,True,False,1725,1
-0.05991884703400223,-1.5269277935526053,1.33662329340425,1.5053790788406056,1.168509034374858,-0.8765992891284957,-0.881255270484691,-0.9116201889337779,False,False,True,False,True,True,False,False,False,False,True,False,False,True,False,False,False,False,False,True,1726,0
-0.7688789310299109,1.1540170184167404,-0.30988277264983183,-1.1977202732086103,-1.275229676223213,-0.07271778138771784,-0.6537590729115668,-0.29663278995345316,True,False,False,True,False,False,True,False,False,False,False,True,False,True,False,False,False,False,True,False,1727,0
-0.6017257404942902,1.0675349277080517,-1.9060251237422594,-1.0468496116988866,-1.7615658340889473,2.1379563648994213,-0.3612639617461213,-0.22120980705963975,True,False,False,False,True,False,True,False,False,True,False,False,True,False,False,False,False,False,True,False,1728,0
0.005789648555862519,0.11623192991247754,0.8949722545097434,-0.06933345066713528,0.5013040574681479,1.5350452340938379,-0.49126178893076367,1.2930516187315373,False,False,True,False,True,False,True,False,True,False,False,False,True,False,False,False,True,False,False,False,1729,0
-0.8334346459953921,-0.7485889771744081,0.18600611312645635,0.7856002978879655,1.0197946720522781,1.7360156110290323,-0.5887601593192455,-0.09937268084655654,True,False,False,False,True,False,False,True,False,True,False,False,False,False,True,True,False,False,False,False,1730,1
-0.9371849021899152,0.8080886555819861,-0.6043167985795029,-0.7891122316197753,0.2159332540923863,-0.977084477596093,-0.6212596161154061,-0.2850292541236357,True,False,False,True,False,False,True,False,False,False,True,False,True,False,False,True,False,False,False,False,1731,0
-0.7723372729030618,0.6351244741646089,-1.2435485654004994,-0.5973807659511682,0.32847385260677114,1.3340748571586434,-0.29626504815380006,-0.6795494723374289,True,False,False,False,True,True,False,False,False,False,False,True,False,True,False,False,False,False,True,False,1732,0
-0.5383228061531926,-1.5269277935526053,0.8872239906694889,1.5556692993438468,0.8228486246521045,-0.7761141006608985,-0.7512574433000485,0.2023192507286971,True,False,False,False,True,True,False,False,True,False,False,False,False,True,False,False,False,True,False,False,1733,0
2.0243085218515313,-1.0080352493004738,0.8407344076279618,0.9647592084307623,0.5173812858273457,0.02776740707987939,-0.7837569000962091,-0.9870431718275913,False,True,False,False,True,False,False,True,False,False,True,False,False,False,True,False,False,False,False,True,1734,0
-0.7112398998107313,-0.3161785236309653,0.8833498587493616,0.3298451745773419,-0.6562563843940962,0.4297081609502683,-0.6212596161154061,-0.3604522370174491,True,False,False,False,True,False,False,True,False,False,False,True,False,False,True,False,False,True,False,False,1735,0
-0.9245043153216959,-0.48914270504834245,-0.4725963132951764,0.45871386461689756,-0.3507890455693374,-0.977084477596093,-0.5562607025230849,-0.27342571829381823,True,False,False,True,False,True,False,False,False,False,True,False,False,False,True,False,False,False,True,False,1736,0
2.2623577207867425,-0.4026606143396539,-0.7786527349852292,0.3927079502063935,0.5334585141865436,-0.6756289121933012,-0.9462541840770121,0.1559051074094273,False,True,False,False,True,True,False,False,True,False,False,False,False,True,False,False,False,False,False,True,1737,0
0.37640861929518715,1.240499109125429,-0.5500789516977214,-1.2197222446787783,0.8107907033827062,-0.575143723725704,-0.9462541840770121,-0.8303954381250558,False,False,True,False,True,False,False,True,True,False,False,False,True,False,False,True,False,False,False,False,1738,0
-1.048428232442932,1.0675349277080517,-1.8130459576592053,-1.043706472917434,-0.8692796601534676,-0.7761141006608985,-0.7512574433000485,-0.6621441685927028,True,False,False,False,True,False,False,True,True,False,False,False,False,False,True,False,False,True,False,False,1739,0
0.21386655125710075,0.2891961113298547,-1.1157022120363,-0.26106491633574247,1.273011018709644,-0.07271778138771784,1.3937067052465515,-0.6505406327628853,False,False,True,False,True,False,False,True,True,False,False,False,False,False,True,False,False,True,False,False,1740,1
0.1556511297257295,-1.4404457028439166,0.9840772886726701,1.4173711929599333,0.9112733806276927,1.8365007994966296,-0.6862585297077273,2.3373698434151073,False,False,True,False,True,False,False,True,False,True,False,False,True,False,False,False,True,False,False,False,1741,0
2.0738780887000257,1.5864274719601832,-1.6115910978125882,-1.5811832045458245,0.6701149552397251,-0.3741733467905095,-0.6537590729115668,-0.6911530081672463,False,True,False,False,True,True,False,False,False,True,False,False,True,False,False,False,True,False,False,False,1742,0
0.25190831186175927,-0.48914270504834245,0.4184540283340914,0.4838589748685182,1.1122387351176657,-0.47465853525810675,1.6537023596158362,0.3705705202610501,False,False,True,False,True,True,False,False,False,True,False,False,False,False,True,False,True,False,False,False,1743,0
0.08129677945298769,1.6729095626688717,-0.945240407550701,-1.6346165638305183,0.2159332540923863,0.02776740707987939,-0.9787536408731727,-0.9174219568486867,False,False,True,True,False,False,False,True,False,False,False,True,True,False,False,False,False,False,True,False,1744,0
-0.9124001187656681,-0.3161785236309653,-0.4067360706530131,0.2795549540741007,0.24004909663118307,-0.8765992891284957,-0.6862585297077273,-0.05876030544219547,True,False,False,False,True,True,False,False,False,False,True,False,False,False,True,False,False,False,True,False,1745,0
0.035761944789835874,-1.0945173400091623,1.3133785018834865,1.109343592377581,0.2842614746189771,-0.6756289121933012,1.6212029028196757,-0.5403070423796196,False,False,True,False,True,False,True,False,True,False,False,False,False,True,False,True,False,False,False,False,1746,0
-0.6224757917331949,0.8945707462906747,-0.24402253000766855,-0.9022652277520681,0.4771882149293511,0.4297081609502683,-0.4262628753384425,-0.22701157497454846,True,False,False,False,True,False,True,False,False,False,False,True,False,False,True,False,False,True,False,False,1747,1
-0.9850252981018345,-1.6134098842612938,1.2978819742029775,1.5965301035027302,1.1845862627340558,2.841352684172602,-0.9137547272808515,-0.8071883664654209,True,False,False,False,True,False,False,True,False,False,False,True,False,True,False,True,False,False,False,False,1748,1
-0.5821284698797691,1.4999453812514947,-1.7588081107774238,-1.4868890411022473,-1.2470945265946167,1.635530422561435,-0.9787536408731727,-0.7375671514865162,True,False,False,False,True,True,False,False,False,False,False,True,False,False,True,False,False,False,False,True,1749,0
-0.8547610875464885,-0.7485889771744081,0.6780208669826172,0.788743436669418,0.3686669235047657,-0.7761141006608985,-0.4587623321346031,-0.41846991616653634,True,False,False,False,True,False,True,False,False,True,False,False,False,True,False,False,True,False,False,False,1750,1
-0.5642603702018235,-0.22969643292227673,1.1274201697173785,0.2606961213853852,1.1604704201952591,-0.575143723725704,2.3686904091313696,-0.8129901343803296,True,False,False,False,True,False,False,True,False,False,True,False,True,False,False,False,False,False,False,True,1751,0
0.13663024942340013,1.240499109125429,1.2785113146023412,-1.2134359671158732,0.26818424625977927,-0.977084477596093,-0.4587623321346031,0.21972455447342326,False,False,True,False,True,False,True,False,False,False,True,False,False,True,False,False,False,False,False,True,1752,0
1.8900095791108429,0.5486423834559204,-0.790275130745611,-0.5282317127592114,0.9112733806276927,-0.8765992891284957,0.06122897660396659,-0.9754396359977738,False,True,False,False,True,True,False,False,True,False,False,False,False,True,False,False,False,False,False,True,1753,1
2.215670105499208,1.4999453812514947,-0.7244148881034477,-1.4931753186651524,-1.6289287001255652,1.0326192917558517,-0.6212596161154061,1.2756463149868111,False,True,False,False,True,False,True,False,False,False,False,True,False,True,False,False,False,False,False,True,1754,1
0.2645888987299787,-0.8350710678830967,1.0886788505161058,0.8201748244839439,0.18377879737399064,-0.7761141006608985,3.3436741130161876,-0.38365930867708403,False,False,True,False,True,False,True,False,False,False,True,False,True,False,False,False,False,True,False,False,1755,1
2.105579555870574,0.029749839203788972,-0.5500789516977214,-0.05676089554132498,-0.8089900538064757,-0.3741733467905095,-0.4587623321346031,-0.48809113114544106,False,True,False,True,False,True,False,False,False,False,True,False,False,True,False,False,False,False,False,True,1756,0
-0.5325589030312747,0.8945707462906747,-0.7011700965826843,-0.8959789501891628,-1.6570638497541614,-0.7761141006608985,-0.23126613456147885,2.32576630758529,True,False,False,False,True,False,False,True,False,False,True,False,False,True,False,False,False,False,True,False,1757,0
-0.7481288797910063,0.8080886555819861,-0.8638836372280287,-0.7922553704012278,0.38072484477416413,-0.7761141006608985,-0.7187579865038879,-0.952232564338139,True,False,False,False,True,False,False,True,True,False,False,False,False,True,False,False,True,False,False,False,1758,1
0.08590790195052216,-1.353963612135228,1.1622873569985237,1.3325064458607139,0.9032347664480938,-0.07271778138771784,1.1987099644695878,1.8152107310733223,False,False,True,False,True,True,False,False,False,False,False,True,True,False,False,False,False,False,False,True,1759,0
-0.752163611976349,-1.4404457028439166,0.5850417008995632,1.458231997118817,0.5937481205335354,2.037471176431824,1.8161996435966392,0.8869278646879265,True,False,False,False,True,False,True,False,False,True,False,False,False,True,False,True,False,False,False,False,1760,1
0.2766930952860065,1.5864274719601832,-1.2977864122822809,-1.5497518167312987,-0.6080246993165027,-0.6756289121933012,0.0937284334001272,0.016662677451617938,False,False,True,False,True,False,True,False,False,True,False,False,False,True,False,False,False,False,False,True,1761,0
-0.45878094307072487,0.2891961113298547,-0.5694496112983577,-0.31449827562043625,-0.3186345888509417,-0.977084477596093,0.06122897660396659,0.41118289566541116,True,False,False,False,True,False,False,True,False,False,True,False,True,False,False,True,False,False,False,False,1762,0
0.37410305804642,-0.0567322515048996,-0.27114145344855933,0.06267837815387294,0.7022694119581208,-0.575143723725704,-0.881255270484691,-0.38946107659199275,False,False,True,False,True,False,True,False,False,True,False,False,False,False,True,False,False,False,False,True,1763,0
2.0542808180855046,-1.0945173400091623,0.7710000330656713,1.0747690657816025,0.5455164354559419,-0.575143723725704,0.2887251741770908,-0.19220096748509613,False,True,False,False,True,False,True,False,False,False,False,True,False,False,True,False,False,False,True,False,1764,1
0.40753369615354407,-1.6134098842612938,0.9724548929122884,1.6531066015688767,1.1363545776564623,-0.2736881583229123,0.1262278901962878,-1.2307174242537577,False,False,True,False,True,False,False,True,False,False,True,False,False,False,True,False,True,False,False,False,1765,0
0.17524840034025055,0.6351244741646089,0.43007642409447316,-0.6633866803616723,0.6017867347131344,1.3340748571586434,0.6787186557310181,-0.7549724552312423,False,False,True,False,True,True,False,False,True,False,False,False,False,True,False,True,False,False,False,False,1766,0
-0.6495661364062092,0.4621602927472318,-0.7166666242631932,-0.4685120759116125,-1.6811796922929583,-0.6756289121933012,-0.7512574433000485,-0.9174219568486867,True,False,False,False,True,False,True,False,True,False,False,False,True,False,False,True,False,False,False,False,1767,1
-0.7504344410397734,-1.4404457028439166,0.5540486455385453,1.4708045522446271,1.3574164675954326,-0.8765992891284957,3.6036697673854725,-0.19800273540000485,True,False,False,False,True,False,True,False,False,True,False,False,False,True,False,True,False,False,False,False,1768,1
-0.9792613949799164,0.029749839203788972,-0.1510433639246145,-0.019043230163894056,-0.27844151795294714,-0.47465853525810675,0.45122245815789386,0.7128748272406648,True,False,False,False,True,False,True,False,False,False,True,False,False,True,False,False,False,True,False,False,1769,0
0.13720663973559202,-1.6134098842612938,0.9182170460305068,1.6311046300987087,0.9715629869746846,-0.8765992891284957,1.426206162042712,1.9312460893714969,False,False,True,False,True,False,False,True,True,False,False,False,True,False,False,True,False,False,False,False,1770,0
-0.8074970819467613,-1.6998919749699823,0.8368602757078346,1.7128262384164756,1.1886055698238553,1.3340748571586434,-0.9462541840770121,-0.4996946669752585,True,False,False,False,True,False,True,False,False,False,False,True,False,True,False,False,False,True,False,False,1771,0
-0.7994276175760762,1.413463290542806,-1.3365277314835535,-1.4051674327844803,-0.2503063683243509,0.02776740707987939,-0.8162563568923697,-0.7723777589759685,True,False,False,False,True,False,False,True,False,True,False,False,False,False,True,False,False,True,False,False,1772,0
-0.593656276123605,0.6351244741646089,-1.6115910978125882,-0.6602435415802197,-1.1064187784516355,1.7360156110290323,-0.26376559135763944,-0.9638361001679564,True,False,False,False,True,False,True,False,True,False,False,False,False,False,True,False,False,False,False,True,1773,1
0.20003318376449775,1.4999453812514947,0.1588871896855656,-1.5026047350095102,-2.1835930785178905,0.8316489148206573,-0.6537590729115668,1.1189985812842755,False,False,True,False,True,True,False,False,False,False,True,False,True,False,False,False,False,False,False,True,1774,1
0.30666539151997985,1.1540170184167404,-0.9607369352312101,-1.1191418036722958,-1.5887356292275707,-0.3741733467905095,-0.29626504815380006,-0.5170999707199847,False,False,True,False,True,True,False,False,False,False,False,True,True,False,False,False,True,False,False,False,1775,0
0.11588019818449552,-1.4404457028439166,0.8368602757078346,1.442516303211554,0.8349065459215029,-0.8765992891284957,1.263708878061909,-0.7317653835716075,False,False,True,False,True,False,True,False,True,False,False,False,True,False,False,False,False,False,False,True,1776,0
0.19369289033038803,-1.0080352493004738,0.658650207381981,1.0213357064969089,0.6178639630723322,-0.575143723725704,1.6862018164119967,-0.15158859208073505,False,False,True,False,True,False,True,False,False,False,True,False,False,True,False,False,False,True,False,False,1777,0
-0.2022872541453757,0.9810528369993632,0.7283845819442716,-0.9871299748512876,-0.053360320924177425,-0.3741733467905095,0.1262278901962878,-0.7839812948057859,False,False,True,False,True,True,False,False,False,True,False,False,False,False,True,True,False,False,False,False,1778,0
-0.664552284523196,1.413463290542806,0.2053767727270926,-1.4491713757248164,1.1886055698238553,-0.575143723725704,-0.19876667776531826,0.2719404657076018,True,False,False,False,True,False,True,False,False,False,False,True,True,False,False,False,False,False,True,False,1779,0
-0.469732359002369,0.7216065648732976,0.3952092368133279,-0.694818068176198,1.2046827981830532,-0.575143723725704,-0.7837569000962091,-0.8361972060399645,True,False,False,False,True,False,False,True,True,False,False,False,False,True,False,False,False,False,True,False,1780,1
-0.582704860191961,-1.4404457028439166,1.3250008976438683,1.3953692214897653,0.9273506089868905,0.3292229724826711,-0.9462541840770121,2.1749203417976632,True,False,False,False,True,False,True,False,True,False,False,False,True,False,False,False,True,False,False,False,1781,0
0.3078181721443634,0.37567820203854324,-0.5462048197775942,-0.4025061615011084,1.0318525933216764,-0.977084477596093,-0.13376776417299704,-0.9812414039126826,False,False,True,False,True,False,True,False,True,False,False,False,True,False,False,False,False,False,True,False,1782,0
-0.5608020283286727,-1.4404457028439166,0.8058672203468166,1.4708045522446271,0.9514664515256872,-0.977084477596093,1.0687121372849453,-0.8942148851890517,True,False,False,False,True,False,True,False,False,False,True,False,True,False,False,False,True,False,False,False,1783,1
-0.7469760991666228,0.2027140206211661,-0.8793801649085378,-0.17620016923652287,-0.021205864205781758,0.5301933494178656,0.9387143101003029,-1.0334573151468611,True,False,False,False,True,True,False,False,False,False,True,False,False,False,True,False,True,False,False,False,1784,1
2.27100357546962,-1.4404457028439166,0.67414673506249,1.4236574705228386,0.9072540735378932,0.73116372635306,0.45122245815789386,1.9776602326907666,False,True,False,False,True,True,False,False,False,True,False,False,True,False,False,False,False,True,False,False,1785,0
-0.7821359082103223,1.5864274719601832,0.14726479392518382,-1.6094714535788976,0.5214005929171451,0.22873778401507386,-0.26376559135763944,-0.0645620733571042,True,False,False,False,True,True,False,False,False,True,False,False,True,False,False,False,False,True,False,False,1786,0
-0.8219068397515561,1.4999453812514947,0.29060767496989215,-1.496318457446605,-2.2438826848648823,0.02776740707987939,-0.8162563568923697,-0.6447388648479766,True,False,False,False,True,True,False,False,False,False,True,False,True,False,False,False,False,False,True,False,1787,1
0.27496392434943123,0.6351244741646089,-1.2241779057998632,-0.6539572640173145,0.15564364774539444,-0.575143723725704,0.7762170261194999,-0.05876030544219547,False,False,True,False,True,False,True,False,True,False,False,False,True,False,False,False,True,False,False,False,1788,1
-0.5752117861334676,0.6351244741646089,-1.499241272128898,-0.6225258762027888,1.2408565619912482,0.6306785378854628,0.2237262605847696,-0.006544394208016959,True,False,False,True,False,False,False,True,False,False,True,False,False,True,False,False,True,False,False,False,1789,0
0.22020684469121046,0.8945707462906747,0.12014587048429307,-0.9305534767851412,-0.025225171295581217,-0.07271778138771784,-0.5562607025230849,0.289345769452328,False,False,True,False,True,True,False,False,False,True,False,False,False,True,False,False,False,False,True,False,1790,0
2.2058714701919473,-0.7485889771744081,0.25574048768874685,0.7353100773847243,-0.4472524157245244,-0.7761141006608985,0.45122245815789386,-0.7607742231461511,False,True,False,False,True,True,False,False,False,False,False,True,False,True,False,False,False,False,True,False,1791,0
0.09743570819435804,-0.4026606143396539,0.8019930884266893,0.3927079502063935,0.13554711229639713,-0.47465853525810675,-0.7837569000962091,-0.13998505625091762,False,False,True,False,True,False,True,False,False,True,False,False,False,False,True,False,False,False,True,False,1792,0
-1.146990975827729,1.413463290542806,-1.7859270342183147,-1.4020242940030276,-0.8732989672432669,-0.17320296985531508,-0.8162563568923697,2.3721804509045596,True,False,False,False,True,False,True,False,False,False,True,False,True,False,False,False,True,False,False,False,1793,1
-0.7244968769911427,0.2027140206211661,-1.3558983910841897,-0.18248644679942802,-0.2945187463121449,-0.977084477596093,2.1086947547620847,-0.09937268084655654,True,False,False,False,True,False,False,True,False,False,False,True,True,False,False,False,False,True,False,False,1794,0
-0.9642752468629299,-1.180999430717851,1.0848047185959786,1.1502043965364643,1.3574164675954326,-0.2736881583229123,0.5487208285463757,-1.0102502434872263,True,False,False,True,False,False,True,False,False,True,False,False,False,False,True,False,False,False,False,True,1795,0
-0.8069206916345695,1.6729095626688717,0.4998107986567637,-1.675477367989402,-2.135361393440297,0.02776740707987939,-0.8487558136885304,-0.5693158819541632,True,False,False,False,True,False,True,False,False,False,True,False,True,False,False,False,False,False,False,True,1796,1
0.05997033790189139,-0.9215531585917853,0.7090139223436353,0.9553297920864047,0.13152780520659768,-0.8765992891284957,0.028729519807805987,0.6896677555810299,False,False,True,False,True,False,False,True,False,False,True,False,True,False,False,False,False,False,False,True,1797,1
-0.613829937050318,-1.4404457028439166,0.44944708369510944,1.4110849153970282,1.0881228925788688,0.02776740707987939,-0.6862585297077273,-0.38365930867708403,True,False,False,False,True,True,False,False,False,True,False,False,False,False,True,False,True,False,False,False,1798,1
0.28245699840792454,0.11623192991247754,-1.0033523863526097,-0.07247658944858786,-1.1305346209904323,0.12825259554747662,0.9062148533041423,-0.615730025273433,False,False,True,True,False,True,False,False,False,True,False,False,False,True,False,False,False,False,False,True,1799,1
-0.8155665463174464,-1.0080352493004738,0.6663984712222355,0.9647592084307623,1.220760026542251,0.3292229724826711,-0.5562607025230849,0.8637207930282916,True,False,False,False,True,False,True,False,False,False,False,True,False,False,True,False,False,True,False,False,1800,0
1.6900021407802897,1.240499109125429,0.9647066290720339,-1.2134359671158732,-0.09355339182217201,-0.575143723725704,-0.3287645049499607,-0.8245936702101471,False,True,False,False,True,False,False,True,False,False,True,False,False,True,False,False,True,False,False,False,1801,0
0.2259707478131285,1.5864274719601832,-1.2900381484420265,-1.5874694821087296,-1.6048128575867684,1.4345600456262406,-0.9137547272808515,0.5272182539635857,False,False,True,False,True,False,False,True,True,False,False,False,True,False,False,True,False,False,False,False,1802,0
-0.9089417768925174,0.4621602927472318,0.4804401390561274,-0.4936571861632331,-1.407866810186595,4.75057126505695,2.888681717869939,-0.9290254926785041,True,False,False,False,True,True,False,False,False,True,False,False,False,True,False,False,True,False,False,False,1803,0
-0.9227751443851204,0.2027140206211661,-1.4566258210074983,-0.16362761411071258,0.09535404139840255,1.133104480223449,-0.06876885058067583,1.0087649909010097,True,False,False,False,True,False,False,True,True,False,False,False,False,False,True,False,False,True,False,False,1804,0
2.001252909363859,-0.48914270504834245,0.9995738163531791,0.47128641974270785,-0.15384299816916389,-0.977084477596093,-0.0037699369883546193,-1.016052011402135,False,True,False,False,True,False,False,True,False,True,False,False,False,False,True,False,False,False,False,True,1805,1
-0.6674342360841549,-0.48914270504834245,-0.24402253000766855,0.4838589748685182,1.264972404530045,0.73116372635306,-0.0037699369883546193,-0.7723777589759685,True,False,False,False,True,False,True,False,False,False,True,False,False,False,True,False,True,False,False,False,1806,0
-0.9475599278093676,0.11623192991247754,0.9143429141103796,-0.13848250385909197,0.2601456320801803,-0.17320296985531508,-0.7837569000962091,-1.2771315675730275,True,False,False,False,True,False,True,False,True,False,False,False,True,False,False,True,False,False,False,False,1807,0
-0.3999891312271616,1.240499109125429,-1.5805980424515702,-1.2197222446787783,-1.2109207627864216,-0.3741733467905095,1.2962083348580695,-0.8361972060399645,True,False,False,True,False,True,False,False,False,False,False,True,False,False,True,False,False,True,False,False,1808,1
2.231809034240577,-1.5269277935526053,0.8872239906694889,1.508522217622058,0.6500184197907278,1.3340748571586434,0.0937284334001272,-0.615730025273433,False,True,False,True,False,False,True,False,True,False,False,False,True,False,False,False,True,False,False,False,1809,1
-0.689913458259635,1.240499109125429,1.3250008976438683,-1.2637261876191144,-1.2189593769660205,-0.2736881583229123,1.5237045324311937,-0.43587521991126255,True,False,False,False,True,True,False,False,False,False,True,False,False,True,False,False,False,False,True,False,1810,0
-0.731989951049636,-1.2674815214265396,0.5463003816982908,1.250784837542947,0.9434278373460884,-0.575143723725704,2.4336893227236907,1.548329406987521,True,False,False,False,True,False,True,False,False,False,True,False,False,False,True,True,False,False,False,False,1811,0
-0.5982673986211394,1.4999453812514947,-0.5771978751386122,-1.4648870696320793,-1.6771603852031587,-0.07271778138771784,-0.7512574433000485,-1.0682679226363134,True,False,False,False,True,True,False,False,False,True,False,False,True,False,False,False,False,False,True,False,1812,0
-0.03571045392194671,1.0675349277080517,-1.9563888387039137,-1.0908535546392226,-2.030859409105511,3.946689757316171,-0.9787536408731727,-1.0102502434872263,False,False,True,False,True,False,True,False,False,False,True,False,False,False,True,False,False,True,False,False,1813,0
-0.6910662388840185,-1.180999430717851,0.9763290248324156,1.1879220619138953,0.3043580100679744,2.5398971187698103,0.7112181125271787,-0.44167698782617126,True,False,False,False,True,False,True,False,True,False,False,False,True,False,False,False,False,False,True,False,1814,0
-0.2610790659889389,-0.6621068864657196,-0.46484804945492186,0.6378727751596944,0.8911768451786953,-0.977084477596093,-0.06876885058067583,2.2909557000958376,False,False,True,False,True,False,False,True,False,False,False,True,False,False,True,False,False,True,False,False,1815,0
-0.11467592669222279,0.5486423834559204,-0.821268186106629,-0.5219454351963063,-0.049341013834377966,-0.6756289121933012,-0.6212596161154061,-0.34304693327272295,False,False,True,False,True,True,False,False,False,True,False,False,False,True,False,False,False,False,False,True,1816,0
0.08994263413586474,-1.6134098842612938,0.8717274629889799,1.6091026586285406,0.8871575380888959,-0.17320296985531508,0.45122245815789386,-1.0276555472319524,False,False,True,False,True,False,False,True,False,False,False,True,False,True,False,False,False,False,True,False,1817,1
-0.5815520795675774,1.1540170184167404,-2.0338714771064588,-1.1882908568642525,-0.38696280937753247,-0.7761141006608985,2.466188779519851,-1.3119421750624798,True,False,False,False,True,False,False,True,False,False,False,True,True,False,False,False,True,False,False,False,1818,0
0.06400507008723398,-0.48914270504834245,-0.5152117644165761,0.5058609463386862,1.2368372549014488,-0.47465853525810675,0.35372408776941205,-0.02394969795274313,False,False,True,False,True,True,False,False,False,False,False,True,False,False,True,True,False,False,False,False,1819,0
2.378788563849486,-1.4404457028439166,1.0189444759538153,1.4362300256486489,0.8550030813705002,2.6403823072374073,-0.7837569000962091,-0.09357091293164782,False,True,False,False,True,False,False,True,False,False,True,False,True,False,False,False,False,False,False,True,1820,0
2.046211353714819,0.9810528369993632,0.4610694794554912,-0.9462691706924041,0.5495357425457413,-0.6756289121933012,-0.6537590729115668,1.3684746016253506,False,True,False,False,True,False,True,False,False,True,False,False,False,False,True,False,False,True,False,False,1821,1
-0.8876153353414209,0.6351244741646089,0.29060767496989215,-0.6382415701100517,0.5093426716477468,-0.17320296985531508,-0.49126178893076367,-0.39526284450690147,True,False,False,False,True,True,False,False,False,True,False,False,False,False,True,False,False,True,False,False,1822,1
0.029421651355726153,-0.8350710678830967,0.2518663557686196,0.8076022693581335,-0.2623642895937493,-0.17320296985531508,-0.7837569000962091,-0.07036384127201292,False,False,True,False,True,False,False,True,False,False,False,True,False,True,False,False,True,False,False,False,1823,0
-0.032828502360987895,-0.6621068864657196,0.12402000240442032,0.685019856881483,-0.5075420220715162,-0.977084477596093,-0.5237612457269243,-0.8303954381250558,False,False,True,False,True,False,True,False,False,False,False,True,False,False,True,False,False,True,False,False,1824,0
-0.534864464280042,1.3269811998341174,-0.712792492343066,-1.3014438529965453,-0.48744548662251896,-0.977084477596093,-0.7512574433000485,-0.6099282573585243,True,False,False,False,True,True,False,False,False,False,True,False,False,False,True,False,False,False,True,False,1825,0
0.12164410130641355,0.9810528369993632,-1.979633630224677,-0.9934162524141927,-1.600793550496969,-0.977084477596093,0.45122245815789386,0.39957935983559373,False,False,True,False,True,False,False,True,False,True,False,False,False,True,False,False,False,True,False,False,1826,1
-0.9792613949799164,1.5864274719601832,-0.3524982237712316,-1.60004203723454,-1.3596351251090015,1.7360156110290323,0.06122897660396659,-0.8303954381250558,True,False,False,False,True,False,True,False,False,False,False,True,True,False,False,False,False,True,False,False,1827,0
0.25997777623244445,-1.2674815214265396,1.1894062804394145,1.2224965885098737,0.27622286043937816,-0.977084477596093,1.003713223692624,-0.44747875574108,False,False,True,False,True,False,False,True,False,False,True,False,True,False,False,True,False,False,False,False,1828,1
0.08302595038956315,1.5864274719601832,0.14726479392518382,-1.6189008699232554,0.3405317738761695,-0.2736881583229123,-0.9787536408731727,-0.9174219568486867,False,False,True,False,True,False,True,False,False,True,False,False,False,True,False,True,False,False,False,False,1829,1
-0.6207466207966195,-1.5269277935526053,1.2513923911614504,1.5273810503107736,0.9836209082440829,1.0326192917558517,-0.5887601593192455,-0.7897830627206947,True,False,False,False,True,True,False,False,False,True,False,False,True,False,False,False,False,True,False,False,1830,1
-1.0639907708721104,-1.0945173400091623,0.3525937856919282,1.109343592377581,0.9434278373460884,1.0326192917558517,-0.39376341854228186,0.8927296326028352,True,False,False,False,True,False,False,True,False,False,True,False,False,False,True,True,False,False,False,False,1831,1
-0.5193019258508633,0.029749839203788972,0.41457989641396414,-0.031615785289704365,1.2689917116198444,1.635530422561435,-0.39376341854228186,-0.39526284450690147,True,False,False,False,True,False,False,True,False,True,False,False,True,False,False,True,False,False,False,False,1832,1
-1.0299837424527944,-0.575624795757031,-0.5500789516977214,0.5561511668419274,0.6138446559825327,0.9321341032882544,0.191226803788609,-0.34304693327272295,True,False,False,False,True,False,False,True,True,False,False,False,False,True,False,False,True,False,False,False,1833,1
-0.5371700255288091,-1.5269277935526053,0.7555035053851623,1.4990928012777003,1.2529144832606467,-0.07271778138771784,1.166210507673427,0.03986974911125283,True,False,False,False,True,False,False,True,False,False,False,True,False,True,False,False,False,False,False,True,1834,0
0.16487337472079824,0.37567820203854324,-0.15491749584474176,-0.3522159409978672,-0.6160633134961017,-0.3741733467905095,-0.9787536408731727,0.016662677451617938,False,False,True,False,True,False,False,True,False,False,False,True,False,False,True,True,False,False,False,False,1835,0
0.09743570819435804,1.240499109125429,-1.9137733875825138,-1.2354379385860412,-2.1835930785178905,-0.8765992891284957,-0.10126830737683644,-0.279227486208727,False,False,True,True,False,False,False,True,False,False,False,True,True,False,False,False,False,False,True,False,1836,1
2.1908853220749602,-1.6998919749699823,0.9259653098707613,1.731685071105191,1.317223396697438,-0.977084477596093,-0.8162563568923697,-0.5693158819541632,False,True,False,True,False,True,False,False,False,False,False,True,False,False,True,False,False,False,True,False,1837,1
-0.6478369654696339,1.3269811998341174,1.0150703440336881,-1.2983007142150926,-2.2519212990444815,-0.17320296985531508,-0.7512574433000485,0.9565490796668312,True,False,False,False,True,False,True,False,False,False,False,True,False,False,True,False,False,True,False,False,1838,0
-0.07951611764852327,0.029749839203788972,1.2785113146023412,-0.05676089554132498,1.3574164675954326,1.7360156110290323,-0.7187579865038879,-0.2618221824640008,False,False,True,False,True,True,False,False,False,False,False,True,True,False,False,False,False,False,False,True,1839,0
2.545365364072915,-0.48914270504834245,-0.6701770412216662,0.47128641974270785,-0.49950340789191733,-0.6756289121933012,-0.881255270484691,-0.5461088102945283,False,True,False,False,True,False,False,True,True,False,False,False,False,False,True,False,False,False,False,True,1840,1
0.32856822338326824,-0.48914270504834245,-0.5655754793782304,0.4681432809612553,1.0841035854890693,-0.8765992891284957,0.35372408776941205,0.8405137213686568,False,False,True,False,True,False,True,False,False,False,False,True,True,False,False,False,True,False,False,False,1841,1
-0.24724569849633585,1.0675349277080517,-1.5651015147710612,-1.065708444387602,0.6259025772519311,-0.7761141006608985,-0.5887601593192455,3.3062650852048647,False,False,True,False,True,False,True,False,False,False,False,True,True,False,False,False,False,False,False,True,1842,1
-1.0478518421307401,0.7216065648732976,-0.9839817267519736,-0.6916749293947454,-1.7535272199093483,1.5350452340938379,0.8737153965079817,-0.7549724552312423,True,False,False,False,True,True,False,False,True,False,False,False,False,False,True,False,False,False,False,True,1843,0
0.2651652890421706,-0.6621068864657196,1.2049028081199233,0.6315864975967893,0.14760503356579552,3.4442638149781852,-0.6212596161154061,0.5098129502188594,False,False,True,False,True,False,False,True,False,False,True,False,True,False,False,False,True,False,False,False,1844,1
-0.8121082044442957,1.240499109125429,-0.4725963132951764,-1.2260085222416834,0.8429451601011019,-0.3741733467905095,0.8087164829156605,-0.8942148851890517,True,False,False,True,False,True,False,False,False,False,True,False,False,False,True,False,False,False,False,True,1845,0
-0.706628777313197,1.6729095626688717,-0.03869353824092423,-1.6566185353006864,-2.1152648579912996,1.133104480223449,-0.3612639617461213,1.7107789086049654,True,False,False,False,True,False,True,False,False,False,False,True,False,False,True,True,False,False,False,False,1846,0
-0.9360321215655317,-0.14321434221358817,0.4688177432957457,0.12554115378292446,0.32043523842717225,2.841352684172602,1.4587056188388725,-0.5809194177839806,True,False,False,False,True,False,False,True,False,False,False,True,False,True,False,False,False,True,False,False,1847,0
-0.7579275150982668,-0.575624795757031,0.5617969093787997,0.5561511668419274,0.7947134750235083,-0.7761141006608985,-0.7837569000962091,2.0472814476696715,True,False,False,False,True,False,False,True,False,False,False,True,False,True,False,True,False,False,False,False,1848,0
-0.661670332962237,-1.0945173400091623,1.02669273979407,1.0841984821259603,0.9996981366032808,2.2384415533670183,-0.881255270484691,-1.0624661547214047,True,False,False,False,True,False,True,False,False,True,False,False,True,False,False,False,False,True,False,False,1849,0
-0.02937016048783699,-1.353963612135228,0.7787482969059258,1.354508417330882,1.2931075541586412,1.0326192917558517,-0.9462541840770121,-0.7433689194014249,False,False,True,False,True,False,False,True,False,True,False,False,True,False,False,False,False,True,False,False,1850,0
-0.8386221588051183,-1.5269277935526053,0.9492101013915248,1.4959496624962478,0.9836209082440829,-0.17320296985531508,0.06122897660396659,-1.3409510146370234,True,False,False,True,False,False,True,False,False,False,False,True,False,False,True,True,False,False,False,False,1851,0
0.08706068257490573,0.8080886555819861,0.6237830201008358,-0.7985416479641331,-0.6683143056634946,-0.3741733467905095,-0.9137547272808515,-0.9928449397425,False,False,True,False,True,False,True,False,False,False,True,False,False,True,False,False,True,False,False,False,1852,0
-0.8455388425514198,-1.4404457028439166,1.0964271143563604,1.4079417766155757,1.2850689399790423,0.3292229724826711,2.0111963843736027,2.116902662648576,True,False,False,False,True,False,False,True,False,True,False,False,False,False,True,False,False,False,False,True,1853,0
1.8802109438035823,-1.6134098842612938,1.02669273979407,1.5745281320325621,1.2006634910932537,-0.6756289121933012,0.4837219149540545,-0.4126681482516276,False,True,False,False,True,False,True,False,False,True,False,False,False,False,True,False,False,True,False,False,1854,0
0.204644306262032,-0.6621068864657196,1.1739097527589055,0.6473021915040521,0.19181741155358956,2.439411930302213,-0.6212596161154061,0.8463154892835655,False,False,True,False,True,True,False,False,False,False,False,True,True,False,False,False,False,False,False,True,1855,0
-0.8657125034781327,0.11623192991247754,-1.2009331142790995,-0.11648053238892393,-0.4552910299041233,-0.8765992891284957,-0.6537590729115668,-0.511298202805076,True,False,False,False,True,False,True,False,True,False,False,False,False,False,True,False,False,False,False,True,1856,1
2.409337250395651,1.413463290542806,-2.3128089753556207,-1.4240262654731957,-0.18599745488755956,-0.575143723725704,-0.3287645049499607,-1.0276555472319524,False,True,False,False,True,False,False,True,False,True,False,False,False,True,False,False,False,False,True,False,1857,0
0.25017914092518384,0.11623192991247754,1.1274201697173785,-0.14476878142199712,-1.1626890777088281,-0.47465853525810675,-0.6862585297077273,-0.13418328833600887,False,False,True,False,True,True,False,False,False,True,False,False,False,False,True,True,False,False,False,False,1858,1
2.016815447793038,1.5864274719601832,-1.5186119317295341,-1.578040065764372,-2.0991876296321017,-0.7761141006608985,0.1262278901962878,-0.8129901343803296,False,True,False,False,True,True,False,False,False,True,False,False,False,True,False,False,True,False,False,False,1859,0
0.21386655125710075,1.1540170184167404,-0.09680551704283301,-1.1568594690497267,-2.223786149415885,1.3340748571586434,-0.9787536408731727,0.045671517026161554,False,False,True,False,True,False,False,True,True,False,False,False,False,True,False,False,False,False,True,False,1860,1
0.2403805056179234,-1.353963612135228,1.33662329340425,1.3356495846421663,0.5414971283661425,-0.8765992891284957,0.0937284334001272,1.5947435503067908,False,False,True,False,True,True,False,False,False,False,True,False,False,True,False,False,False,False,True,False,1861,1
0.4392351633240929,-0.575624795757031,0.17438371736607458,0.5750099995306429,-0.15384299816916389,5.052026830459741,0.1587273469924484,-0.72016184774179,False,False,True,False,True,False,True,False,True,False,False,False,True,False,False,False,False,False,False,True,1862,0
-0.9291154378192301,-1.5269277935526053,1.1932804123595417,1.561955576906752,0.9836209082440829,-0.2736881583229123,-0.9137547272808515,0.6316500764319427,True,False,False,False,True,True,False,False,True,False,False,False,False,True,False,False,False,True,False,False,1863,0
-0.7890525919566238,0.8080886555819861,-1.1660659269979543,-0.8394024521230166,1.309184782517839,0.4297081609502683,-0.39376341854228186,-0.43587521991126255,True,False,False,False,True,False,False,True,False,True,False,False,False,False,True,False,False,False,False,True,1864,0
-0.636309159225798,-0.14321434221358817,-0.6469322497009027,0.18211765184907083,0.7424624828561154,0.8316489148206573,-0.10126830737683644,-0.12838152042110015,True,False,False,False,True,True,False,False,True,False,False,False,False,False,True,False,False,True,False,False,1865,1
2.4289345210101723,-1.4404457028439166,0.7322587138643988,1.4456594419930067,0.7705976324847116,-0.977084477596093,0.191226803788609,2.093695590988941,False,True,False,False,True,False,True,False,True,False,False,False,False,True,False,False,False,False,False,True,1866,1
-0.7302607801130606,1.4999453812514947,-1.8285424853397143,-1.4648870696320793,-0.7326232191002859,-0.07271778138771784,-0.7837569000962091,-0.11677798459128272,True,False,False,False,True,True,False,False,True,False,False,False,True,False,False,False,True,False,False,False,1867,0
0.010977161365588673,-1.353963612135228,0.689643262742999,1.3262201682978088,0.5656129709049392,-0.07271778138771784,-0.4262628753384425,-1.0334573151468611,False,False,True,False,True,True,False,False,True,False,False,False,False,True,False,False,False,False,False,True,1868,0
-0.35618346750058527,0.11623192991247754,-1.0343454417136277,-0.13533936507763938,-0.5638123213287086,1.3340748571586434,-0.06876885058067583,-0.41846991616653634,False,False,True,False,True,False,True,False,False,False,False,True,True,False,False,False,False,True,False,False,1869,0
-0.6731981392060729,-0.9215531585917853,1.057685795155088,0.9113258491460686,0.13152780520659768,-0.7761141006608985,-0.06876885058067583,-0.7259636156566988,True,False,False,False,True,False,False,True,False,False,True,False,False,False,True,False,False,False,False,True,1870,0
-0.7394830251081294,0.8945707462906747,-0.9529886713909556,-0.9022652277520681,0.2440684037209825,-0.17320296985531508,1.426206162042712,-0.5635141140392544,True,False,False,False,True,False,False,True,False,False,True,False,False,True,False,True,False,False,False,False,1871,0
0.10608156287723489,-0.9215531585917853,0.4339505560146004,0.9301846818347841,0.3606283093251668,-0.575143723725704,1.003713223692624,-0.07036384127201292,False,False,True,False,True,False,True,False,True,False,False,False,False,True,False,False,True,False,False,False,1872,0
-0.6472605751574421,0.8080886555819861,1.3172526338036137,-0.8174004806528484,-2.0268401020157114,0.02776740707987939,0.4837219149540545,-0.02394969795274313,True,False,False,False,True,True,False,False,True,False,False,False,False,True,False,False,False,False,False,True,1873,1
-0.6455314042208667,0.8080886555819861,-0.31763103649008634,-0.8362593133415639,-1.3194420542110068,-0.6756289121933012,2.238692581946727,-0.6041264894436156,True,False,False,False,True,False,True,False,False,False,False,True,True,False,False,False,True,False,False,False,1874,1
2.0058640318613943,-0.0567322515048996,-0.3292534322504681,0.10039604353130385,0.6379604985213294,-0.8765992891284957,-0.5237612457269243,-0.43587521991126255,False,True,False,False,True,False,False,True,False,True,False,False,True,False,False,True,False,False,False,False,1875,0
-1.0023170074675882,-0.8350710678830967,0.8174896161071983,0.8704650449871851,0.7906941679337088,-0.17320296985531508,-0.4262628753384425,-0.8013865985505121,True,False,False,False,True,False,True,False,False,False,False,True,False,True,False,False,False,False,False,True,1876,0
2.286566113898798,-1.353963612135228,0.8019930884266893,1.382796666363955,0.6379604985213294,-0.7761141006608985,0.5162213717502151,-0.16319212791055251,False,True,False,False,True,False,False,True,False,False,False,True,False,False,True,False,True,False,False,False,1877,0
0.29974870777367846,1.3269811998341174,-2.072612796307731,-1.2951575754336402,-2.171535157248492,-0.977084477596093,0.191226803788609,-0.29663278995345316,False,False,True,False,True,True,False,False,False,False,False,True,False,True,False,False,False,False,True,False,1878,0
-0.6662814554597714,-0.22969643292227673,0.5230555901775272,0.2135490396635966,-0.30657666758154334,-0.575143723725704,-0.9462541840770121,-1.2307174242537577,True,False,False,False,True,False,True,False,True,False,False,False,False,True,False,False,False,False,False,True,1879,0
-0.9925183721603277,-0.4026606143396539,-0.5074635005763216,0.44614130949108727,0.49326544328854893,-0.7761141006608985,1.8486991003928,1.9776602326907666,True,False,False,False,True,False,False,True,True,False,False,False,True,False,False,False,False,False,False,True,1880,0
-1.0051989590285473,0.2891961113298547,0.8639791991487253,-0.3050688592760785,1.3574164675954326,0.73116372635306,-0.9462541840770121,-0.9116201889337779,True,False,False,False,True,True,False,False,False,False,False,True,False,False,True,False,False,False,True,False,1881,0
0.13201912692586587,-0.575624795757031,0.32934899417116464,0.5907256934379058,1.124296656387064,-0.8765992891284957,-0.3612639617461213,-0.16899389582546123,False,False,True,False,True,False,True,False,True,False,False,False,False,True,False,False,False,False,True,False,1882,1
0.08590790195052216,0.11623192991247754,-0.6934218327424297,-0.1321962262961868,-0.6441984631246979,-0.977084477596093,-0.3287645049499607,0.24293162613305816,False,False,True,False,True,False,True,False,False,True,False,False,False,False,True,True,False,False,False,False,1883,1
-0.5221838774118224,-0.7485889771744081,0.4920625348165092,0.7195943834774614,-0.242267754144752,-0.575143723725704,-0.5237612457269243,0.6896677555810299,True,False,False,False,True,False,False,True,False,False,True,False,True,False,False,False,False,True,False,False,1884,0
0.41906150239738016,-1.6998919749699823,1.1196719058771238,1.731685071105191,1.108219428027866,-0.977084477596093,-0.7837569000962091,-1.0624661547214047,False,False,True,False,True,True,False,False,False,False,False,True,True,False,False,False,False,True,False,False,1885,1
0.014435503238739373,-0.6621068864657196,0.550174513618418,0.6504453302855048,-0.30255736049174387,2.9418378726401992,0.9062148533041423,0.057275052855979,False,False,True,False,True,False,False,True,True,False,False,False,False,False,True,False,False,False,False,True,1886,1
-0.6685870167085385,-1.6998919749699823,0.9840772886726701,1.7002536832906652,0.8670610026398986,-0.3741733467905095,-0.06876885058067583,0.2023192507286971,True,False,False,False,True,False,False,True,False,False,True,False,False,False,True,True,False,False,False,False,1887,0
-0.6685870167085385,-1.0945173400091623,1.1235460377972513,1.07162592700015,1.3734936959546304,0.22873778401507386,1.003713223692624,1.7920036594136874,True,False,False,False,True,False,True,False,False,False,True,False,True,False,False,False,False,True,False,False,1888,0
0.2150193318814843,-1.353963612135228,0.9995738163531791,1.3890829439268602,0.5334585141865436,0.02776740707987939,-0.9462541840770121,3.1380138156725117,False,False,True,False,True,False,True,False,False,False,True,False,False,False,True,False,False,False,False,True,1889,0
-0.7342955122984032,-0.4026606143396539,0.08915281512327507,0.42099619923946663,0.63394119143153,-0.47465853525810675,0.1262278901962878,-1.2365191921686665,True,False,False,False,True,False,True,False,True,False,False,False,True,False,False,False,False,True,False,False,1890,0
1.9096068497253642,-0.9215531585917853,0.10464934280378406,0.9207552654904263,0.3324931596965706,0.5301933494178656,-0.4262628753384425,-0.6911530081672463,False,True,False,False,True,False,True,False,True,False,False,False,False,False,True,False,False,False,True,False,1891,1
-0.7665733697811438,-1.2674815214265396,0.48818840289638193,1.2539279763243993,0.2360297895413836,0.4297081609502683,-0.5237612457269243,-0.16319212791055251,True,False,False,False,True,False,True,False,False,False,False,True,False,False,True,False,False,False,True,False,1892,1
0.19599845157915516,-1.353963612135228,0.41457989641396414,1.345079000986524,0.441014451121156,-0.575143723725704,-0.8162563568923697,-0.02394969795274313,False,False,True,False,True,True,False,False,False,True,False,False,True,False,False,False,False,False,True,False,1893,1
-1.0299837424527944,-1.4404457028439166,0.7090139223436353,1.4613751359002694,0.678153569419324,-0.07271778138771784,0.9387143101003029,0.23132809030324072,True,False,False,False,True,False,True,False,False,True,False,False,False,False,True,False,False,False,True,False,1894,0
-0.38500298311017506,-0.6621068864657196,-0.20915534272652328,0.6253002200338841,1.3493778534158336,-0.7761141006608985,-0.4587623321346031,-0.5054964348901673,True,False,False,False,True,True,False,False,False,False,True,False,False,False,True,False,False,False,False,True,1895,0
0.3326029555686108,1.3269811998341174,-2.2508228646335846,-1.3674497674070494,-2.207708921056687,-0.977084477596093,-0.49126178893076367,-0.47648759531562357,False,False,True,False,True,False,True,False,False,False,False,True,False,True,False,False,False,False,True,False,1896,0
0.15276917816477048,0.029749839203788972,-0.5500789516977214,-0.01590009138244148,-0.8813375814228659,1.7360156110290323,0.028729519807805987,0.13849980366470113,False,False,True,False,True,False,False,True,False,True,False,False,False,False,True,False,False,False,True,False,1897,1
-0.7440941476056637,0.6351244741646089,0.015544308640857285,-0.6476709864544093,-0.5999860851369038,-0.8765992891284957,0.2237262605847696,0.21392278655851454,True,False,False,False,True,True,False,False,False,False,True,False,False,False,True,False,False,True,False,False,1898,0
0.08763707288709761,1.5864274719601832,-1.9873818940649317,-1.5874694821087296,-0.12168854145076823,0.12825259554747662,-0.9137547272808515,1.3336639941358983,False,False,True,False,True,False,False,True,False,True,False,False,False,False,True,False,False,False,False,True,1899,0
0.17236644877929153,-1.353963612135228,0.4262022921743459,1.3922260827083128,0.5535550496355408,0.73116372635306,-0.26376559135763944,-0.035553233782560575,False,False,True,True,False,False,True,False,False,False,False,True,False,True,False,False,True,False,False,False,1900,0
0.31704041713943215,-0.14321434221358817,-0.5423306878574669,0.11296859865711416,0.9273506089868905,1.3340748571586434,0.7762170261194999,-1.1494926734450355,False,False,True,False,True,True,False,False,False,False,True,False,False,True,False,False,False,False,True,False,1901,0
0.10435239194065964,-0.6621068864657196,1.0770564547557242,0.6913061344443883,1.0037174436930802,-0.3741733467905095,-0.3612639617461213,0.4459935031548635,False,False,True,False,True,True,False,False,True,False,False,False,True,False,False,False,True,False,False,False,1902,0
0.1556511297257295,-0.0567322515048996,1.0693081909154696,0.08468034962404097,0.7022694119581208,-0.6756289121933012,0.5487208285463757,-0.7955848306356034,False,False,True,False,True,False,True,False,False,True,False,False,False,True,False,False,False,False,False,True,1903,0
2.2923300170207166,0.9810528369993632,0.5075590624970182,-1.0185613626658134,0.8107907033827062,2.338926741834616,-0.19876667776531826,-0.44167698782617126,False,True,False,False,True,False,False,True,True,False,False,False,False,True,False,False,False,False,True,False,1904,0
-0.800004007888268,1.0675349277080517,-0.05031593400130599,-1.0908535546392226,-0.9577044161290557,-0.3741733467905095,-0.9787536408731727,-0.9232237247635954,True,False,False,False,True,False,True,False,True,False,False,False,False,True,False,False,False,True,False,False,1905,1
0.0951301469455909,0.9810528369993632,0.6663984712222355,-0.9871299748512876,-1.9625311885789203,-0.977084477596093,-0.3612639617461213,-0.3314433974429055,False,False,True,False,True,False,True,False,True,False,False,False,False,True,False,True,False,False,False,False,1906,1
-0.49855187461195877,1.5864274719601832,-1.6270876254930973,-1.578040065764372,-0.8331058963452724,-0.2736881583229123,-0.9462541840770121,1.2466374754122673,True,False,False,False,True,False,True,False,True,False,False,False,True,False,False,False,False,True,False,False,1907,0
0.13951220098435915,-1.180999430717851,1.1351684335576329,1.1564906740993695,0.730404561586717,-0.3741733467905095,-0.49126178893076367,0.5562270935381293,False,False,True,False,True,False,False,True,True,False,False,False,True,False,False,False,False,False,False,True,1908,0
-0.5573436864555219,-1.2674815214265396,0.6663984712222355,1.2382122824171364,0.879118923909297,0.4297081609502683,-0.9787536408731727,-0.8129901343803296,True,False,False,False,True,True,False,False,False,False,False,True,True,False,False,False,False,False,True,False,1909,0
0.09801209850654992,0.029749839203788972,-0.5384565559373397,-0.050474617978419824,0.43699514403135653,0.73116372635306,0.32122463097325143,0.8927296326028352,False,False,True,False,True,False,False,True,True,False,False,False,False,False,True,False,False,False,False,True,1910,1
-0.4391836724562038,0.37567820203854324,-1.3830173145250804,-0.41193557784546614,-0.6602756914838956,4.248145322718963,-0.5562607025230849,-1.2945368713177536,True,False,False,False,True,False,True,False,False,True,False,False,False,False,True,False,True,False,False,False,1911,1
-0.18038442228208754,-1.180999430717851,1.3288750295639955,1.16906322922518,1.116258042207465,-0.575143723725704,0.5487208285463757,-0.12257975250619144,False,False,True,False,True,False,True,False,False,False,True,False,False,False,True,False,False,False,True,False,1912,1
-0.09565504638989362,1.3269811998341174,-2.0919834559083674,-1.3203026856852607,-0.07747616346297417,-0.8765992891284957,-0.39376341854228186,1.0493773663053707,False,False,True,False,True,False,False,True,True,False,False,False,False,False,True,False,False,True,False,False,1913,1
2.1666769289629046,-1.6998919749699823,1.1429166973978875,1.7033968220721178,0.8630416955500991,-0.575143723725704,-0.5237612457269243,0.08628389243052262,False,True,False,False,True,False,False,True,False,False,False,True,True,False,False,True,False,False,False,False,1914,1
1.9470722200178303,1.413463290542806,0.3642161814523099,-1.4177399879102905,-1.7294113773705517,-0.2736881583229123,0.1262278901962878,-0.0645620733571042,False,True,False,False,True,False,False,True,False,False,True,False,False,False,True,False,True,False,False,False,1915,0
2.2364201567381126,-1.0945173400091623,1.0460633993947062,1.0684827882186974,0.8027520892031073,1.0326192917558517,0.3862235445655726,2.55203525626673,False,True,False,False,True,True,False,False,False,True,False,False,False,False,True,False,False,False,True,False,1916,1
-0.5239130483483977,1.6729095626688717,-1.607716965892461,-1.675477367989402,0.06721889176980633,1.133104480223449,-0.9462541840770121,-1.224915656338849,True,False,False,False,True,False,True,False,False,True,False,False,True,False,False,False,False,False,True,False,1917,1
0.0276924804191507,-0.0567322515048996,-0.37961714721212236,0.04381954546515747,-0.8933955026922643,2.1379563648994213,-0.29626504815380006,-0.3662540049323578,False,False,True,False,True,False,False,True,False,True,False,False,True,False,False,False,True,False,False,False,1918,1
-0.7210385351179919,-1.353963612135228,0.8174896161071983,1.37651038880105,1.3333006250566357,-0.2736881583229123,1.2312094212657483,-0.5983247215287067,True,False,False,False,True,False,True,False,False,True,False,False,False,True,False,False,False,False,True,False,1919,0
-1.2622690382660882,0.6351244741646089,-0.14329510008436003,-0.6665298191431248,-1.6289287001255652,0.6306785378854628,0.2887251741770908,0.16750864323924475,True,False,False,False,True,False,True,False,True,False,False,False,True,False,False,False,False,False,True,False,1920,1
-0.5948090567479887,0.4621602927472318,0.03878910016162079,-0.4842277698188754,0.17574018319439172,-0.2736881583229123,-0.6862585297077273,-0.7897830627206947,True,False,False,False,True,True,False,False,False,False,False,True,False,False,True,False,False,False,False,True,1921,1
-0.6593647717134697,1.5864274719601832,-2.1578436985505305,-1.5623243718571092,-0.8732989672432669,-0.977084477596093,-0.23126613456147885,0.41118289566541116,True,False,False,True,False,False,True,False,True,False,False,False,False,False,True,False,False,False,False,True,1922,1
-0.7141218513716904,1.6729095626688717,-2.254696996553712,-1.637759702611971,-1.5806970150479718,1.3340748571586434,-0.8487558136885304,2.3199645396703814,True,False,False,False,True,True,False,False,False,False,True,False,False,False,True,False,False,True,False,False,1923,0
0.15276917816477048,-1.180999430717851,1.2358958634809414,1.2036377558211582,0.2440684037209825,0.22873778401507386,-0.7837569000962091,-0.7259636156566988,False,False,True,False,True,False,True,False,False,True,False,False,False,False,True,True,False,False,False,False,1924,0
0.16314420378422279,1.1540170184167404,-1.5224860636496615,-1.1914339956457052,0.6701149552397251,-0.977084477596093,0.6462191989348575,-0.7897830627206947,False,False,True,False,True,True,False,False,False,False,False,True,False,True,False,False,False,False,True,False,1925,0
2.1441977067874247,-0.3161785236309653,0.596664096659945,0.35184714604750994,0.7665783253949121,-0.3741733467905095,0.1587273469924484,1.0145667588159184,False,True,False,False,True,True,False,False,False,True,False,False,False,True,False,False,False,False,True,False,1926,0
0.23115826062285466,-1.6134098842612938,1.0693081909154696,1.6311046300987087,1.2890882470688418,0.3292229724826711,1.5562039892273545,-0.07616560918692164,False,False,True,False,True,False,False,True,True,False,False,False,False,False,True,False,False,False,True,False,1927,0
0.2196304543790188,-0.4026606143396539,0.3797127091328189,0.38013539508058314,1.064007050040072,-0.6756289121933012,-0.6862585297077273,1.490311727838434,False,False,True,False,True,False,False,True,True,False,False,False,True,False,False,False,False,False,False,True,1928,1
0.005213258243670633,0.37567820203854324,0.643153679701472,-0.3522159409978672,0.039083742141210125,0.5301933494178656,3.148677372239224,-0.9174219568486867,False,False,True,False,True,False,True,False,False,False,False,True,False,True,False,False,False,False,False,True,1929,1
-0.5982673986211394,-0.22969643292227673,0.25574048768874685,0.2261215947894069,0.17574018319439172,-0.07271778138771784,-0.881255270484691,-0.6679459365076115,True,False,False,True,False,True,False,False,False,True,False,False,True,False,False,True,False,False,False,False,1930,0
-0.44437118526593,1.413463290542806,-0.9878558586721008,-1.3831654613143123,-2.276037141583278,0.9321341032882544,-0.7187579865038879,0.0804821245156139,True,False,False,False,True,True,False,False,False,True,False,False,True,False,False,False,False,False,True,False,1931,0
-0.6414966720355242,-0.4026606143396539,0.5734193051391815,0.43671189314672954,-0.2985380534019444,0.4297081609502683,-0.4262628753384425,0.016662677451617938,True,False,False,False,True,False,False,True,False,True,False,False,False,False,True,False,False,False,False,True,1932,1
0.23288743155943012,-1.5269277935526053,1.1312943016375057,1.4928065237147952,1.0760649713094705,0.12825259554747662,0.6787186557310181,-0.38365930867708403,False,False,True,False,True,True,False,False,True,False,False,False,False,False,True,False,False,False,False,True,1933,0
-0.6760800907670319,-1.2674815214265396,1.02669273979407,1.301075058046188,0.9715629869746846,-0.3741733467905095,-0.19876667776531826,-0.6969547760821551,True,False,False,True,False,True,False,False,True,False,False,False,False,True,False,True,False,False,False,False,1934,1
-0.7706081019664864,-0.3161785236309653,0.050411495922002544,0.34241772970315226,1.0157753649624786,0.3292229724826711,-0.03626939378451522,0.707073059325756,True,False,False,False,True,True,False,False,False,False,True,False,True,False,False,False,False,False,False,True,1935,0
-0.624781352981962,1.1540170184167404,1.2513923911614504,-1.147430052705369,-0.6482177702144973,-0.3741733467905095,-0.10126830737683644,-0.34304693327272295,True,False,False,False,True,True,False,False,False,False,False,True,False,False,True,False,False,True,False,False,1936,0
2.121142094299753,-0.8350710678830967,0.30997833457052837,0.8233179632653964,0.7906941679337088,-0.3741733467905095,1.6862018164119967,-1.1668979771897618,False,True,False,False,True,False,False,True,False,True,False,False,True,False,False,False,False,True,False,False,1937,0
-0.46685040744140993,-1.5269277935526053,1.1274201697173785,1.530524189092226,1.2770303257994433,-0.47465853525810675,0.06122897660396659,0.9797561513264661,True,False,False,True,False,False,False,True,False,False,True,False,False,True,False,False,False,False,True,False,1938,1
-0.5838576408163445,1.240499109125429,-1.0653384970746458,-1.2762987427449246,-0.5155806362511152,0.22873778401507386,1.3287077916542303,-0.7549724552312423,True,False,False,False,True,False,False,True,False,True,False,False,True,False,False,False,False,False,True,False,1939,0
-0.9066362156437502,1.1540170184167404,-2.1345989070297673,-1.1380006363610113,-2.18761238560769,0.6306785378854628,-0.881255270484691,-0.6853512402523376,True,False,False,False,True,False,False,True,False,False,True,False,False,True,False,False,False,False,True,False,1940,1
-0.06856470171687909,-1.0945173400091623,0.5308038540177817,1.1124867311590334,0.388763458953763,-0.2736881583229123,2.0111963843736027,-0.3546504691025404,False,False,True,False,True,True,False,False,False,True,False,False,False,True,False,False,False,True,False,False,1941,1
2.311927287635237,-0.22969643292227673,0.9337135737110158,0.22297845600795432,0.7545204041255138,-0.3741733467905095,0.7762170261194999,2.012470840180219,False,True,False,False,True,False,False,True,False,True,False,False,False,False,True,False,False,True,False,False,1942,0
2.226621521430852,-0.9215531585917853,1.0189444759538153,0.9427572369605943,0.10741196266780093,-0.07271778138771784,2.7586838906852966,-1.0334573151468611,False,True,False,False,True,False,False,True,False,True,False,False,False,False,True,True,False,False,False,False,1943,1
2.0208501799783805,1.3269811998341174,1.228147599640687,-1.3643066286255967,-0.9978974870270502,-0.6756289121933012,1.8486991003928,1.7920036594136874,False,True,False,False,True,False,False,True,False,False,True,False,True,False,False,False,True,False,False,False,1944,0
-0.10891202357030474,0.2027140206211661,0.5617969093787997,-0.1887727243623332,0.344551080965969,-0.8765992891284957,-0.6862585297077273,0.4169846635803199,False,False,True,False,True,False,False,True,False,False,False,True,False,False,True,False,False,False,False,True,1945,0
-0.6536008685915518,-1.6998919749699823,0.875601594909107,1.6782517118204971,0.9072540735378932,-0.8765992891284957,-0.19876667776531826,0.2545351619628756,True,False,False,True,False,False,False,True,True,False,False,False,False,True,False,False,False,False,False,True,1946,1
-0.7360246832349786,0.9810528369993632,-1.3946397102854622,-1.0028456687585505,-0.8612410459738686,-0.8765992891284957,-0.9137547272808515,3.045185529033972,True,False,False,False,True,False,True,False,False,True,False,False,False,False,True,False,False,False,True,False,1947,0
0.2086790384473746,1.413463290542806,-1.084709156675282,-1.4428850981619112,0.9474471444358877,2.338926741834616,-0.881255270484691,0.1268962678348837,False,False,True,False,True,False,False,True,False,False,False,True,True,False,False,False,True,False,False,False,1948,1
0.14988722660381146,-1.5269277935526053,1.290133710362723,1.5556692993438468,0.9112733806276927,-0.977084477596093,-0.26376559135763944,0.14430157157960985,False,False,True,False,True,True,False,False,False,False,True,False,False,True,False,False,False,True,False,False,1949,1
0.3400960296271041,-0.14321434221358817,-1.0459678374740096,0.11611173743856673,0.7786362466643105,-0.7761141006608985,-0.7837569000962091,-0.0645620733571042,False,False,True,False,True,True,False,False,False,True,False,False,False,True,False,False,False,True,False,False,1950,0
-0.548697831772645,0.11623192991247754,-0.635309853940521,-0.1196236711703765,0.7143273332275192,0.12825259554747662,0.5812202853425362,-0.6679459365076115,True,False,False,False,True,True,False,False,False,True,False,False,False,False,True,False,True,False,False,False,1951,0
-0.7193093641814166,-1.180999430717851,0.4455729517749822,1.197351478258253,0.4771882149293511,0.12825259554747662,-0.5237612457269243,-0.7375671514865162,True,False,False,False,True,False,True,False,False,False,False,True,False,True,False,True,False,False,False,False,1952,0
0.1689081069061406,-1.6134098842612938,0.8174896161071983,1.6531066015688767,0.7866748608439095,-0.6756289121933012,-0.9137547272808515,2.499819345032552,False,False,True,False,True,True,False,False,True,False,False,False,False,False,True,False,True,False,False,False,1953,0
-0.5832812505041528,-0.3161785236309653,0.3332231260912919,0.3078432031071739,1.072045664219671,4.951541641992144,-0.9787536408731727,1.6817700690304218,True,False,False,False,True,True,False,False,False,False,True,False,True,False,False,False,False,False,False,True,1954,1
-0.763115027907993,0.029749839203788972,-1.0111006501928643,-0.05990403432277755,-0.021205864205781758,-0.8765992891284957,-0.7512574433000485,-0.46488405948580613,True,False,False,False,True,False,False,True,False,True,False,False,False,True,False,True,False,False,False,False,1955,0
-0.7694553213421027,-0.8350710678830967,0.16276132160569284,0.8736081837686377,-0.041302399654779054,-0.8765992891284957,0.191226803788609,-0.9174219568486867,True,False,False,False,True,True,False,False,False,False,True,False,True,False,False,True,False,False,False,False,1956,0
0.044984189784904614,-1.4404457028439166,1.057685795155088,1.4739476910260798,0.5776708921743375,-0.8765992891284957,0.45122245815789386,-0.7085583119119726,False,False,True,False,True,False,True,False,False,False,True,False,True,False,False,False,True,False,False,False,1957,1
0.35277661649532355,1.240499109125429,-1.0498419693941368,-1.2480104937118515,-0.3789241951979336,-0.47465853525810675,-0.39376341854228186,-0.7897830627206947,False,False,True,False,True,False,True,False,False,True,False,False,True,False,False,True,False,False,False,False,1958,0
0.48246443673847755,0.8080886555819861,0.767125901145544,-0.8236867582157537,-0.48744548662251896,-0.7761141006608985,-0.8487558136885304,-0.8710078135294168,False,False,True,False,True,False,True,False,False,False,False,True,False,True,False,False,False,False,False,True,1959,1
2.0623502824561895,-0.22969643292227673,1.154539093158269,0.2544098438224801,-0.92554995941066,-0.07271778138771784,1.6537023596158362,0.7534872026450259,False,True,False,False,True,True,False,False,False,False,True,False,False,False,True,False,False,True,False,False,1960,0
-0.9642752468629299,-1.4404457028439166,1.1894062804394145,1.404798637834123,0.4731689078395517,0.12825259554747662,-0.4587623321346031,0.6548571480915776,True,False,False,False,True,False,False,True,False,False,False,True,False,True,False,False,True,False,False,False,1961,0
0.25306109248614284,-1.6134098842612938,1.33662329340425,1.590243825939825,0.7786362466643105,-0.7761141006608985,-0.8487558136885304,0.10949096409015752,False,False,True,False,True,False,False,True,False,False,False,True,True,False,False,False,False,True,False,False,1962,0
2.1026976043096153,-0.3161785236309653,0.7012656585033807,0.30470006432572133,-0.724584604920687,0.12825259554747662,0.0937284334001272,0.9681526154966487,False,True,False,False,True,False,False,True,False,False,True,False,False,False,True,False,False,False,False,True,1963,0
2.140739364914274,0.7216065648732976,-0.852261241467647,-0.7608239825867021,1.08008427839927,0.5301933494178656,-0.6537590729115668,-0.07616560918692164,False,True,False,False,True,True,False,False,False,False,True,False,False,False,True,True,False,False,False,False,1964,0
2.0220029606027636,0.6351244741646089,0.13176826624467483,-0.6728160967060299,-0.5115613291613157,-0.977084477596093,-0.49126178893076367,-1.3119421750624798,False,True,False,False,True,False,False,True,False,True,False,False,False,False,True,False,False,True,False,False,1965,0
2.0600447212074227,-0.8350710678830967,0.6237830201008358,0.8516062122984697,0.9273506089868905,-0.575143723725704,-0.9137547272808515,-0.47068582740071485,False,True,False,False,True,False,True,False,True,False,False,False,True,False,False,True,False,False,False,False,1966,0
-0.04896743110235804,-0.7485889771744081,0.8639791991487253,0.7698846039807027,1.3654550817750315,-0.3741733467905095,-0.8487558136885304,-0.6853512402523376,False,False,True,False,True,False,False,True,True,False,False,False,False,True,False,False,False,False,True,False,1967,0
-0.8276707428734742,0.5486423834559204,1.2862595784425956,-0.5125160188519485,1.168509034374858,0.22873778401507386,0.8412159397118211,-1.2017085846792142,True,False,False,False,True,False,False,True,False,False,True,False,True,False,False,True,False,False,False,False,1968,0
-0.7729136632152536,-1.5269277935526053,1.2823854465224684,1.568241854469657,1.1202773492972644,-0.977084477596093,-0.8162563568923697,0.1965174828137884,True,False,False,False,True,False,True,False,True,False,False,False,True,False,False,False,True,False,False,False,1969,0
0.23865133468134794,-1.4404457028439166,0.9995738163531791,1.458231997118817,1.3654550817750315,0.22873778401507386,-0.6212596161154061,0.1791121790690622,False,False,True,False,True,False,True,False,False,False,True,False,False,False,True,True,False,False,False,False,1970,0
0.3153112462028569,-1.6998919749699823,1.1235460377972513,1.6688222954761396,1.1484124989258606,-0.575143723725704,1.426206162042712,-1.2829333354879362,False,False,True,False,True,False,True,False,False,False,False,True,False,False,True,False,True,False,False,False,1971,0
-0.5901979342504543,0.37567820203854324,-1.6348358893333517,-0.3585022185607723,-1.4761950307131857,0.9321341032882544,1.426206162042712,-0.4126681482516276,True,False,False,False,True,False,True,False,False,False,False,True,False,True,False,True,False,False,False,False,1972,1
-0.6224757917331949,1.4999453812514947,-2.254696996553712,-1.534036122824036,-1.8620485113339338,-0.8765992891284957,-0.8487558136885304,0.4750023427294071,True,False,False,False,True,True,False,False,False,False,False,True,False,False,True,True,False,False,False,False,1973,1
0.13259551723805754,0.029749839203788972,0.27511114728938313,-0.03790206285260952,-1.1707276918884268,-0.47465853525810675,1.0687121372849453,-0.6041264894436156,False,False,True,True,False,True,False,False,True,False,False,False,False,False,True,False,True,False,False,False,1974,0
-0.8328582556832004,1.6729095626688717,0.8562309353084708,-1.6660479516450442,-1.9906663382075165,0.12825259554747662,-0.9137547272808515,-0.4126681482516276,True,False,False,False,True,False,False,True,False,False,False,True,False,True,False,False,False,True,False,False,1975,0
-0.825365181624707,0.4621602927472318,-0.5035893686561944,-0.4936571861632331,0.3405317738761695,-0.8765992891284957,0.1587273469924484,0.2487333940479669,True,False,False,False,True,True,False,False,True,False,False,False,False,True,False,False,True,False,False,False,1976,0
-0.6495661364062092,1.5864274719601832,0.6509019435417265,-1.5528949555127514,0.16368226192499333,0.5301933494178656,0.1262278901962878,-0.0413550016974693,True,False,False,True,False,True,False,False,False,True,False,False,True,False,False,False,False,False,True,False,1977,1
-0.1705857869748269,-0.3161785236309653,-0.3679947514517406,0.34241772970315226,0.195836718643389,-0.977084477596093,0.9062148533041423,-1.0798714584661309,False,False,True,False,True,True,False,False,True,False,False,False,False,True,False,True,False,False,False,False,1978,0
-1.0098100815260815,-0.22969643292227673,0.4068316325737097,0.24498042747812238,-0.30657666758154334,0.12825259554747662,-0.13376776417299704,-0.7027565439970638,True,False,False,False,True,False,True,False,False,False,False,True,True,False,False,False,False,False,True,False,1979,1
-0.7752192244640208,-0.7485889771744081,0.29835593881014666,0.7478826325105346,-0.0171865571159823,-0.8765992891284957,-0.6212596161154061,-0.6621441685927028,True,False,False,False,True,True,False,False,False,False,True,False,False,True,False,False,False,False,True,False,1980,0
0.06227589915065853,0.4621602927472318,-0.112302044723342,-0.4433669656599919,0.07927681303920471,-0.575143723725704,0.028729519807805987,1.9312460893714969,False,False,True,True,False,True,False,False,False,False,False,True,False,True,False,True,False,False,False,False,1981,0
-1.0922338961695084,1.240499109125429,-0.9374921437104465,-1.2291516610231359,0.059180277590207414,-0.3741733467905095,-0.6862585297077273,0.9739543834115574,True,False,False,False,True,False,True,False,False,False,False,True,False,False,True,False,False,False,False,True,1982,1
-0.6293924754794964,-1.6998919749699823,1.2862595784425956,1.6908242669463076,1.3051654754280395,0.22873778401507386,-0.13376776417299704,-0.13418328833600887,True,False,False,False,True,True,False,False,False,False,False,True,True,False,False,False,False,False,True,False,1983,0
0.3994642317828589,-1.4404457028439166,1.073182322835597,1.442516303211554,0.923331301897091,-0.977084477596093,-0.9787536408731727,1.4148887449446204,False,False,True,False,True,True,False,False,False,False,False,True,False,False,True,False,True,False,False,False,1984,1
-1.0253726199552602,-0.4026606143396539,0.04266323208174805,0.4147099216765615,1.3212427037872374,-0.3741733467905095,0.7762170261194999,-1.2307174242537577,True,False,False,False,True,False,False,True,False,False,True,False,False,True,False,False,False,False,True,False,1985,0
-0.6755037004548401,-0.8350710678830967,0.5927899647398177,0.8453199347355644,0.3726862305945652,1.4345600456262406,-0.23126613456147885,0.8231084176239306,True,False,False,False,True,False,True,False,False,True,False,False,True,False,False,False,False,False,True,False,1986,0
-0.8668652841025163,-0.7485889771744081,0.565671041298927,0.7384532161661769,-0.30657666758154334,0.02776740707987939,-0.5887601593192455,-0.46488405948580613,True,False,False,False,True,True,False,False,False,False,False,True,False,True,False,True,False,False,False,False,1987,1
-0.6028785211186738,-0.22969643292227673,-0.7670303392248475,0.26383926016683784,-0.8331058963452724,0.5301933494178656,-0.8162563568923697,-0.279227486208727,True,False,False,False,True,False,False,True,False,True,False,False,True,False,False,False,True,False,False,False,1988,1
-0.7959692757029254,-1.5269277935526053,0.9259653098707613,1.5273810503107736,0.7947134750235083,2.338926741834616,-0.9787536408731727,1.1596109566886366,True,False,False,False,True,True,False,False,False,False,False,True,False,True,False,False,True,False,False,False,1989,1
2.212788153938248,0.5486423834559204,0.8252378799474528,-0.5408042678850218,-0.0011093287567844642,-0.8765992891284957,-0.5887601593192455,-0.8361972060399645,False,True,False,False,True,True,False,False,True,False,False,False,True,False,False,False,False,False,True,False,1990,0
0.23058187031066277,0.6351244741646089,-1.2164296419596086,-0.6539572640173145,-1.5123687945213808,-0.6756289121933012,-0.10126830737683644,-0.22120980705963975,False,False,True,False,True,True,False,False,False,False,False,True,False,True,False,False,False,False,False,True,1991,0
-0.8864625547170373,-1.6134098842612938,0.782622428826053,1.6468203240059716,1.248895176170847,0.22873778401507386,-0.5562607025230849,1.2060251000079063,True,False,False,False,True,False,True,False,False,False,True,False,True,False,False,False,False,False,False,True,1992,0
2.0243085218515313,0.2027140206211661,-1.1350728716369363,-0.17305703045507032,1.3734936959546304,-0.3741733467905095,-0.5237612457269243,-0.006544394208016959,False,True,False,False,True,False,True,False,False,False,False,True,False,True,False,True,False,False,False,False,1993,0
-0.9896364205993687,0.4621602927472318,-0.9878558586721008,-0.47479835347451765,0.40484068731296086,-0.07271778138771784,-0.29626504815380006,-0.4126681482516276,True,False,False,True,False,True,False,False,False,False,False,True,True,False,False,False,True,False,False,False,1994,1
-0.7798303469615552,1.5864274719601832,-1.9718853663844227,-1.5968988984530874,-1.9022415822319285,-0.2736881583229123,0.45122245815789386,-0.9986467076574087,True,False,False,False,True,True,False,False,False,True,False,False,True,False,False,False,False,False,True,False,1995,0
-0.8040387400736105,0.7216065648732976,0.9453359694713976,-0.694818068176198,-0.3749048881081341,0.5301933494178656,-0.3287645049499607,-1.0856732263810396,True,False,False,False,True,False,False,True,False,False,True,False,False,True,False,True,False,False,False,False,1996,0
-0.633427207664839,-0.575624795757031,0.3952092368133279,0.5687237219677378,1.116258042207465,1.0326192917558517,0.45122245815789386,0.4750023427294071,True,False,False,False,True,False,True,False,False,False,True,False,True,False,False,False,False,False,True,False,1997,0
-0.7648441988445683,-0.575624795757031,0.16276132160569284,0.5655805831862851,0.4490530653007549,0.9321341032882544,-0.7187579865038879,-1.0334573151468611,True,False,False,False,True,False,True,False,False,False,False,True,True,False,False,False,False,False,False,True,1998,0
-0.7936637144541582,0.8945707462906747,-1.6270876254930973,-0.9116946440964258,0.7866748608439095,-0.575143723725704,-0.6862585297077273,0.11529273200506625,True,False,False,False,True,False,False,True,False,False,False,True,False,True,False,False,False,False,True,False,1999,1
-0.6864551163864842,-1.0945173400091623,1.0305668717141971,1.0747690657816025,1.2287986407218499,-0.575143723725704,-0.8162563568923697,0.13849980366470113,True,False,False,False,True,True,False,False,False,False,False,True,False,False,True,False,True,False,False,False,2000,0
-0.7002884838790873,0.37567820203854324,-1.6503324170138607,-0.3867904675938455,-1.2712103691334133,1.635530422561435,-0.9787536408731727,1.8674266423075008,True,False,False,False,True,False,True,False,True,False,False,False,False,True,False,True,False,False,False,False,2001,0
-0.9233515346973122,-0.22969643292227673,-0.14716923200448728,0.2544098438224801,-0.9938781799372508,0.73116372635306,-0.8162563568923697,-0.4010646124218102,True,False,False,False,True,False,False,True,False,False,False,True,True,False,False,False,False,True,False,False,2002,0
0.4011934027194344,-1.0945173400091623,0.8329861437877073,1.0590533718743396,0.4892461361987495,1.5350452340938379,0.32122463097325143,-0.43587521991126255,False,False,True,False,True,False,False,True,False,False,False,True,False,True,False,False,True,False,False,False,2003,0
-0.8864625547170373,-1.353963612135228,0.7864965607461804,1.3293633070792612,0.4450337582109554,0.3292229724826711,-0.9462541840770121,3.2192385664812337,True,False,False,False,True,False,True,False,False,False,False,True,True,False,False,False,False,True,False,False,2004,1
-0.5054685583582602,1.413463290542806,0.26348875152900136,-1.4051674327844803,0.19985602573318847,-0.8765992891284957,-0.7837569000962091,-0.10517444876146527,True,False,False,True,False,True,False,False,True,False,False,False,True,False,False,False,False,False,True,False,2005,1
0.10781073381381034,0.37567820203854324,-1.0265971778733733,-0.39621988393820323,1.1363545776564623,-0.17320296985531508,-0.19876667776531826,-0.8419989739548732,False,False,True,False,True,False,True,False,False,False,False,True,False,True,False,False,False,False,False,True,2006,0
-0.5123852421045618,-0.48914270504834245,-0.6585546454612844,0.5058609463386862,1.2770303257994433,-0.7761141006608985,1.426206162042712,-0.9290254926785041,True,False,False,False,True,False,True,False,False,True,False,False,False,False,True,True,False,False,False,False,2007,0
0.18850537752066188,0.8945707462906747,-0.8018975265059928,-0.8739769787189948,-0.7647776758186816,0.12825259554747662,0.7112181125271787,-0.511298202805076,False,False,True,False,True,True,False,False,True,False,False,False,False,False,True,False,True,False,False,False,2008,1
2.3125036779474293,0.6351244741646089,0.9414618375512703,-0.6288121537656939,-1.6208900859459663,0.6306785378854628,0.3862235445655726,1.0377738304755533,False,True,False,False,True,False,True,False,False,False,False,True,True,False,False,False,False,False,True,False,2009,0
-0.09392587545331817,-0.8350710678830967,0.5308038540177817,0.7950297142323233,1.1564511131054596,-0.17320296985531508,-0.5887601593192455,-0.07616560918692164,False,False,True,False,True,False,False,True,False,False,False,True,False,True,False,True,False,False,False,False,2010,0
-0.13657875855551097,1.5864274719601832,-0.9839817267519736,-1.5497518167312987,0.6178639630723322,0.3292229724826711,-0.7187579865038879,-0.6447388648479766,False,False,True,False,True,False,True,False,False,True,False,False,False,False,True,False,True,False,False,False,2011,0
-0.41382249871976473,0.9810528369993632,1.3250008976438683,-0.9651280033811196,-0.11364992727116931,0.6306785378854628,2.5311876931121726,0.8927296326028352,True,False,False,False,True,False,False,True,False,True,False,False,True,False,False,False,True,False,False,False,2012,1
-0.8455388425514198,-1.353963612135228,0.8329861437877073,1.360794694893787,0.6419798056111289,-0.8765992891284957,0.7112181125271787,2.302559235925655,True,False,False,True,False,False,False,True,True,False,False,False,True,False,False,True,False,False,False,False,2013,1
-0.9008723125218322,-0.14321434221358817,-1.0033523863526097,0.1475431252530925,-0.7205652978308875,-0.2736881583229123,-0.7837569000962091,-0.8652060456145081,True,False,False,False,True,False,True,False,True,False,False,False,False,True,False,False,False,False,True,False,2014,1
-1.0438171099453977,-0.7485889771744081,0.8562309353084708,0.7918865754508707,0.6017867347131344,0.02776740707987939,-0.9787536408731727,2.9755643140550676,True,False,False,False,True,False,True,False,False,True,False,False,False,False,True,True,False,False,False,False,2015,1
-0.602302130806482,0.6351244741646089,-0.6043167985795029,-0.6319552925471464,0.42493722276195817,0.12825259554747662,-0.26376559135763944,1.8964354818820446,True,False,False,False,True,True,False,False,True,False,False,False,False,False,True,False,False,False,True,False,2016,0
-1.2109703004810182,1.4999453812514947,-0.28276384920894104,-1.4617439308506266,-0.18599745488755956,-0.2736881583229123,-0.06876885058067583,-0.4126681482516276,True,False,False,False,True,False,False,True,True,False,False,False,True,False,False,False,False,False,True,False,2017,0
2.0335307668466,1.5864274719601832,0.860105067228598,-1.5748969269829194,0.15162434065559496,-0.7761141006608985,0.1587273469924484,-0.8129901343803296,False,True,False,False,True,False,True,False,True,False,False,False,False,False,True,False,False,False,True,False,2018,1
-0.9740738821701902,1.413463290542806,-1.7394374511767876,-1.4020242940030276,-0.8250672821656735,-0.7761141006608985,0.1262278901962878,0.393777591920685,True,False,False,False,True,False,True,False,False,False,True,False,True,False,False,False,False,True,False,False,2019,1
2.337288461371677,0.37567820203854324,1.0693081909154696,-0.3742179124680352,-1.5847163221377711,2.9418378726401992,-0.16626722096915764,3.091599672353242,False,True,False,False,True,False,True,False,False,False,False,True,False,True,False,True,False,False,False,False,2020,0
0.35623495836847424,1.1540170184167404,1.2049028081199233,-1.1788614405198947,-1.4400212669049908,-0.7761141006608985,-0.6862585297077273,0.8579190251133829,False,False,True,False,True,False,True,False,True,False,False,False,True,False,False,False,False,True,False,False,2021,0
-0.4801073846218213,1.6729095626688717,0.7206363181040171,-1.6346165638305183,-1.9625311885789203,-0.8765992891284957,2.3686904091313696,1.8152107310733223,True,False,False,False,True,False,False,True,False,False,True,False,False,True,False,True,False,False,False,False,2022,0
-0.05588411484865964,0.029749839203788972,-0.15879162776486902,-0.009613813819536327,1.0961615067584678,0.3292229724826711,-0.03626939378451522,0.7999013459642956,False,False,True,False,True,False,False,True,True,False,False,False,True,False,False,False,True,False,False,False,2023,1
2.0635030630805735,-0.8350710678830967,0.6780208669826172,0.8076022693581335,0.30837731715777383,-0.17320296985531508,-0.881255270484691,1.8094089631584136,False,True,False,False,True,False,False,True,True,False,False,False,False,False,True,True,False,False,False,False,2024,1
-0.05069660203893349,1.4999453812514947,-2.0145008175058225,-1.5026047350095102,-2.3483846691996684,-0.6756289121933012,-0.6537590729115668,0.7592889705599346,False,False,True,False,True,True,False,False,False,False,False,True,False,True,False,False,False,True,False,False,2025,1
0.04786614134586363,0.2027140206211661,0.9569583652317794,-0.16991389167361773,0.9635243727950856,-0.6756289121933012,-0.4262628753384425,2.685475918309631,False,False,True,False,True,True,False,False,False,False,False,True,False,False,True,False,False,False,False,True,2026,0
-0.5942326664357969,0.11623192991247754,0.3138524664906556,-0.08504914457439816,-1.311403440031408,-0.977084477596093,-0.23126613456147885,-1.2945368713177536,True,False,False,False,True,False,False,True,False,False,True,False,True,False,False,False,True,False,False,False,2027,1
-0.7337191219862115,0.11623192991247754,0.6315312839410903,-0.06933345066713528,0.23201048245158415,-0.3741733467905095,0.2237262605847696,-0.6389370969330679,True,False,False,True,False,False,False,True,True,False,False,False,False,True,False,False,False,False,True,False,2028,0
-0.9233515346973122,-1.4404457028439166,0.9724548929122884,1.4708045522446271,0.9796016011542834,-0.7761141006608985,-0.03626939378451522,-0.19220096748509613,True,False,False,False,True,False,False,True,True,False,False,False,False,True,False,False,False,False,True,False,2029,1
-0.6478369654696339,-1.180999430717851,0.12402000240442032,1.1502043965364643,0.6821728765091235,-0.8765992891284957,-0.6212596161154061,0.4227864314952286,True,False,False,False,True,False,True,False,False,True,False,False,False,True,False,True,False,False,False,False,2030,0
-0.29969721690578927,0.11623192991247754,-1.100205684355791,-0.0944785609187559,0.4892461361987495,-0.47465853525810675,-0.5887601593192455,-0.7607742231461511,True,False,False,True,False,False,False,True,False,False,False,True,False,True,False,False,False,True,False,False,2031,1
-0.019571525180576567,-0.8350710678830967,-0.30988277264983183,0.8138885469210387,1.220760026542251,-0.47465853525810675,0.6462191989348575,0.31255284111196285,False,False,True,False,True,True,False,False,False,False,True,False,True,False,False,False,False,False,False,True,2032,0
-0.6380383301623733,-0.48914270504834245,1.154539093158269,0.5247197790274016,1.1042001209380667,-0.977084477596093,0.1262278901962878,-1.0508626188915873,True,False,False,False,True,False,False,True,False,False,True,False,True,False,False,True,False,False,False,False,2033,0
-0.016689573619617547,0.2891961113298547,0.5269297220976544,-0.2893531653688156,0.7906941679337088,-0.47465853525810675,0.6462191989348575,1.5541311749024298,False,False,True,False,True,True,False,False,False,False,True,False,True,False,False,False,False,False,True,False,2034,0
0.13893581067216726,0.8945707462906747,-1.452751689087371,-0.8676907011560897,-1.251113833684416,0.73116372635306,2.076195297965924,0.3415616806865065,False,False,True,False,True,False,True,False,True,False,False,False,True,False,False,False,True,False,False,False,2035,0
-0.06971748234126265,-0.9215531585917853,-0.10842791280321476,0.9018964328017108,1.0398912075012754,1.8365007994966296,-0.13376776417299704,-1.0218537793170437,False,False,True,False,True,False,False,True,False,False,False,True,False,True,False,False,False,False,False,True,2036,1
-0.18038442228208754,0.5486423834559204,-1.716192659656024,-0.5722356556995475,-0.041302399654779054,-0.8765992891284957,-0.6537590729115668,-1.2945368713177536,False,False,True,True,False,False,False,True,False,False,True,False,True,False,False,False,False,False,False,True,2037,1
-0.684149555137717,-1.2674815214265396,0.9104687821902523,1.2287828660727789,1.3493778534158336,-0.07271778138771784,3.47367194020083,0.5910377010275816,True,False,False,False,True,True,False,False,False,False,True,False,False,True,False,False,True,False,False,False,2038,0
-0.8161429366296382,0.029749839203788972,-0.0038263509597789708,0.009245018869179132,-1.126515313900633,-0.977084477596093,-0.881255270484691,-0.4996946669752585,True,False,False,False,True,True,False,False,False,False,False,True,True,False,False,True,False,False,False,False,2039,1
-0.6945245807571694,0.8945707462906747,-1.8750320683812414,-0.9336966155665938,-0.6683143056634946,-0.6756289121933012,0.7112181125271787,0.625848308517034,True,False,False,False,True,False,True,False,True,False,False,False,True,False,False,False,True,False,False,False,2040,0
-0.6685870167085385,-1.353963612135228,1.3327491614841227,1.3419358622050717,1.0278332862318769,-0.3741733467905095,-0.9462541840770121,0.2719404657076018,True,False,False,False,True,False,False,True,False,False,True,False,False,False,True,False,False,False,True,False,2041,1
-1.1245117536522489,1.5864274719601832,-2.3554244264770205,-1.5811832045458245,-2.292114369942476,-0.575143723725704,-0.3612639617461213,-0.5983247215287067,True,False,False,False,True,False,False,True,True,False,False,False,False,False,True,False,False,True,False,False,2042,0
0.025386919170383566,-0.4026606143396539,0.3332231260912919,0.38013539508058314,0.15564364774539444,0.02776740707987939,-0.881255270484691,-0.5635141140392544,False,False,True,False,True,False,False,True,False,False,True,False,False,False,True,False,False,True,False,False,2043,0
-0.596538227684564,-0.575624795757031,-0.6081909304996301,0.5624374444048326,0.879118923909297,0.5301933494178656,2.8561822610737786,0.16750864323924475,True,False,False,False,True,True,False,False,False,False,False,True,True,False,False,False,False,False,True,False,2044,0
1.7234327788874138,-0.14321434221358817,0.8252378799474528,0.16325881916035537,0.7987327821133078,-0.17320296985531508,-0.8487558136885304,3.6021552488652095,False,True,False,False,True,True,False,False,True,False,False,False,True,False,False,True,False,False,False,False,2045,1
0.08187316976517957,-0.575624795757031,0.28285941112963764,0.5530080280604749,1.132335270566663,-0.575143723725704,-0.39376341854228186,-1.1146820659555832,False,False,True,False,True,False,True,False,True,False,False,False,False,False,True,False,False,True,False,False,2046,1
2.3511218288642795,-1.2674815214265396,1.0150703440336881,1.2256397272913262,0.4450337582109554,0.3292229724826711,0.32122463097325143,-1.1785015130195793,False,True,False,False,True,False,True,False,False,False,False,True,True,False,False,False,False,True,False,False,2047,0
-0.7982748369516925,-0.48914270504834245,0.8407344076279618,0.5247197790274016,-0.12570784854056768,0.22873778401507386,0.1262278901962878,-0.29083102203854444,True,False,False,True,False,False,True,False,True,False,False,False,True,False,False,True,False,False,False,False,2048,1
0.4939922429823135,0.37567820203854324,-0.2556449257680503,-0.37107477368658265,0.9595050657052862,1.0326192917558517,-0.7187579865038879,-0.3024345578683619,False,False,True,False,True,False,False,True,True,False,False,False,False,False,True,False,True,False,False,False,2049,1
0.20176235470107298,0.7216065648732976,1.3327491614841227,-0.7608239825867021,-1.6932376135623566,-0.977084477596093,0.1262278901962878,-0.5461088102945283,False,False,True,False,True,True,False,False,False,True,False,False,False,True,False,False,False,True,False,False,2050,0
-0.8034623497614186,-1.4404457028439166,0.9375877056311431,1.4550888583373642,1.220760026542251,-0.6756289121933012,-0.7512574433000485,0.8057031138792043,True,False,False,False,True,True,False,False,False,True,False,False,False,True,False,False,True,False,False,False,2051,1
-0.6512953073427846,0.4621602927472318,-1.6619548127742425,-0.5030866025075909,1.2689917116198444,-0.6756289121933012,0.6137197421386968,-1.1436909055301268,True,False,False,False,True,True,False,False,True,False,False,False,False,False,True,False,False,False,False,True,2052,0
0.08417873101394671,-1.180999430717851,0.47656600713600017,1.1439181189735592,1.1283159634768634,-0.7761141006608985,-0.8162563568923697,1.3336639941358983,False,False,True,False,True,True,False,False,False,False,False,True,True,False,False,False,False,True,False,False,2053,1
2.1701352708360555,0.9810528369993632,-0.9336180117903193,-1.0185613626658134,-2.1675158501586926,-0.977084477596093,-0.5887601593192455,-0.2676239503789095,False,True,False,False,True,False,False,True,False,True,False,False,True,False,False,False,False,False,True,False,2054,1
-0.7141218513716904,0.5486423834559204,0.565671041298927,-0.5250885739777589,-1.5204074087009798,0.4297081609502683,0.41872300136173324,-1.137889137615218,True,False,False,False,True,False,False,True,True,False,False,False,False,True,False,False,True,False,False,False,2055,1
-0.8720527969122425,0.2027140206211661,0.046537364001875296,-0.16362761411071258,-0.6160633134961017,0.02776740707987939,1.6537023596158362,5.081606067166934,True,False,False,False,True,True,False,False,False,False,False,True,True,False,False,False,True,False,False,False,2056,0
2.1073087268071498,-1.353963612135228,0.7283845819442716,1.3293633070792612,1.0881228925788688,1.2335896686910461,-0.881255270484691,4.170728504526265,False,True,False,False,True,False,True,False,True,False,False,False,False,True,False,True,False,False,False,False,2057,1
-0.7106635094985396,0.7216065648732976,-1.4798706125282617,-0.7576808438052496,0.7505010970357143,-0.977084477596093,0.06122897660396659,0.6896677555810299,True,False,False,False,True,False,True,False,False,False,True,False,False,False,True,True,False,False,False,False,2058,1
-1.0639907708721104,1.4999453812514947,0.689643262742999,-1.5026047350095102,-2.3845584330078635,0.9321341032882544,-0.881255270484691,-0.9116201889337779,True,False,False,False,True,False,True,False,False,False,True,False,False,False,True,False,False,False,False,True,2059,1
0.3395196393149122,0.2891961113298547,0.4726918752158729,-0.2799237490244579,1.1966441840034543,-0.7761141006608985,0.1587273469924484,-0.952232564338139,False,False,True,False,True,False,False,True,False,False,False,True,True,False,False,False,False,False,True,False,2060,0
0.4236726248949144,0.37567820203854324,-1.4256327656464802,-0.41193557784546614,-0.9295692665004595,0.3292229724826711,1.3287077916542303,-0.6389370969330679,False,False,True,False,True,True,False,False,False,True,False,False,False,False,True,False,True,False,False,False,2061,1
0.22251240593997781,-1.5269277935526053,1.2978819742029775,1.5368104666551312,0.7625590183051126,0.4297081609502683,1.4587056188388725,0.3415616806865065,False,False,True,False,True,True,False,False,False,False,False,True,False,False,True,True,False,False,False,False,2062,0
0.20003318376449775,-0.7485889771744081,1.3288750295639955,0.7604551876363449,0.34857038805576845,-0.977084477596093,-0.6212596161154061,-0.21540803914473103,False,False,True,False,True,False,False,True,True,False,False,False,False,False,True,True,False,False,False,False,2063,0
-0.6288160851673046,0.8945707462906747,0.046537364001875296,-0.9116946440964258,0.22799117536178468,2.9418378726401992,1.0687121372849453,-0.9406290285083215,True,False,False,False,True,True,False,False,True,False,False,False,False,False,True,False,False,False,True,False,2064,1
2.327489826064416,-0.22969643292227673,-1.0304713097935005,0.2135490396635966,-0.7085073765614892,1.9369859879642268,-0.9787536408731727,-0.2560204145490921,False,True,False,False,True,False,True,False,False,False,True,False,False,True,False,True,False,False,False,False,2065,0
0.1233732722429888,0.8945707462906747,-1.421758633726353,-0.8896926726262577,1.220760026542251,-0.977084477596093,-0.5562607025230849,-0.43587521991126255,False,False,True,False,True,False,False,True,False,False,True,False,True,False,False,False,True,False,False,False,2066,0
-0.3878849346711339,-0.3161785236309653,0.2131250365673471,0.2795549540741007,-0.7004687623818903,-0.2736881583229123,-0.6212596161154061,-0.952232564338139,True,False,False,False,True,True,False,False,False,False,True,False,False,True,False,False,False,True,False,False,2067,0
-0.7389066347959375,1.3269811998341174,-1.8750320683812414,-1.3674497674070494,-1.251113833684416,-0.8765992891284957,-0.49126178893076367,-0.42427168408144506,True,False,False,False,True,True,False,False,False,True,False,False,True,False,False,False,False,True,False,False,2068,1
-1.2080883489200593,-1.353963612135228,0.9956996844330519,1.3262201682978088,1.2087021052728526,2.7408674957050048,0.45122245815789386,-0.5983247215287067,True,False,False,False,True,True,False,False,False,False,True,False,True,False,False,True,False,False,False,False,2069,0
-0.5930798858114132,-0.0567322515048996,-0.4725963132951764,0.09096662718694612,1.325262010877037,0.12825259554747662,-0.6212596161154061,-0.16899389582546123,True,False,False,False,True,True,False,False,False,False,False,True,False,False,True,False,True,False,False,False,2070,0
-0.9740738821701902,1.413463290542806,-2.1384730389498943,-1.4554576532877215,-2.360442590469067,0.3292229724826711,-0.7187579865038879,-0.4996946669752585,True,False,False,False,True,False,False,True,False,True,False,False,False,True,False,False,False,False,True,False,2071,1
-0.7204621448058001,-0.0567322515048996,-0.081308989362324,0.06896465571677808,0.7263852544969176,0.5301933494178656,-0.6862585297077273,-0.8594042776995994,True,False,False,False,True,False,False,True,False,False,True,False,False,True,False,True,False,False,False,False,2072,0
-0.008043718936740489,-0.22969643292227673,0.9104687821902523,0.21669217844504918,-0.6683143056634946,-0.3741733467905095,1.3287077916542303,0.05147328494107028,False,False,True,False,True,True,False,False,False,False,True,False,False,False,True,False,True,False,False,False,2073,1
-0.8870389450292291,0.5486423834559204,0.7555035053851623,-0.5565199617922846,0.4168986085823592,-0.7761141006608985,-0.5237612457269243,0.26033692987778434,True,False,False,False,True,False,False,True,True,False,False,False,True,False,False,True,False,False,False,False,2074,1
-0.6438022332842913,1.0675349277080517,0.15113892584531108,-1.043706472917434,-0.057379628013976884,0.8316489148206573,0.9062148533041423,2.331568075500199,True,False,False,False,True,True,False,False,False,True,False,False,False,True,False,True,False,False,False,False,2075,1
-0.6357327689136062,1.3269811998341174,-1.8285424853397143,-1.3297321020296184,-0.9416271877698578,-0.575143723725704,-0.9137547272808515,-0.6795494723374289,True,False,False,False,True,True,False,False,False,False,False,True,True,False,False,False,False,False,True,False,2076,1
-0.5907743245626461,0.029749839203788972,0.9414618375512703,-0.050474617978419824,-0.7446811403696844,-0.977084477596093,-0.5237612457269243,-0.47648759531562357,True,False,False,False,True,True,False,False,True,False,False,False,True,False,False,False,False,False,False,True,2077,1
-0.9291154378192301,1.0675349277080517,-1.964137102544168,-1.0845672770763175,0.48522682910895004,-0.2736881583229123,-0.39376341854228186,-0.5577123461243457,True,False,False,False,True,False,True,False,False,False,True,False,True,False,False,False,True,False,False,False,2078,1
-0.6755037004548401,0.11623192991247754,-0.49971523673606716,-0.07876286701149302,-0.6723336127532941,-0.47465853525810675,-0.4587623321346031,1.3452675299657157,True,False,False,False,True,False,True,False,False,False,True,False,True,False,False,False,False,False,False,True,2079,1
0.04959531228243909,0.6351244741646089,0.17438371736607458,-0.657100402798767,0.09133473430860309,-0.8765992891284957,-0.10126830737683644,-0.7839812948057859,False,False,True,False,True,True,False,False,False,False,True,False,False,True,False,True,False,False,False,False,2080,1
2.3649551963568824,0.4621602927472318,0.4843142709762547,-0.4716552146930651,-1.3676737392886005,0.4297081609502683,0.45122245815789386,1.4961134957533426,False,True,False,False,True,False,False,True,False,True,False,False,False,True,False,True,False,False,False,False,2081,1
-0.6063368629918245,1.4999453812514947,-1.8827803322214958,-1.4837459023207946,-0.0654182421935758,1.2335896686910461,1.6537023596158362,0.3415616806865065,True,False,False,False,True,False,False,True,False,False,True,False,False,False,True,False,False,False,False,True,2082,1
-0.8328582556832004,1.4999453812514947,-1.1660659269979543,-1.5308929840425833,-2.203689613966888,-0.977084477596093,-0.7512574433000485,-0.12257975250619144,True,False,False,False,True,True,False,False,False,False,False,True,False,True,False,False,False,True,False,False,2083,1
0.2830333887201162,-1.2674815214265396,0.6509019435417265,1.2853593641389252,0.32445454551697167,0.22873778401507386,-0.9462541840770121,0.02246444536652666,False,False,True,False,True,True,False,False,False,True,False,False,True,False,False,False,False,False,False,True,2084,0
2.1735936127092064,0.8080886555819861,-1.0072265182727371,-0.7828259540568702,-0.5999860851369038,-0.7761141006608985,0.5487208285463757,0.045671517026161554,False,True,False,False,True,True,False,False,False,True,False,False,True,False,False,False,True,False,False,False,2085,0
-0.731989951049636,-0.7485889771744081,0.1898802450465836,0.722737522258914,0.9152926877174921,3.3437786265105878,-0.19876667776531826,1.948651393116223,True,False,False,False,True,True,False,False,False,False,True,False,False,True,False,False,True,False,False,False,2086,0
-0.6316980367282636,0.029749839203788972,-0.0890572532025785,-0.047331479196967244,0.39680207313336197,0.9321341032882544,1.263708878061909,0.8405137213686568,True,False,False,False,True,False,True,False,False,False,True,False,False,False,True,False,False,False,False,True,2087,1
-0.8582194294196394,0.2027140206211661,1.0809305866758514,-0.15105505898490226,-1.4118861172763943,-0.575143723725704,-0.39376341854228186,-1.3003386392326624,True,False,False,False,True,True,False,False,False,False,True,False,True,False,False,False,False,False,True,False,2088,0
-0.15905798073099103,-1.0945173400091623,0.4688177432957457,1.065339649437245,1.0599877429502726,-0.47465853525810675,-0.19876667776531826,0.010860909536709214,False,False,True,False,True,True,False,False,False,True,False,False,True,False,False,False,False,False,True,False,2089,0
-0.4593573333829167,0.11623192991247754,0.8562309353084708,-0.12590994873328165,-0.5115613291613157,-0.2736881583229123,0.6137197421386968,2.453405201713282,True,False,False,False,True,False,False,True,False,True,False,False,False,True,False,True,False,False,False,False,2090,1
-0.698559312942512,0.8945707462906747,-1.421758633726353,-0.939982893129499,-1.399828196006996,0.5301933494178656,2.141194211558245,-0.4068663803367189,True,False,False,False,True,True,False,False,False,True,False,False,True,False,False,False,True,False,False,False,2091,1
0.07553287633106985,-1.0945173400091623,0.2712370153692559,1.1062004535961283,1.3694743888648309,0.73116372635306,-0.4587623321346031,-0.018147930037834405,False,False,True,False,True,True,False,False,False,False,False,True,False,False,True,False,True,False,False,False,2092,0
-0.10603007200934593,-1.180999430717851,0.9763290248324156,1.2004946170397055,1.309184782517839,-0.8765992891284957,2.3686904091313696,-0.23861511080436593,False,False,True,False,True,False,False,True,False,False,False,True,False,False,True,False,False,False,False,True,2093,0
-0.9954003237212867,-1.180999430717851,1.3017561061231047,1.2004946170397055,0.93136991607669,-0.977084477596093,-0.16626722096915764,1.3568710657955332,True,False,False,False,True,True,False,False,True,False,False,False,True,False,False,True,False,False,False,False,2094,1
-0.7342955122984032,0.8080886555819861,-0.4725963132951764,-0.8394024521230166,1.1202773492972644,-0.2736881583229123,-0.29626504815380006,-0.3662540049323578,True,False,False,False,True,False,True,False,False,True,False,False,True,False,False,False,False,True,False,False,2095,0
2.334406509810717,-0.6621068864657196,0.7787482969059258,0.7038786895701985,0.195836718643389,-0.977084477596093,0.45122245815789386,-0.4938928990603498,False,True,False,False,True,False,False,True,False,True,False,False,False,True,False,False,False,False,False,True,2096,1
-0.6155591079868933,1.5864274719601832,1.2707630507620866,-1.6126145923603503,-0.6642949985736951,-0.07271778138771784,-0.9787536408731727,0.03986974911125283,True,False,False,False,True,False,False,True,False,False,True,False,False,True,False,False,True,False,False,False,2097,0
0.11011629506257747,-1.180999430717851,1.2049028081199233,1.1470612577550119,0.6620763410601262,-0.7761141006608985,-0.8487558136885304,-0.511298202805076,False,False,True,False,True,False,True,False,False,True,False,False,False,False,True,False,False,True,False,False,2098,1
-0.7694553213421027,-0.575624795757031,-0.2014070788862688,0.537292334153212,-0.041302399654779054,0.22873778401507386,0.41872300136173324,1.9254443214565882,True,False,False,False,True,False,True,False,True,False,False,False,False,False,True,True,False,False,False,False,2099,1
-0.8403513297416936,-1.2674815214265396,1.166161488918651,1.3042181968276407,0.7022694119581208,-0.977084477596093,-0.5237612457269243,-0.6969547760821551,True,False,False,False,True,False,True,False,False,False,False,True,False,False,True,True,False,False,False,False,2100,1
-1.0507337936916992,1.413463290542806,-1.8014235618988237,-1.3800223225328596,-2.3242688266608718,-0.8765992891284957,-0.8487558136885304,-0.7723777589759685,True,False,False,False,True,False,True,False,False,False,False,True,True,False,False,False,True,False,False,False,2101,1
-0.91297650907786,0.5486423834559204,1.02669273979407,-0.5879513496068104,-0.7848742112676789,-0.47465853525810675,0.5487208285463757,-0.6389370969330679,True,False,False,False,True,True,False,False,True,False,False,False,False,True,False,False,True,False,False,False,2102,1
-0.7216149254301837,-0.14321434221358817,-0.7554079434644657,0.12868429256437705,-0.724584604920687,-0.47465853525810675,0.5162213717502151,-0.8245936702101471,True,False,False,False,True,False,True,False,False,False,False,True,True,False,False,False,True,False,False,False,2103,1
-0.7700317116542946,-0.8350710678830967,0.4455729517749822,0.8013159917952284,1.0398912075012754,1.4345600456262406,0.3862235445655726,-0.6679459365076115,True,False,False,False,True,False,True,False,True,False,False,False,False,True,False,False,True,False,False,False,2104,0
-0.5388991964653844,1.1540170184167404,-1.7200667915761514,-1.1348574975795587,-1.8138168262563403,0.73116372635306,2.2711920387428877,-0.43007345199635383,True,False,False,True,False,True,False,False,False,True,False,False,False,True,False,False,True,False,False,False,2105,1
0.12913717536490685,0.5486423834559204,-1.6774513404547515,-0.531374851540664,-1.793720290807343,-0.977084477596093,-0.13376776417299704,1.0841879737948232,False,False,True,False,True,True,False,False,False,True,False,False,False,False,True,False,False,True,False,False,2106,0
-0.3775099090516816,-0.48914270504834245,-0.058064197841560486,0.4681432809612553,0.20387533282298792,-0.3741733467905095,-0.10126830737683644,0.36476875234614137,True,False,False,False,True,False,False,True,False,False,True,False,False,True,False,True,False,False,False,False,2107,1
-0.7648441988445683,-0.22969643292227673,-0.6159391943398846,0.20411962331923889,-0.47940687244292,4.851056453524547,-0.03626939378451522,-1.26552803174321,True,False,False,False,True,False,False,True,True,False,False,False,False,True,False,True,False,False,False,False,2108,0
-0.6904898485718267,-0.0567322515048996,0.875601594909107,0.031246990339347167,-0.6723336127532941,2.6403823072374073,-0.39376341854228186,0.1965174828137884,True,False,False,False,True,True,False,False,False,False,False,True,False,True,False,True,False,False,False,False,2109,0
-0.8824278225316947,0.2891961113298547,-0.8290164499468835,-0.24534922242847956,1.2087021052728526,-0.47465853525810675,-0.881255270484691,2.55203525626673,True,False,False,False,True,False,True,False,True,False,False,False,True,False,False,False,False,False,True,False,2110,0
0.12510244317956426,-0.3161785236309653,0.8252378799474528,0.2952706479813636,0.5053233645579474,0.12825259554747662,-0.7837569000962091,-1.0044484755723175,False,False,True,False,True,False,True,False,False,False,False,True,False,False,True,False,False,False,False,True,2111,0
-0.8236360106881316,-1.180999430717851,1.2552665230815776,1.1847789231324428,0.6741342623295246,1.7360156110290323,-0.6537590729115668,-0.9058184210188691,True,False,False,False,True,False,False,True,True,False,False,False,False,True,False,False,False,False,True,False,2112,0
-0.5043157777338767,1.5864274719601832,0.9027205183499979,-1.622044008704708,-1.1747469989782264,0.02776740707987939,0.191226803788609,-0.3546504691025404,True,False,False,True,False,False,True,False,False,False,False,True,True,False,False,False,False,True,False,False,2113,0
-0.1671274451016762,-1.353963612135228,0.8910981225896161,1.3105044743905458,0.48522682910895004,-0.3741733467905095,-0.3612639617461213,-0.8942148851890517,False,False,True,False,True,True,False,False,False,True,False,False,True,False,False,True,False,False,False,False,2114,1
1.9960653965541335,0.9810528369993632,0.9337135737110158,-0.9934162524141927,-1.6450059284847631,-0.2736881583229123,-0.3612639617461213,1.420690512859529,False,True,False,False,True,True,False,False,False,True,False,False,True,False,False,False,False,False,True,False,2115,0
2.030072424973449,1.3269811998341174,-0.2672673215284321,-1.3014438529965453,0.3324931596965706,0.22873778401507386,1.003713223692624,0.5388217897934031,False,True,False,False,True,True,False,False,False,False,True,False,False,True,False,True,False,False,False,False,2116,1
-0.26338462723770617,-0.22969643292227673,0.8019930884266893,0.18840392941197598,1.317223396697438,-0.977084477596093,-0.7837569000962091,-0.615730025273433,False,False,True,False,True,True,False,False,False,True,False,False,False,False,True,False,False,False,False,True,2117,0
-0.5567672961433301,-0.8350710678830967,-0.06968659360194224,0.8107454081395862,0.7786362466643105,1.7360156110290323,4.741150755251094,0.19071571489887965,True,False,False,False,True,False,True,False,False,False,True,False,False,False,True,False,False,True,False,False,2118,1
-0.3769335187394899,0.37567820203854324,1.0693081909154696,-0.3302139695276991,-0.8331058963452724,-0.07271778138771784,-0.39376341854228186,-0.656342400677794,False,False,True,False,True,True,False,False,True,False,False,False,False,False,True,False,True,False,False,False,2119,0
-0.7550455635373078,-0.9215531585917853,1.2823854465224684,0.9238984042718789,1.1524318060156602,0.22873778401507386,-0.9787536408731727,-1.0218537793170437,True,False,False,False,True,False,False,True,False,False,True,False,True,False,False,False,False,True,False,False,2120,0
2.0807947724463274,-0.4026606143396539,1.1196719058771238,0.4429981707096347,0.4008213802231614,0.12825259554747662,0.0937284334001272,0.3879758240057763,False,True,False,False,True,False,False,True,False,False,False,True,True,False,False,False,False,False,True,False,2121,0
2.278496649528113,-0.8350710678830967,1.3133785018834865,0.8327473796097542,1.2890882470688418,-0.47465853525810675,-0.9137547272808515,0.005059141621800489,False,True,False,False,True,False,True,False,False,False,True,False,False,False,True,False,False,True,False,False,2122,0
-0.6282396948551128,-0.9215531585917853,0.7438811096247805,0.9427572369605943,-0.029244478385380676,-0.6756289121933012,-0.9462541840770121,0.3009493052821454,True,False,False,False,True,False,True,False,True,False,False,False,False,True,False,False,False,False,True,False,2123,0
-0.7221913157423756,-1.180999430717851,1.243644127321196,1.1596338128808221,0.5093426716477468,-0.977084477596093,-0.3612639617461213,-0.5287035065498021,True,False,False,False,True,False,True,False,False,True,False,False,True,False,False,False,True,False,False,False,2124,0
-0.5832812505041528,-1.4404457028439166,1.1622873569985237,1.4770908298075323,1.325262010877037,1.133104480223449,0.6462191989348575,0.5098129502188594,True,False,False,False,True,False,True,False,False,False,False,True,False,True,False,False,False,False,False,True,2125,0
0.1838942550231274,-0.4026606143396539,0.42232816025421865,0.36756283995477285,0.9273506089868905,1.5350452340938379,-0.881255270484691,-0.7607742231461511,False,False,True,False,True,True,False,False,False,False,True,False,False,False,True,False,False,False,False,True,2126,1
-0.8455388425514198,-0.575624795757031,-0.5345824240172125,0.5718668607491904,-0.10561131309157039,-0.977084477596093,3.311174656220027,0.1559051074094273,True,False,False,False,True,False,True,False,False,False,False,True,True,False,False,False,True,False,False,False,2127,0
-0.8755111387853931,-1.353963612135228,1.0770564547557242,1.3796535275825024,1.1443931918360613,-0.977084477596093,-0.16626722096915764,1.1654127246035453,True,False,False,True,False,False,False,True,False,True,False,False,False,True,False,False,True,False,False,False,2128,0
-0.027640989551261538,-0.8350710678830967,0.36034204953218263,0.804459130576681,-0.13776576980996605,1.133104480223449,-0.9137547272808515,-0.20960627122982228,False,False,True,False,True,True,False,False,True,False,False,False,False,False,True,False,False,False,False,True,2129,0
1.9557180747007077,-1.0080352493004738,0.9763290248324156,0.9773317635565727,0.6058060418029338,0.02776740707987939,-0.9787536408731727,0.4169846635803199,False,True,False,False,True,True,False,False,False,True,False,False,True,False,False,False,False,False,False,True,2130,0
0.4680546789336827,-0.48914270504834245,1.1429166973978875,0.5310060565903069,0.4771882149293511,-0.575143723725704,0.35372408776941205,1.1422056529439104,False,False,True,False,True,False,True,False,True,False,False,False,False,True,False,True,False,False,False,False,2131,0
0.34931827462217285,-0.48914270504834245,0.2208733004076016,0.4524275870539924,0.6459991127009284,-0.977084477596093,-0.7187579865038879,-0.8826113493592342,False,False,True,False,True,True,False,False,False,True,False,False,False,False,True,False,False,True,False,False,2132,1
-0.8005803982004598,-1.4404457028439166,1.2320217315608142,1.4142280541784809,1.273011018709644,-0.7761141006608985,-0.5562607025230849,0.6142447726872166,True,False,False,False,True,True,False,False,False,False,True,False,False,True,False,False,False,False,False,True,2133,0
2.671018452130726,-1.5269277935526053,1.2203993358004324,1.4990928012777003,1.2408565619912482,0.9321341032882544,-0.4587623321346031,0.6490553801766689,False,True,False,False,True,True,False,False,False,True,False,False,True,False,False,True,False,False,False,False,2134,0
-0.2103567185160609,0.8080886555819861,-1.4759964806081345,-0.8016847867455856,-0.5437157858797114,-0.977084477596093,-0.9787536408731727,-0.7723777589759685,False,False,True,False,True,True,False,False,False,False,True,False,False,False,True,False,False,True,False,False,2135,0
-0.26511379817428143,-0.575624795757031,1.2087769400400508,0.5781531383120955,-0.5035227149817167,-0.977084477596093,0.6137197421386968,2.4592069696281906,False,False,True,False,True,False,False,True,False,False,True,False,False,True,False,False,False,True,False,False,2136,0
0.30608900120778815,-1.6998919749699823,1.2087769400400508,1.715969377197928,1.0680263571298716,-0.2736881583229123,2.336190952335209,-0.5693158819541632,False,False,True,False,True,True,False,False,True,False,False,False,True,False,False,False,True,False,False,False,2137,0
-0.8305526944344331,1.6729095626688717,-0.3060086407297046,-1.6660479516450442,0.9474471444358877,-0.977084477596093,-0.881255270484691,-0.34304693327272295,True,False,False,True,False,True,False,False,True,False,False,False,False,True,False,False,False,False,True,False,2138,1
0.20694986751079913,0.029749839203788972,-1.1699400589180817,-0.006470675038083751,-0.049341013834377966,-0.17320296985531508,-0.8162563568923697,-0.24441687871927464,False,False,True,False,True,False,True,False,False,False,True,False,False,True,False,False,True,False,False,False,2139,1
0.08590790195052216,-0.575624795757031,0.6082864924203267,0.5687237219677378,0.9112733806276927,-0.3741733467905095,1.6212029028196757,-0.8303954381250558,False,False,True,False,True,True,False,False,False,False,True,False,False,False,True,False,False,True,False,False,2140,0
2.400691395712774,-1.2674815214265396,1.2397699954010688,1.219353449728421,0.35258969514556787,-0.2736881583229123,-0.19876667776531826,0.8985314005177439,False,True,False,False,True,False,True,False,False,False,False,True,True,False,False,False,False,False,True,False,2141,0
-0.062224408282769365,-0.4026606143396539,-0.7670303392248475,0.43042561558382436,1.072045664219671,-0.977084477596093,-0.39376341854228186,-0.19800273540000485,False,False,True,False,True,True,False,False,False,False,False,True,False,False,True,False,False,True,False,False,2142,1
-0.07836333702413971,1.4999453812514947,0.19375437696671086,-1.5403224003869411,-2.239863377775083,-0.2736881583229123,-0.3287645049499607,-0.47068582740071485,False,False,True,False,True,False,True,False,False,False,False,True,False,True,False,False,False,True,False,False,2143,0
2.137281023041123,0.11623192991247754,-0.8096457903462473,-0.11019425482601877,-0.2503063683243509,-0.3741733467905095,-0.9462541840770121,-1.1552944413599442,False,True,False,False,True,False,True,False,True,False,False,False,False,True,False,False,True,False,False,False,2144,1
-0.8668652841025163,-0.4026606143396539,-0.127798572403851,0.36756283995477285,-0.8893761956024648,-0.6756289121933012,-0.5562607025230849,1.4264922807744378,True,False,False,False,True,True,False,False,True,False,False,False,False,False,True,False,True,False,False,False,2145,0
0.2334638218716218,-1.0080352493004738,1.2862595784425956,0.989904318682383,0.15162434065559496,-0.575143723725704,-0.26376559135763944,1.8558231064776833,False,False,True,False,True,True,False,False,False,False,False,True,False,True,False,False,False,False,False,True,2146,1
-0.6340035979770308,0.5486423834559204,0.25574048768874685,-0.5439474066664743,-0.30657666758154334,-0.575143723725704,0.2562257173809302,0.19071571489887965,True,False,False,False,True,False,False,True,False,False,True,False,False,False,True,False,True,False,False,False,2147,1
-0.8737819678488178,1.3269811998341174,0.2673628834491286,-1.2951575754336402,0.46513029365995273,0.02776740707987939,0.35372408776941205,-0.4532805236559887,True,False,False,False,True,False,False,True,True,False,False,False,False,True,False,False,False,False,False,True,2148,1
-0.8213304494393644,0.8945707462906747,0.1976285088868381,-0.9116946440964258,-0.338731124299939,0.6306785378854628,3.9936632489394,1.7513912840093264,True,False,False,False,True,True,False,False,False,True,False,False,False,True,False,False,False,False,True,False,2149,0
2.0744544790122177,1.5864274719601832,-1.964137102544168,-1.5968988984530874,-1.2631717549538144,0.8316489148206573,-0.9787536408731727,0.1791121790690622,False,True,False,False,True,False,True,False,False,True,False,False,True,False,False,True,False,False,False,False,2150,0
-0.24609291787195228,-1.5269277935526053,1.2165252038803052,1.5556692993438468,0.78265555375411,1.4345600456262406,-0.29626504815380006,-0.22701157497454846,False,False,True,False,True,False,True,False,False,True,False,False,True,False,False,False,False,False,False,True,2151,1
-0.8092262528833367,-0.9215531585917853,0.45719534753536395,0.8987532940202583,-0.1739395336181612,-0.17320296985531508,1.8161996435966392,-0.16899389582546123,True,False,False,False,True,True,False,False,True,False,False,False,False,True,False,False,True,False,False,False,2152,1
-0.5959618373723722,0.37567820203854324,-1.4914930082886435,-0.35535907977931974,0.35258969514556787,-0.977084477596093,-0.10126830737683644,-1.1901050488493967,True,False,False,False,True,True,False,False,True,False,False,False,True,False,False,True,False,False,False,False,2153,1
-0.8709000162878588,0.37567820203854324,0.7128880542637626,-0.40564930028256097,0.8750996168194975,3.6452341919133797,-0.23126613456147885,-0.2560204145490921,True,False,False,False,True,False,False,True,False,True,False,False,False,True,False,True,False,False,False,False,2154,0
-0.7135454610594986,-0.575624795757031,1.2203993358004324,0.5530080280604749,1.0318525933216764,0.5301933494178656,-0.8162563568923697,0.3821740560908675,True,False,False,False,True,False,True,False,False,False,True,False,False,True,False,False,False,True,False,False,2155,0
-0.7896289822688156,1.1540170184167404,-0.7244148881034477,-1.1882908568642525,-0.08551477764257309,-0.7761141006608985,0.2562257173809302,0.2545351619628756,True,False,False,False,True,False,False,True,False,True,False,False,False,True,False,False,False,False,False,True,2156,1
0.021352186985040978,0.2891961113298547,-0.07743485744219675,-0.24849236120993215,0.08329612012900417,0.9321341032882544,-0.5562607025230849,0.5156147181337682,False,False,True,False,True,True,False,False,False,False,True,False,False,False,True,False,False,False,True,False,2157,0
2.075030869324409,0.37567820203854324,0.43007642409447316,-0.3805041900309403,0.7585397112153133,3.0423230611077963,-0.39376341854228186,-0.19220096748509613,False,True,False,False,True,False,False,True,True,False,False,False,True,False,False,True,False,False,False,False,2158,0
0.22712352843751207,-0.6621068864657196,0.5889158328196905,0.6975924120072934,1.3292813179668364,-0.575143723725704,-0.7512574433000485,0.3357599127715978,False,False,True,False,True,True,False,False,True,False,False,False,False,False,True,False,False,False,True,False,2159,0
-0.6391911107867569,-1.180999430717851,0.27511114728938313,1.1816357843509901,0.8188293175623051,1.2335896686910461,-0.881255270484691,-0.8710078135294168,True,False,False,False,True,False,False,True,True,False,False,False,False,True,False,False,False,True,False,False,2160,0
-0.16424549354071719,-1.6998919749699823,0.9724548929122884,1.715969377197928,1.1042001209380667,-0.977084477596093,0.4837219149540545,-0.9696378680828651,False,False,True,False,True,False,False,True,False,True,False,False,False,True,False,False,True,False,False,False,2161,0
1.9464958297056392,1.6729095626688717,-1.5999687020522064,-1.6629048128635915,-1.415905424366194,-0.3741733467905095,1.5237045324311937,-0.047156769612378024,False,True,False,False,True,False,False,True,True,False,False,False,True,False,False,False,False,True,False,False,2162,0
0.039220286662986575,-1.5269277935526053,1.0925529824362332,1.530524189092226,0.774616939574511,0.5301933494178656,-0.4262628753384425,-0.0645620733571042,False,False,True,False,True,True,False,False,False,True,False,False,False,False,True,True,False,False,False,False,2163,0
-0.9026014834584075,-0.0567322515048996,-1.0382195736337552,0.08782348840549355,0.9514664515256872,-0.6756289121933012,1.8811985571889605,0.6780642197512124,True,False,False,True,False,False,True,False,False,False,False,True,True,False,False,False,False,False,False,True,2164,1
-0.036863234546330274,1.240499109125429,1.1235460377972513,-1.2605830488376617,-1.022013329565847,0.6306785378854628,-0.19876667776531826,-0.47068582740071485,False,False,True,False,True,False,True,False,False,False,False,True,True,False,False,False,False,True,False,False,2165,0
-0.946407147184984,1.3269811998341174,-2.320557239195875,-1.370592906188502,0.9796016011542834,-0.977084477596093,-0.3612639617461213,-0.09357091293164782,True,False,False,False,True,False,True,False,False,False,True,False,False,True,False,False,False,False,False,True,2166,0
0.19657484189134683,0.37567820203854324,-0.6895477008223024,-0.4025061615011084,-0.005128635846583923,0.3292229724826711,0.8412159397118211,-0.43007345199635383,False,False,True,False,True,False,False,True,True,False,False,False,False,False,True,False,False,False,False,True,2167,1
-0.7279552188642935,0.7216065648732976,0.9182170460305068,-0.6916749293947454,-0.01316725002618284,0.9321341032882544,-0.06876885058067583,-0.5693158819541632,True,False,False,False,True,False,True,False,False,False,True,False,False,False,True,False,True,False,False,False,2168,0
1.997794567490709,-0.22969643292227673,1.0305668717141971,0.2669823989482904,0.055160970500407955,-0.47465853525810675,-0.29626504815380006,-0.22701157497454846,False,True,False,False,True,True,False,False,False,False,False,True,False,False,True,False,False,False,False,True,2169,0
-0.7613858569714177,-1.2674815214265396,1.0848047185959786,1.257071115105852,0.8590223884602997,-0.8765992891284957,-0.8162563568923697,-0.18059743165527867,True,False,False,False,True,False,False,True,False,False,False,True,False,True,False,False,False,False,True,False,2170,0
2.5396014609509963,-0.575624795757031,-0.0890572532025785,0.6095845261266213,0.5294392070967441,0.02776740707987939,-0.13376776417299704,0.4169846635803199,False,True,False,False,True,False,True,False,False,True,False,False,True,False,False,True,False,False,False,False,2171,0
0.005213258243670633,-0.48914270504834245,0.1666354535258201,0.49957466877578105,1.1725283414646575,-0.2736881583229123,-0.7187579865038879,-0.6041264894436156,False,False,True,True,False,False,True,False,True,False,False,False,False,False,True,True,False,False,False,False,2172,0
-0.9389140731264908,0.7216065648732976,-1.8285424853397143,-0.7231063172092712,0.9796016011542834,1.4345600456262406,-0.7512574433000485,0.23712985821814944,True,False,False,True,False,False,False,True,False,True,False,False,False,False,True,False,True,False,False,False,2173,0
-0.018418744556193002,-0.3161785236309653,0.9298394417908886,0.29841378676281616,1.2890882470688418,-0.575143723725704,-0.0037699369883546193,-0.9812414039126826,False,False,True,False,True,True,False,False,True,False,False,False,False,True,False,True,False,False,False,False,2174,0
-0.7164274126204575,-1.6134098842612938,0.9802031567525429,1.627961491317256,0.8550030813705002,-0.977084477596093,-0.9137547272808515,-0.5229017386348934,True,False,False,False,True,False,False,True,False,False,True,False,True,False,False,False,True,False,False,False,2175,1
0.10781073381381034,0.2027140206211661,-0.8483871095475197,-0.17620016923652287,0.018987206692212828,-0.575143723725704,0.06122897660396659,1.3742763695402593,False,False,True,False,True,False,False,True,True,False,False,False,True,False,False,False,True,False,False,False,2176,0
2.322878703566882,-0.3161785236309653,1.0964271143563604,0.3581334236104151,-0.14982369107936444,0.12825259554747662,0.1262278901962878,-1.2423209600835752,False,True,False,False,True,False,True,False,False,False,False,True,False,False,True,False,False,False,True,False,2177,1
0.22827630906189564,0.11623192991247754,0.9298394417908886,-0.09133542213730332,0.8670610026398986,0.3292229724826711,1.6537023596158362,-0.11677798459128272,False,False,True,False,True,True,False,False,False,False,True,False,False,False,True,False,False,True,False,False,2178,0
-0.6576356007768944,0.37567820203854324,0.12789413432454758,-0.39621988393820323,-1.399828196006996,-0.17320296985531508,-0.29626504815380006,0.5736323972828554,True,False,False,False,True,True,False,False,False,False,True,False,False,True,False,False,False,True,False,False,2179,1
0.21847767375463523,-0.8350710678830967,-0.027071142480542477,0.8673219062057325,0.441014451121156,-0.8765992891284957,1.6537023596158362,-0.3604522370174491,False,False,True,False,True,False,False,True,False,False,True,False,True,False,False,False,False,True,False,False,2180,0
-0.8709000162878588,1.0675349277080517,-1.8634096726208595,-1.0845672770763175,1.1001808138482672,-0.977084477596093,-0.26376559135763944,-0.18059743165527867,True,False,False,False,True,False,True,False,True,False,False,False,False,True,False,False,False,False,True,False,2181,1
0.2732347534128558,0.2027140206211661,-0.9413662756305737,-0.16362761411071258,-0.041302399654779054,0.3292229724826711,0.191226803788609,0.289345769452328,False,False,True,False,True,False,False,True,False,True,False,False,False,True,False,False,False,False,False,True,2182,0
-1.020185107145534,1.6729095626688717,1.1003012462764876,-1.675477367989402,-1.050148479194443,2.2384415533670183,-0.06876885058067583,0.8405137213686568,True,False,False,False,True,False,False,True,False,True,False,False,False,True,False,False,False,True,False,False,2183,0
2.141892145538658,0.2027140206211661,-0.22077773848690505,-0.20448841826959607,0.42493722276195817,-0.47465853525810675,0.7437175693233393,0.05147328494107028,False,True,False,False,True,False,False,True,False,True,False,False,False,False,True,False,False,True,False,False,2184,0
-0.18441915446743012,0.7216065648732976,0.5346779859379089,-0.7042474845205557,-1.2109207627864216,-0.575143723725704,-0.5562607025230849,-0.7433689194014249,False,False,True,False,True,True,False,False,False,False,False,True,False,False,True,False,False,False,False,True,2185,0
-0.5861632020651117,-1.6998919749699823,1.0964271143563604,1.6688222954761396,1.2046827981830532,-0.977084477596093,-0.23126613456147885,-1.1030785301257657,True,False,False,False,True,False,True,False,False,True,False,False,False,False,True,False,False,False,True,False,2186,1
-0.7781011760249796,-0.14321434221358817,1.02669273979407,0.12239801500147189,0.3646476164149663,0.5301933494178656,-0.6212596161154061,-0.6853512402523376,True,False,False,True,False,True,False,False,True,False,False,False,False,False,True,False,True,False,False,False,2187,0
-0.8570666487952557,1.1540170184167404,-1.0808350247551548,-1.1222849424537484,-1.2953262116722102,-0.07271778138771784,-0.4587623321346031,-0.0645620733571042,True,False,False,True,False,False,False,True,True,False,False,False,False,True,False,True,False,False,False,False,2188,1
0.015588283863123146,-0.7485889771744081,0.5772934370593087,0.7918865754508707,0.027025820871811747,-0.6756289121933012,-0.8162563568923697,-0.8942148851890517,False,False,True,False,True,True,False,False,True,False,False,False,True,False,False,False,True,False,False,False,2189,1
-0.8680180647268998,-0.7485889771744081,-0.33312756417059536,0.7070218283516511,-0.19403606906715848,-0.3741733467905095,-0.8162563568923697,0.8695225609432004,True,False,False,False,True,True,False,False,False,False,False,True,False,True,False,True,False,False,False,False,2190,1
2.231809034240577,-0.14321434221358817,-0.31763103649008634,0.1349705701272822,-0.8130093608962751,1.3340748571586434,-0.881255270484691,-0.22120980705963975,False,True,False,False,True,True,False,False,True,False,False,False,True,False,False,False,False,False,False,True,2191,0
-0.7227677060545673,-0.6621068864657196,-0.5229600282568306,0.6221570812524315,-0.48744548662251896,0.12825259554747662,-0.10126830737683644,-1.224915656338849,True,False,False,True,False,False,True,False,True,False,False,False,False,False,True,False,False,True,False,False,2192,1
0.03979667697517846,0.2027140206211661,-1.2745416207615174,-0.1573413365478074,-1.066225707553641,0.73116372635306,-0.3287645049499607,1.7281842123496916,False,False,True,False,True,False,False,True,False,False,False,True,False,True,False,False,False,True,False,False,2193,1
0.11242185631134481,-1.6134098842612938,1.0964271143563604,1.590243825939825,1.2689917116198444,-0.8765992891284957,-0.03626939378451522,1.7281842123496916,False,False,True,False,True,False,False,True,True,False,False,False,True,False,False,False,False,True,False,False,2194,0
2.4174067147663365,0.6351244741646089,0.14726479392518382,-0.6193827374213362,-1.8379326687951372,-0.47465853525810675,-0.6537590729115668,-0.6099282573585243,False,True,False,False,True,False,True,False,False,True,False,False,True,False,False,True,False,False,False,False,2195,1
-0.5682951023871661,1.6729095626688717,-1.9990042898253133,-1.69747933945957,-1.7535272199093483,2.037471176431824,-0.49126178893076367,-1.0624661547214047,True,False,False,False,True,False,False,True,False,False,True,False,False,True,False,False,False,False,True,False,2196,1
-0.844962452239228,0.4621602927472318,0.4920625348165092,-0.4968003249446857,-0.2704029037733482,-0.07271778138771784,-0.7837569000962091,-0.4996946669752585,True,False,False,False,True,False,True,False,False,True,False,False,False,True,False,False,False,True,False,False,2197,0
0.24153328624230697,-1.2674815214265396,0.9065946502701251,1.2916456417018303,1.1805669556442564,-0.2736881583229123,0.7762170261194999,-1.1726997451046706,False,False,True,False,True,False,False,True,False,False,True,False,True,False,False,False,False,False,False,True,2198,0
-0.3832738121735996,-0.575624795757031,1.2475182592413232,0.5718668607491904,0.8067713962929067,-0.977084477596093,-0.19876667776531826,-1.097276762210857,True,False,False,False,True,False,False,True,False,True,False,False,False,False,True,False,True,False,False,False,2199,0
-0.7440941476056637,1.240499109125429,-0.7050442285028115,-1.2322947998045886,-0.6763529198430935,-0.47465853525810675,0.6137197421386968,1.5135187994980688,True,False,False,False,True,False,True,False,False,False,True,False,False,True,False,False,False,False,True,False,2200,0
-0.7002884838790873,-0.4026606143396539,0.7012656585033807,0.3707059787362254,0.12348919102699875,-0.977084477596093,2.336190952335209,-1.016052011402135,True,False,False,False,True,False,False,True,False,True,False,False,False,False,True,True,False,False,False,False,2201,1
-0.40229469247592886,-0.0567322515048996,0.9918255525129246,0.09725290474985128,-1.0340712508352454,-0.7761141006608985,-0.03626939378451522,-0.3256416295279968,True,False,False,True,False,False,True,False,False,True,False,False,False,True,False,False,True,False,False,False,2202,0
0.03230360291668517,1.1540170184167404,0.41070576449383694,-1.1977202732086103,-0.6120440064063022,-0.7761141006608985,-0.4587623321346031,-1.0682679226363134,False,False,True,False,True,False,True,False,False,False,False,True,False,True,False,False,True,False,False,False,2203,1
0.18216508408655194,1.413463290542806,-0.9994782544324825,-1.4586007920691741,-2.0790910941831044,2.2384415533670183,-0.8487558136885304,1.9602549289460405,False,False,True,False,True,False,True,False,False,False,False,True,True,False,False,False,False,True,False,False,2204,0
-0.9613932953019708,-0.48914270504834245,-0.39511367489263133,0.5090040851201388,-0.25432567541415035,1.9369859879642268,2.076195297965924,-0.47068582740071485,True,False,False,False,True,False,True,False,False,False,True,False,False,True,False,False,False,True,False,False,2205,0
-0.023606257365919155,-1.180999430717851,0.2712370153692559,1.2162103109469684,0.9112733806276927,2.5398971187698103,-0.6862585297077273,-0.5287035065498021,False,False,True,False,True,True,False,False,False,False,False,True,False,False,True,False,False,True,False,False,2206,1
-0.7567747344738833,0.2891961113298547,0.3487196537718009,-0.3113551368389837,-1.022013329565847,0.5301933494178656,-0.9137547272808515,0.06307682077088773,True,False,False,False,True,True,False,False,False,False,True,False,False,True,False,False,False,False,False,True,2207,0
0.1020468306918925,0.2891961113298547,0.9956996844330519,-0.23591980608412183,1.212721412362652,0.73116372635306,-0.5887601593192455,-0.9696378680828651,False,False,True,False,True,True,False,False,False,False,True,False,False,True,False,False,False,False,False,True,2208,1
2.171864441772631,-1.5269277935526053,1.0189444759538153,1.5116653564035107,0.7705976324847116,1.635530422561435,-0.23126613456147885,0.48080411064431583,False,True,False,False,True,False,False,True,True,False,False,False,False,True,False,True,False,False,False,False,2209,0
-0.7158510223082657,0.029749839203788972,-1.0382195736337552,0.006101880087726555,-0.19001676197735903,-0.07271778138771784,0.6787186557310181,0.8115048817941131,True,False,False,False,True,False,False,True,False,False,False,True,False,True,False,False,False,False,False,True,2210,0
2.1995311767578376,-0.6621068864657196,-0.22852600232715956,0.6441590527225995,-0.0011093287567844642,-0.6756289121933012,2.563687149908333,0.16750864323924475,False,True,False,False,True,False,True,False,False,True,False,False,True,False,False,False,False,False,True,False,2211,0
1.9874195418712561,-0.8350710678830967,0.7787482969059258,0.8138885469210387,0.40484068731296086,-0.8765992891284957,-0.6537590729115668,-1.3699598542115672,False,True,False,False,True,False,False,True,False,False,False,True,True,False,False,False,False,False,False,True,2212,1
-0.6760800907670319,-0.3161785236309653,-0.2324001342472868,0.3235588970144368,0.48522682910895004,-0.6756289121933012,-0.8487558136885304,-0.8245936702101471,True,False,False,False,True,False,True,False,False,False,False,True,False,False,True,True,False,False,False,False,2213,0
-0.7976984466395007,-0.4026606143396539,1.0925529824362332,0.4115667828951089,0.21995256118218576,-0.7761141006608985,1.7837001868004787,0.3473634486014152,True,False,False,False,True,True,False,False,False,True,False,False,False,False,True,False,False,False,False,True,2214,1
0.5389506873332736,0.9810528369993632,0.5385521178580363,-1.0154182238843608,-0.8331058963452724,-0.07271778138771784,0.191226803788609,0.06307682077088773,False,False,True,False,True,True,False,False,True,False,False,False,False,False,True,False,False,True,False,False,2215,0
0.013859112926547693,-1.0945173400091623,0.47656600713600017,1.1124867311590334,0.879118923909297,-0.977084477596093,1.3937067052465515,0.329958144856689,False,False,True,False,True,False,False,True,False,False,False,True,False,True,False,True,False,False,False,False,2216,0
0.5158950748456018,0.5486423834559204,-0.6856735689021752,-0.5942376271697155,1.3212427037872374,0.5301933494178656,-0.7837569000962091,-0.3546504691025404,False,False,True,True,False,True,False,False,False,False,False,True,False,True,False,False,False,True,False,False,2217,1
0.09685931788216615,-1.6998919749699823,1.1429166973978875,1.7002536832906652,1.3373199321464353,-0.17320296985531508,-0.29626504815380006,-0.9348272605934128,False,False,True,False,True,False,False,True,True,False,False,False,True,False,False,False,True,False,False,False,2218,0
0.05305365415558979,1.1540170184167404,0.9220911779506341,-1.1662888853940845,-0.7848742112676789,-0.17320296985531508,0.9387143101003029,-0.8361972060399645,False,False,True,False,True,True,False,False,False,True,False,False,True,False,False,True,False,False,False,False,2219,1
0.2905264627786097,0.2891961113298547,-1.3055346761225355,-0.2767806102430053,1.0760649713094705,1.7360156110290323,-0.4587623321346031,-0.34884870118763167,False,False,True,False,True,False,False,True,True,False,False,False,False,True,False,False,True,False,False,False,2220,1
-0.6218994014210031,-0.7485889771744081,-0.37186888337186785,0.7478826325105346,-0.4271558802755271,0.12825259554747662,0.8087164829156605,-0.029751465867651854,True,False,False,False,True,False,False,True,False,False,False,True,False,True,False,False,True,False,False,False,2221,0
0.2663180696665542,-0.7485889771744081,1.0925529824362332,0.7698846039807027,0.4168986085823592,-0.17320296985531508,-0.7187579865038879,-0.13998505625091762,False,False,True,False,True,False,True,False,False,False,True,False,False,False,True,False,True,False,False,False,2222,0
-0.8155665463174464,0.4621602927472318,-0.836764713787138,-0.4370806880970867,-1.5847163221377711,-0.575143723725704,3.051179001850742,0.1268962678348837,True,False,False,False,True,True,False,False,False,True,False,False,True,False,False,False,False,True,False,False,2223,1
-0.8317054750588166,1.240499109125429,-2.150095434710276,-1.2731556039634722,-1.5967742434071694,-0.47465853525810675,-0.8162563568923697,1.4322940486893465,True,False,False,False,True,True,False,False,False,True,False,False,False,False,True,False,False,False,False,True,2224,0
0.17179005846709963,-1.180999430717851,0.48818840289638193,1.1816357843509901,0.7022694119581208,2.1379563648994213,-0.8487558136885304,-0.15739035999564377,False,False,True,True,False,True,False,False,True,False,False,False,False,True,False,False,False,False,False,True,2225,0
-0.5867395923773034,-0.48914270504834245,0.13176826624467483,0.47442955852416047,1.0117560578726792,1.3340748571586434,-0.9787536408731727,-0.05295853752728675,True,False,False,False,True,True,False,False,True,False,False,False,False,True,False,False,False,False,False,True,2226,1
-0.864559722853749,-0.7485889771744081,1.1274201697173785,0.7698846039807027,0.45307237239055437,0.3292229724826711,-0.26376559135763944,-0.43587521991126255,True,False,False,False,True,False,False,True,False,False,True,False,True,False,False,False,False,False,True,False,2227,1
-0.6051840823674409,1.4999453812514947,-0.2788897172888138,-1.4806027635393422,-1.7294113773705517,-0.07271778138771784,-0.6212596161154061,-0.15739035999564377,True,False,False,False,True,True,False,False,True,False,False,False,True,False,False,True,False,False,False,False,2228,1
-0.6449550139086748,0.8945707462906747,-1.2396744334803722,-0.8802632562819,-0.6441984631246979,-0.575143723725704,-0.26376559135763944,0.48660587855922455,True,False,False,False,True,False,True,False,False,False,False,True,False,True,False,False,False,True,False,False,2229,1
-0.901448702834024,0.7216065648732976,0.39133510489320067,-0.7388220111165341,0.023006513782012288,0.3292229724826711,-0.8162563568923697,1.7978054273285962,True,False,False,False,True,False,True,False,False,True,False,False,False,True,False,False,False,False,True,False,2230,0
-0.8881917256536127,0.2027140206211661,-0.18978468312588703,-0.23277666730266924,0.22799117536178468,-0.17320296985531508,0.35372408776941205,-0.41846991616653634,True,False,False,False,True,False,True,False,False,False,True,False,True,False,False,False,False,True,False,False,2231,1
0.13259551723805754,1.6729095626688717,-2.3089348434354937,-1.6660479516450442,-2.40867427554666,0.22873778401507386,-0.8162563568923697,-0.5170999707199847,False,False,True,True,False,False,False,True,False,True,False,False,True,False,False,True,False,False,False,False,2232,0
0.5429854195186161,0.2027140206211661,0.4184540283340914,-0.22020411217685895,0.1677015690147928,1.9369859879642268,-0.7187579865038879,-0.047156769612378024,False,False,True,True,False,False,False,True,True,False,False,False,True,False,False,False,False,False,True,False,2233,1
0.09109541476024831,-0.575624795757031,1.1894062804394145,0.5875825546564531,1.0921421996686682,-0.977084477596093,-0.13376776417299704,-0.8710078135294168,False,False,True,False,True,False,False,True,False,True,False,False,True,False,False,False,False,True,False,False,2234,0
0.4594088242508058,1.5864274719601832,-2.022249081346077,-1.571753788201467,-2.1634965430688933,1.0326192917558517,0.6787186557310181,-0.4938928990603498,False,False,True,False,True,False,False,True,True,False,False,False,True,False,False,False,True,False,False,False,2235,0
-0.9487127084337512,-0.4026606143396539,-0.09293138512270575,0.3769922562991306,0.099373348488202,-0.17320296985531508,-0.5562607025230849,-1.0798714584661309,True,False,False,False,True,False,True,False,False,True,False,False,False,True,False,True,False,False,False,False,2236,0
0.10723434350161866,1.5864274719601832,-2.1384730389498943,-1.5434655391683936,-2.107226243811701,-0.3741733467905095,-0.9137547272808515,1.7165806765198741,False,False,True,False,True,True,False,False,True,False,False,False,False,False,True,False,False,False,False,True,2237,0
2.1874269802018094,-0.22969643292227673,-0.23627426616741404,0.20411962331923889,-0.8732989672432669,-0.977084477596093,-0.5887601593192455,0.7128748272406648,False,True,False,False,True,False,True,False,False,True,False,False,True,False,False,False,True,False,False,False,2238,1
-0.9187404121997778,0.6351244741646089,-0.027071142480542477,-0.6791023742689352,0.27220355334957874,-0.17320296985531508,-0.5562607025230849,0.2719404657076018,True,False,False,False,True,True,False,False,True,False,False,False,True,False,False,False,False,True,False,False,2239,0
1.8335233285160468,-1.0945173400091623,0.42232816025421865,1.137631841410654,0.4490530653007549,-0.8765992891284957,-0.03626939378451522,1.78040012358387,False,True,False,False,True,False,False,True,False,True,False,False,False,False,True,False,False,False,False,True,2240,0
-1.0547685258770418,1.6729095626688717,-2.363172690317275,-1.6849067843337595,-1.6249093930357659,-0.07271778138771784,1.7837001868004787,-0.5809194177839806,True,False,False,False,True,True,False,False,True,False,False,False,False,False,True,False,False,False,False,True,2241,0
0.0772620472676451,0.5486423834559204,0.6082864924203267,-0.5785219332624527,-1.5284460228805787,0.8316489148206573,-0.7512574433000485,-1.1320873697003093,False,False,True,True,False,False,False,True,False,False,False,True,False,True,False,False,False,True,False,False,2242,1
-0.7809831275859387,1.4999453812514947,-0.6740511731417934,-1.5371792616054885,-2.1233034721708988,-0.977084477596093,-0.0037699369883546193,-0.41846991616653634,True,False,False,False,True,False,True,False,True,False,False,False,True,False,False,True,False,False,False,False,2243,1
-0.7296843898008688,0.2027140206211661,-0.5617013474581032,-0.19191586314378575,-1.07426432173324,-0.7761141006608985,-0.26376559135763944,-1.1668979771897618,True,False,False,False,True,True,False,False,True,False,False,False,False,False,True,False,False,True,False,False,2244,0
0.1302899559892904,0.7216065648732976,-1.4798706125282617,-0.7482514274608918,-0.34275043138973843,-0.977084477596093,0.1587273469924484,0.12109449991997497,False,False,True,False,True,False,True,False,False,True,False,False,False,False,True,False,False,False,False,True,2245,1
-0.8190248881905973,-1.0945173400091623,0.5617969093787997,1.0904847596888654,0.12348919102699875,-0.8765992891284957,-0.9787536408731727,0.06887858868579645,True,False,False,True,False,False,False,True,False,False,False,True,False,False,True,False,False,False,False,True,2246,0
-0.9590877340532035,1.5864274719601832,-0.7476596796242112,-1.5874694821087296,-0.9898588728474513,-0.977084477596093,-0.8162563568923697,-1.1088802980406745,True,False,False,False,True,True,False,False,False,True,False,False,False,True,False,False,False,True,False,False,2247,1
-0.07836333702413971,-1.180999430717851,0.37583857721269165,1.153347535317917,1.0921421996686682,-0.977084477596093,-0.03626939378451522,-0.6447388648479766,False,False,True,True,False,True,False,False,False,True,False,False,False,False,True,True,False,False,False,False,2248,0
-0.22649564725743124,-1.2674815214265396,0.3719644452925644,1.2287828660727789,1.0680263571298716,-0.3741733467905095,0.6787186557310181,-0.551910578209437,False,False,True,False,True,False,False,True,False,False,False,True,True,False,False,False,True,False,False,False,2249,0
-0.8184484978784055,-1.4404457028439166,0.7438811096247805,1.4708045522446271,0.7705976324847116,0.73116372635306,-0.16626722096915764,-0.6505406327628853,True,False,False,False,True,False,True,False,True,False,False,False,False,True,False,False,False,True,False,False,2250,1
2.290024455771949,0.11623192991247754,0.32934899417116464,-0.06933345066713528,-1.3355192825702047,-0.47465853525810675,-0.7837569000962091,0.6084430047723077,False,True,False,False,True,False,False,True,False,False,False,True,False,True,False,False,False,True,False,False,2251,0
2.2364201567381126,0.4621602927472318,0.4455729517749822,-0.42136499418982387,-0.19805537615695795,-0.977084477596093,-0.23126613456147885,-1.1262856017854006,False,True,False,False,True,True,False,False,False,False,True,False,False,False,True,True,False,False,False,False,2252,1
-0.056460505160851326,-1.0080352493004738,0.32934899417116464,1.0024768738081933,0.6138446559825327,0.5301933494178656,0.2237262605847696,-0.25021864663418336,False,False,True,False,True,False,False,True,False,True,False,False,False,False,True,False,False,False,True,False,2253,0
0.13259551723805754,0.6351244741646089,0.5695451732190542,-0.6476709864544093,-1.391789581827397,-0.977084477596093,1.426206162042712,-0.9928449397425,False,False,True,False,True,True,False,False,False,False,True,False,True,False,False,False,False,False,True,False,2254,1
0.3769850096073791,0.11623192991247754,0.6392795477813448,-0.08819228335585073,1.124296656387064,-0.575143723725704,0.35372408776941205,-1.184303280934488,False,False,True,False,True,False,False,True,True,False,False,False,True,False,False,False,True,False,False,False,2255,0
0.14181776223312628,-1.5269277935526053,0.9182170460305068,1.5336673278736788,1.1484124989258606,1.8365007994966296,0.028729519807805987,-1.1088802980406745,False,False,True,False,True,False,True,False,False,True,False,False,False,True,False,False,False,False,False,True,2256,0
2.160913025840987,-1.2674815214265396,0.7167621861838898,1.2822162253574727,0.32445454551697167,-0.6756289121933012,-0.13376776417299704,0.45179527106977224,False,True,False,False,True,False,True,False,False,False,True,False,True,False,False,False,False,False,True,False,2257,0
2.214517324874824,0.8080886555819861,-0.34474995993097707,-0.7671102601496073,0.2159332540923863,0.12825259554747662,0.2562257173809302,-0.2560204145490921,False,True,False,False,True,False,False,True,False,False,True,False,False,True,False,True,False,False,False,False,2258,1
1.9378499750227618,-0.9215531585917853,1.0615599270752152,0.8956101552388057,0.11143126975760038,-0.8765992891284957,1.8811985571889605,0.3763722881759588,False,True,False,True,False,False,True,False,True,False,False,False,True,False,False,True,False,False,False,False,2259,1
2.400691395712774,-0.575624795757031,0.8794757268292344,0.5970119710008109,0.8911768451786953,-0.17320296985531508,-0.7512574433000485,-0.8536025097846907,False,True,False,False,True,False,True,False,False,False,False,True,True,False,False,False,True,False,False,False,2260,0
-0.8034623497614186,-1.6134098842612938,0.8329861437877073,1.627961491317256,1.1886055698238553,-0.17320296985531508,-0.8162563568923697,-1.161096209274853,True,False,False,True,False,False,True,False,False,True,False,False,True,False,False,False,True,False,False,False,2261,0
-0.5106560711679865,-1.353963612135228,1.243644127321196,1.338792723423619,0.8228486246521045,-0.17320296985531508,-0.9137547272808515,-0.41846991616653634,True,False,False,True,False,False,True,False,False,False,True,False,False,False,True,False,True,False,False,False,2262,1
0.1833178647109355,-0.6621068864657196,0.9104687821902523,0.6724473017556728,-0.09355339182217201,-0.47465853525810675,0.8087164829156605,-0.5867211856988893,False,False,True,False,True,False,True,False,False,True,False,False,True,False,False,False,False,False,False,True,2263,0
0.09916487913093348,0.9810528369993632,0.8407344076279618,-0.9965593911956453,0.29631939588837547,-0.977084477596093,0.0937284334001272,-1.224915656338849,False,False,True,False,True,False,True,False,True,False,False,False,True,False,False,False,False,True,False,False,2264,1
0.11703297880887908,0.7216065648732976,-1.836290749179969,-0.7105337620834609,-0.8732989672432669,-0.47465853525810675,-0.6212596161154061,-0.8536025097846907,False,False,True,False,True,True,False,False,False,False,True,False,True,False,False,False,False,False,True,False,2265,0
-0.8046151303858023,-0.48914270504834245,-0.16653989160512353,0.5121472239015914,-0.18599745488755956,-0.977084477596093,0.41872300136173324,-0.8361972060399645,True,False,False,True,False,False,False,True,False,False,True,False,True,False,False,False,False,False,True,False,2266,1
-0.7112398998107313,0.7216065648732976,-1.2009331142790995,-0.7419651498979867,-1.9384153460401234,0.6306785378854628,-0.23126613456147885,-0.952232564338139,True,False,False,False,True,True,False,False,False,False,True,False,False,True,False,True,False,False,False,False,2267,1
-0.8847333837804618,-0.22969643292227673,0.2944818068900194,0.23555101113376464,0.6218832701621316,-0.7761141006608985,0.2562257173809302,-0.3082363257832706,True,False,False,False,True,False,False,True,False,True,False,False,True,False,False,False,False,False,False,True,2268,0
-0.7475524894788146,-0.14321434221358817,-0.5074635005763216,0.14439998647163993,-0.5919474709573049,-0.6756289121933012,-0.29626504815380006,0.9333420080071964,True,False,False,False,True,True,False,False,False,True,False,False,False,False,True,False,True,False,False,False,2269,0
-0.49624631336319164,1.0675349277080517,-2.13072477510964,-1.0374201953545288,-2.010762873656514,-0.575143723725704,-0.06876885058067583,-0.09357091293164782,True,False,False,False,True,False,False,True,True,False,False,False,False,False,True,True,False,False,False,False,2270,1
-0.7198857544936084,1.6729095626688717,-2.010626685585695,-1.6943362006781173,0.6218832701621316,-0.7761141006608985,-0.3287645049499607,-1.1436909055301268,True,False,False,False,True,False,False,True,False,False,False,True,True,False,False,False,False,False,True,False,2271,0
-0.8651361131659409,0.11623192991247754,-0.8328905818670107,-0.09762169970020847,0.5294392070967441,-0.8765992891284957,2.498688236316012,0.16170687532433603,True,False,False,False,True,True,False,False,False,False,True,False,False,True,False,False,False,False,True,False,2272,0
0.5164714651577935,-1.5269277935526053,0.9530842333116522,1.48652024615189,0.7143273332275192,-0.575143723725704,-0.19876667776531826,-0.8710078135294168,False,False,True,False,True,True,False,False,False,False,True,False,True,False,False,False,False,True,False,False,2273,0
0.3153112462028569,1.3269811998341174,-1.499241272128898,-1.3423046571554287,-0.7527197545492832,-0.17320296985531508,-0.8162563568923697,-0.7259636156566988,False,False,True,False,True,False,False,True,False,True,False,False,False,True,False,False,False,False,False,True,2274,0
-0.878969480658544,0.4621602927472318,-1.6735772085346243,-0.42136499418982387,-0.9335885735902588,-0.07271778138771784,0.3862235445655726,0.6548571480915776,True,False,False,False,True,False,True,False,True,False,False,False,True,False,False,False,True,False,False,False,2275,1
0.25017914092518384,-1.6134098842612938,1.3211267657237409,1.6028163810656355,1.3493778534158336,-0.3741733467905095,-0.7512574433000485,-0.8187919022952383,False,False,True,False,True,False,False,True,False,False,True,False,False,False,True,False,False,False,True,False,2276,0
2.1286351683582465,-1.0945173400091623,0.28285941112963764,1.0747690657816025,0.4490530653007549,0.73116372635306,2.628686063500654,1.588941782391882,False,True,False,False,True,False,False,True,False,False,False,True,False,True,False,False,False,False,True,False,2277,0
-0.07778694671194783,-0.9215531585917853,0.32934899417116464,0.9270415430533314,0.7947134750235083,-0.8765992891284957,0.7112181125271787,1.2698445470719022,False,False,True,False,True,True,False,False,False,False,True,False,False,False,True,False,True,False,False,False,2278,1
2.4514137431856526,0.8945707462906747,-0.065812461681815,-0.8708338399375423,0.8670610026398986,-0.8765992891284957,-0.0037699369883546193,0.9217384721773789,False,True,False,False,True,True,False,False,True,False,False,False,False,False,True,True,False,False,False,False,2279,1
0.04037306728737035,-0.48914270504834245,1.2165252038803052,0.5090040851201388,0.5254199000069446,-0.7761141006608985,-0.9787536408731727,-0.7665759910610598,False,False,True,True,False,True,False,False,False,True,False,False,True,False,False,False,True,False,False,False,2280,1
-0.946407147184984,0.9810528369993632,-1.8479131449403505,-0.9462691706924041,-0.583908856777706,-0.3741733467905095,-0.9462541840770121,-0.2850292541236357,True,False,False,False,True,False,False,True,False,False,False,True,False,True,False,False,False,False,True,False,2281,0
1.6254464258148087,-0.48914270504834245,0.7748741649857985,0.47128641974270785,1.0439105145910748,0.5301933494178656,-0.03626939378451522,-0.7027565439970638,False,True,False,False,True,False,True,False,False,False,False,True,False,False,True,False,False,False,False,True,2282,1
-0.8438096716148444,0.11623192991247754,-0.33312756417059536,-0.11333739360747135,0.4209179156721587,-0.977084477596093,-0.7837569000962091,-0.5809194177839806,True,False,False,False,True,False,True,False,False,False,False,True,False,False,True,True,False,False,False,False,2283,0
-0.0466618698535909,-0.48914270504834245,1.2475182592413232,0.4618570033983501,0.14358572647599604,2.037471176431824,0.41872300136173324,-0.279227486208727,False,False,True,False,True,False,False,True,False,False,True,False,False,False,True,False,False,True,False,False,2284,0
0.14239415254531818,-0.4026606143396539,0.15113892584531108,0.4052805053322038,-0.8130093608962751,0.12825259554747662,1.1337110508772665,-0.07616560918692164,False,False,True,False,True,True,False,False,True,False,False,False,False,False,True,False,False,True,False,False,2285,0
-0.24436374693537682,-0.22969643292227673,0.6547760754618538,0.21983531722650176,-0.31059597467134276,1.0326192917558517,0.2237262605847696,-0.3778575407621753,False,False,True,False,True,False,False,True,False,False,True,False,False,True,False,False,False,True,False,False,2286,0
0.1452761041062772,0.6351244741646089,0.8833498587493616,-0.6162395986398835,-1.689218306472557,1.7360156110290323,2.823682804277618,-0.6911530081672463,False,False,True,False,True,False,True,False,False,True,False,False,False,False,True,False,False,True,False,False,2287,0
0.34240159087587124,0.2891961113298547,-1.3132829399627899,-0.3176414144018888,-0.12570784854056768,-0.47465853525810675,-0.5237612457269243,1.5193205674129775,False,False,True,False,True,False,False,True,False,True,False,False,False,False,True,False,False,True,False,False,2288,0
0.35623495836847424,0.8080886555819861,-1.9873818940649317,-0.8331161745601113,-1.6048128575867684,0.12825259554747662,-0.4262628753384425,3.636965856354662,False,False,True,False,True,False,True,False,False,True,False,False,False,False,True,False,False,False,True,False,2289,0
0.17755396158901768,-1.0945173400091623,1.0034479482733063,1.1282024250662963,1.2006634910932537,0.02776740707987939,-0.39376341854228186,-1.137889137615218,False,False,True,False,True,False,False,True,False,False,False,True,False,True,False,False,False,False,True,False,2290,0
0.3222279299491583,0.8080886555819861,-1.809171825739078,-0.8362593133415639,-1.7133341490113538,-0.3741733467905095,-0.6537590729115668,-0.46488405948580613,False,False,True,True,False,True,False,False,False,True,False,False,False,True,False,False,False,False,False,True,2291,1
-0.5780937376944266,-0.3161785236309653,-0.8871284287487923,0.33298831335879453,-0.8331058963452724,-0.6756289121933012,-0.7187579865038879,-0.035553233782560575,True,False,False,False,True,False,False,True,False,False,False,True,False,False,True,False,False,False,False,True,2292,1
0.2363457734325808,0.7216065648732976,-0.16266575968499628,-0.7451082886794392,-0.7848742112676789,-0.07271778138771784,0.2237262605847696,0.19071571489887965,False,False,True,True,False,False,True,False,False,False,True,False,False,True,False,False,False,False,True,False,2293,1
-0.5181491452264798,0.4621602927472318,-1.4256327656464802,-0.45279638200434963,-1.2028821486068226,-0.3741733467905095,-0.5562607025230849,0.8463154892835655,True,False,False,False,True,True,False,False,True,False,False,False,False,True,False,False,False,False,True,False,2294,1
0.01212994198997224,-1.5269277935526053,0.7245104500241443,1.508522217622058,1.064007050040072,0.6306785378854628,-0.7837569000962091,-1.3235457108922972,False,False,True,False,True,False,True,False,True,False,False,False,True,False,False,False,False,True,False,False,2295,1
0.1337482978624411,-1.0945173400091623,1.2940078422828503,1.1250592862848439,1.212721412362652,-0.977084477596093,-0.6862585297077273,-1.137889137615218,False,False,True,False,True,False,True,False,False,True,False,False,False,False,True,False,False,False,True,False,2296,0
-0.9596641243653954,1.240499109125429,1.0034479482733063,-1.2228653834602308,-1.4721757236233863,1.0326192917558517,0.7112181125271787,-1.1552944413599442,True,False,False,False,True,False,True,False,False,False,False,True,False,False,True,False,False,False,True,False,2297,0
-0.6040313017430574,-1.0945173400091623,0.9647066290720339,1.131345563847749,0.40484068731296086,-0.3741733467905095,-0.6537590729115668,-0.9696378680828651,True,False,False,False,True,False,True,False,False,True,False,False,True,False,False,True,False,False,False,False,2298,0
-0.8098026431955285,1.413463290542806,-1.824668353419587,-1.4334556818175535,-2.0951683225423023,-0.575143723725704,-0.5237612457269243,0.7476854347301172,True,False,False,False,True,True,False,False,False,True,False,False,False,True,False,False,False,False,False,True,2299,1
-0.8328582556832004,-1.0945173400091623,0.14339066200505657,1.093627898470318,0.06721889176980633,-0.977084477596093,2.4336893227236907,-0.42427168408144506,True,False,False,False,True,False,True,False,False,False,False,True,False,False,True,True,False,False,False,False,2300,0
0.40176979303162624,-0.14321434221358817,0.6547760754618538,0.1758313742861657,0.059180277590207414,-0.8765992891284957,-0.8487558136885304,-0.15739035999564377,False,False,True,False,True,False,False,True,True,False,False,False,False,True,False,True,False,False,False,False,2301,1
-0.6484133557818257,-0.14321434221358817,-0.3989878068127586,0.18211765184907083,0.5455164354559419,0.12825259554747662,-0.5887601593192455,-0.2560204145490921,True,False,False,False,True,False,False,True,False,False,False,True,False,True,False,False,False,False,False,True,2302,1
-0.07317582421441356,1.413463290542806,-2.270193524234221,-1.4303125430361008,-0.5597930142389093,-0.7761141006608985,0.8737153965079817,3.254049173970686,False,False,True,False,True,False,False,True,False,False,True,False,False,True,False,True,False,False,False,False,2303,1
-0.8749347484732014,-1.0080352493004738,0.8833498587493616,0.9679023472122149,0.38072484477416413,-0.6756289121933012,0.8087164829156605,0.329958144856689,True,False,False,False,True,False,True,False,False,False,True,False,False,False,True,False,True,False,False,False,2304,0
0.2052206965742239,1.413463290542806,-0.5423306878574669,-1.4208831266917432,-1.2913069045824106,-0.8765992891284957,-0.6862585297077273,-0.07616560918692164,False,False,True,False,True,False,True,False,True,False,False,False,True,False,False,False,False,False,True,False,2305,0
-0.7873234210200484,1.1540170184167404,-1.0149747821129915,-1.1820045793013474,-0.2945187463121449,0.6306785378854628,-0.881255270484691,0.7360818989002997,True,False,False,False,True,False,True,False,True,False,False,False,True,False,False,False,True,False,False,False,2306,0
-0.5665659314505906,0.5486423834559204,-0.3757430152919951,-0.5219454351963063,0.16368226192499333,1.2335896686910461,1.3937067052465515,0.35896698443123265,True,False,False,False,True,False,False,True,False,False,False,True,False,False,True,False,False,True,False,False,2307,1
-0.8928028481511471,1.240499109125429,-1.1583176631577,-1.2417242161489463,-1.616870778856167,-0.3741733467905095,3.798666508162436,0.7999013459642956,True,False,False,False,True,False,False,True,False,True,False,False,False,False,True,False,False,True,False,False,2308,0
-0.576940957070043,1.5864274719601832,0.49593666673663644,-1.5686106494200143,-0.2904994392223455,-0.6756289121933012,0.2562257173809302,1.5657347107322472,True,False,False,False,True,True,False,False,False,False,True,False,False,True,False,False,False,False,True,False,2309,1
0.49456863329450534,1.3269811998341174,-2.1694660943109123,-1.3171595469038082,-2.320249519571072,-0.2736881583229123,-0.6212596161154061,-0.6679459365076115,False,False,True,False,True,False,False,True,False,False,True,False,True,False,False,True,False,False,False,False,2310,0
2.112496239616876,-0.3161785236309653,1.011196212113561,0.2952706479813636,0.5615936638151398,0.3292229724826711,-0.6862585297077273,-0.10517444876146527,False,True,False,False,True,True,False,False,False,False,False,True,False,True,False,False,True,False,False,False,2311,0
-0.6080660339284,-0.4026606143396539,0.565671041298927,0.4398550319281821,-0.43921380154492545,1.4345600456262406,-0.23126613456147885,-0.9348272605934128,True,False,False,False,True,True,False,False,False,False,False,True,False,False,True,True,False,False,False,False,2312,0
2.278496649528113,1.0675349277080517,-1.7394374511767876,-1.0342770565730763,1.1443931918360613,-0.6756289121933012,4.936147496028058,-0.15739035999564377,False,True,False,False,True,False,True,False,False,True,False,False,True,False,False,False,False,False,False,True,2313,0
-0.8103790335077202,-0.48914270504834245,0.24411809192836512,0.4524275870539924,0.40885999440276033,-0.8765992891284957,-0.6212596161154061,-0.6911530081672463,True,False,False,False,True,False,True,False,False,False,False,True,False,False,True,True,False,False,False,False,2314,1
0.10031765975531705,0.5486423834559204,-0.8871284287487923,-0.575378794481,-1.1626890777088281,-0.17320296985531508,-0.39376341854228186,-0.4590822915708974,False,False,True,False,True,False,False,True,False,True,False,False,False,False,True,True,False,False,False,False,2315,0
-0.21093310882825278,-0.8350710678830967,0.0775304193628933,0.8201748244839439,0.01496789960241337,0.12825259554747662,-0.7512574433000485,-1.0102502434872263,False,False,True,False,True,False,False,True,False,False,True,False,False,True,False,False,False,False,False,True,2316,0
-0.005161767375781674,0.2891961113298547,-0.065812461681815,-0.3050688592760785,-0.10561131309157039,0.12825259554747662,-0.9787536408731727,1.7455895160944177,False,False,True,False,True,False,True,False,False,False,False,True,True,False,False,False,True,False,False,False,2317,0
0.4605616048751894,-0.3161785236309653,-0.6972959646625569,0.3204157582329842,-0.5678316284185081,-0.6756289121933012,-0.9787536408731727,-1.224915656338849,False,False,True,False,True,True,False,False,True,False,False,False,False,False,True,False,False,True,False,False,2318,1
-0.9902128109115605,0.9810528369993632,-0.8871284287487923,-0.961984864599667,0.46513029365995273,-0.6756289121933012,0.028729519807805987,-0.9464307964232302,True,False,False,False,True,False,False,True,False,False,False,True,False,False,True,False,False,False,True,False,2319,1
1.9983709578029003,-0.0567322515048996,1.3327491614841227,0.07525093327968324,-0.49950340789191733,-0.977084477596093,-0.16626722096915764,0.562028861453038,False,True,False,False,True,True,False,False,False,False,False,True,False,False,True,False,False,True,False,False,2320,1
-0.23514150194030808,1.6729095626688717,-2.1849626219914215,-1.6691910904264966,-0.28648013213254603,-0.6756289121933012,-0.8162563568923697,-0.5170999707199847,False,False,True,False,True,False,True,False,False,False,True,False,True,False,False,False,False,True,False,False,2321,1
-0.7930873241419664,-1.353963612135228,1.2513923911614504,1.382796666363955,0.5495357425457413,1.3340748571586434,-0.881255270484691,0.4750023427294071,True,False,False,False,True,False,False,True,True,False,False,False,False,True,False,True,False,False,False,False,2322,0
0.0063660388680544045,-0.6621068864657196,0.6199088881807084,0.6724473017556728,0.12348919102699875,-0.977084477596093,2.5961866067044936,-0.7317653835716075,False,False,True,False,True,False,False,True,False,False,True,False,False,False,True,True,False,False,False,False,2323,1
-0.9279626571948465,-1.353963612135228,1.1003012462764876,1.3733672500195973,0.9554857586154867,0.12825259554747662,-0.3612639617461213,0.43438996732504603,True,False,False,False,True,False,True,False,False,False,True,False,False,False,True,False,True,False,False,False,2324,0
-0.7953928853907336,1.5864274719601832,-1.406262106045844,-1.5906126208901823,-2.0429173303749093,-0.7761141006608985,-0.9787536408731727,0.7650907384748433,True,False,False,False,True,True,False,False,False,False,True,False,False,False,True,False,False,False,False,True,2325,0
-0.6893370679474432,-0.9215531585917853,0.2363698280881106,0.8893238776759006,0.8951961522684948,-0.6756289121933012,-0.5887601593192455,0.18491394698397093,True,False,False,False,True,True,False,False,True,False,False,False,True,False,False,False,True,False,False,False,2326,1
2.0294960346612574,1.0675349277080517,0.17050958544594733,-1.027990779010171,-1.0260326366556465,-0.3741733467905095,-0.5887601593192455,-0.551910578209437,False,True,False,False,True,True,False,False,False,True,False,False,True,False,False,False,True,False,False,False,2327,1
-0.8489971844245706,-1.353963612135228,0.612160624340454,1.3576515561123343,0.9715629869746846,-0.977084477596093,-0.4262628753384425,0.4401917352399548,True,False,False,False,True,True,False,False,False,False,True,False,True,False,False,False,False,True,False,False,2328,1
-0.79424010476635,-0.48914270504834245,0.7128880542637626,0.5247197790274016,-0.5798895496879065,1.5350452340938379,-0.4587623321346031,-1.0044484755723175,True,False,False,False,True,True,False,False,True,False,False,False,True,False,False,False,True,False,False,False,2329,0
-0.6167118886112769,1.6729095626688717,-0.2943862449693228,-1.7131950333668329,1.1765476485544568,-0.47465853525810675,-0.4262628753384425,-0.8245936702101471,True,False,False,True,False,False,True,False,True,False,False,False,False,True,False,False,False,False,False,True,2330,0
-0.734871902610595,0.2891961113298547,-0.6314357220203937,-0.2924963041502682,-0.35480835265913685,-0.47465853525810675,-0.6212596161154061,-0.6737477044225202,True,False,False,False,True,True,False,False,False,True,False,False,False,True,False,False,True,False,False,False,2331,0
-0.5642603702018235,0.2891961113298547,0.8019930884266893,-0.2547786387728373,0.6580570339703268,-0.07271778138771784,0.2887251741770908,-0.7143600798268813,True,False,False,False,True,False,True,False,False,False,False,True,True,False,False,False,True,False,False,False,2332,1
-0.023606257365919155,-0.4026606143396539,-0.7554079434644657,0.42413933802091924,1.1122387351176657,0.3292229724826711,-0.10126830737683644,-0.5403070423796196,False,False,True,False,True,True,False,False,False,False,True,False,False,False,True,False,False,False,False,True,2333,0
-0.4368781112074366,1.5864274719601832,-2.347676162636766,-1.6063283147974452,-2.3644618975588663,-0.3741733467905095,-0.6537590729115668,-0.16899389582546123,True,False,False,False,True,True,False,False,False,True,False,False,False,False,True,False,False,True,False,False,2334,1
2.0600447212074227,0.37567820203854324,0.6935173946631262,-0.3522159409978672,-1.1144573926312344,0.02776740707987939,5.0661453232127,-0.08776914501673909,False,True,False,False,True,False,True,False,False,False,True,False,False,True,False,False,False,False,False,True,2335,1
0.16372059409641446,0.6351244741646089,1.290133710362723,-0.6696729579245774,1.0358719004114758,-0.6756289121933012,0.5812202853425362,-0.7723777589759685,False,False,True,False,True,False,False,True,False,False,False,True,False,True,False,True,False,False,False,False,2336,0
0.008095209804629654,-0.14321434221358817,0.581167568979436,0.15382940281599766,0.8308872388317035,-0.6756289121933012,-0.5887601593192455,-0.6679459365076115,False,False,True,True,False,False,False,True,False,True,False,False,False,False,True,False,False,False,False,True,2337,1
0.15622752003792117,1.413463290542806,0.5346779859379089,-1.414596849128838,0.589728813443736,1.9369859879642268,-0.8162563568923697,-0.6215317931883417,False,False,True,False,True,True,False,False,False,True,False,False,False,False,True,False,True,False,False,False,2338,0
0.04210223822394559,-0.0567322515048996,0.581167568979436,0.06582151693532551,-0.06139893510377634,-0.977084477596093,-0.7187579865038879,1.78040012358387,False,False,True,False,True,True,False,False,True,False,False,False,False,False,True,False,True,False,False,False,2339,1
-0.6881842873230595,1.1540170184167404,-0.06968659360194224,-1.1788614405198947,-0.6723336127532941,-0.3741733467905095,-0.3612639617461213,-0.3778575407621753,True,False,False,False,True,False,False,True,False,False,False,True,True,False,False,False,True,False,False,False,2340,0
2.356885731986197,-0.48914270504834245,-0.5035893686561944,0.5090040851201388,0.45307237239055437,1.0326192917558517,-0.0037699369883546193,0.31255284111196285,False,True,False,False,True,True,False,False,False,False,False,True,False,True,False,True,False,False,False,False,2341,0
-0.8063443013223777,1.5864274719601832,-0.34474995993097707,-1.5874694821087296,-1.653044542664362,-0.07271778138771784,-0.3287645049499607,-0.7781795268908772,True,False,False,False,True,False,False,True,False,False,False,True,False,False,True,False,False,True,False,False,2342,0
-0.6328508173526471,-1.6134098842612938,1.0886788505161058,1.6593928791317818,1.0881228925788688,-0.3741733467905095,0.5162213717502151,-0.31983986161308803,True,False,False,False,True,True,False,False,False,False,False,True,False,False,True,False,False,False,True,False,2343,0
-0.5694478830115497,-1.6998919749699823,1.3095043699633593,1.6782517118204971,1.0197946720522781,0.12825259554747662,0.5812202853425362,0.6084430047723077,True,False,False,False,True,False,False,True,False,False,True,False,False,False,True,False,True,False,False,False,2344,1
-0.7654205891567603,-0.6621068864657196,0.9182170460305068,0.6913061344443883,0.3164159313373728,-0.8765992891284957,0.2237262605847696,-1.3409510146370234,True,False,False,False,True,True,False,False,False,False,True,False,False,True,False,False,True,False,False,False,2345,1
0.01789384511189028,1.1540170184167404,-2.072612796307731,-1.1380006363610113,-0.47940687244292,-0.3741733467905095,2.336190952335209,-0.888413117274143,False,False,True,False,True,False,False,True,False,False,True,False,True,False,False,False,False,False,False,True,2346,0
0.22366518656436138,-1.0945173400091623,0.9995738163531791,1.07162592700015,0.686192183598923,0.02776740707987939,-0.10126830737683644,0.13269803574979241,False,False,True,True,False,False,True,False,False,False,True,False,False,False,True,False,True,False,False,False,2347,0
-0.48471850711935566,0.5486423834559204,-1.0459678374740096,-0.5439474066664743,0.055160970500407955,-0.977084477596093,-0.8487558136885304,-0.8361972060399645,True,False,False,False,True,False,True,False,False,False,False,True,False,False,True,False,False,False,True,False,2348,0
-0.5999965695577149,0.2891961113298547,-1.332653599563426,-0.23906294486557442,-0.92554995941066,-0.47465853525810675,-0.19876667776531826,2.1691185738827543,True,False,False,False,True,True,False,False,True,False,False,False,False,True,False,True,False,False,False,False,2349,1
2.1545727324068773,0.5486423834559204,-1.4140103698860984,-0.5156591576334011,0.11946988393719929,2.338926741834616,0.45122245815789386,0.3705705202610501,False,True,False,False,True,False,True,False,False,True,False,False,False,True,False,False,False,False,False,True,2350,0
1.9966417868663249,-0.14321434221358817,0.7748741649857985,0.17897451306761827,-0.829086589255473,0.5301933494178656,-0.4262628753384425,0.5794341651977641,False,True,False,True,False,False,True,False,False,True,False,False,False,True,False,True,False,False,False,False,2351,0
1.9591764165738585,0.7216065648732976,0.643153679701472,-0.7325357335536289,1.055968435860473,0.9321341032882544,-0.9462541840770121,-0.6331353290181592,False,True,False,False,True,False,False,True,False,True,False,False,False,False,True,False,False,True,False,False,2352,1
1.9753153453152288,-0.8350710678830967,1.2242734677205598,0.8296042408283016,-0.19001676197735903,-0.2736881583229123,0.3862235445655726,-0.7607742231461511,False,True,False,False,True,False,True,False,False,False,False,True,False,True,False,False,False,True,False,False,2353,0
-0.4432184046415463,-1.6998919749699823,1.1584132250783965,1.7348282098866437,1.2328179478116494,0.22873778401507386,-0.19876667776531826,-1.0508626188915873,True,False,False,False,True,True,False,False,False,False,False,True,False,True,False,False,False,False,True,False,2354,0
-0.7561983441616915,-1.180999430717851,0.9220911779506341,1.2004946170397055,0.37670553768436466,-0.7761141006608985,-0.7187579865038879,-0.19220096748509613,True,False,False,False,True,False,False,True,False,False,True,False,False,True,False,False,False,False,False,True,2355,0
0.03691472541421944,-1.2674815214265396,0.7245104500241443,1.2287828660727789,0.5294392070967441,0.02776740707987939,-0.6537590729115668,0.6548571480915776,False,False,True,False,True,False,False,True,False,True,False,False,True,False,False,False,True,False,False,False,2356,1
-0.8443860619270362,0.7216065648732976,-0.46484804945492186,-0.7262494559907238,-1.8379326687951372,0.6306785378854628,-0.881255270484691,-0.5867211856988893,True,False,False,False,True,False,True,False,False,False,True,False,False,True,False,False,False,False,True,False,2357,0
0.2945611949639523,0.5486423834559204,-0.867757769148156,-0.5879513496068104,-1.3475772038396032,-0.7761141006608985,-0.9787536408731727,-0.33724516535781424,False,False,True,False,True,True,False,False,False,False,True,False,True,False,False,False,False,False,True,False,2358,0
2.390316370093322,-1.353963612135228,0.8717274629889799,1.3325064458607139,0.7906941679337088,-0.7761141006608985,1.0362126804887848,-0.7259636156566988,False,True,False,False,True,False,True,False,False,True,False,False,True,False,False,False,False,False,True,False,2359,1
-0.949289098745943,0.2027140206211661,1.0305668717141971,-0.15419819776635485,-1.2028821486068226,-0.17320296985531508,-0.9462541840770121,-0.2560204145490921,True,False,False,False,True,True,False,False,True,False,False,False,False,True,False,False,False,True,False,False,2360,0
0.3020542690224456,0.5486423834559204,1.1235460377972513,-0.5125160188519485,-1.2310172982354188,2.2384415533670183,0.2562257173809302,0.6606589160064863,False,False,True,False,True,True,False,False,True,False,False,False,False,True,False,False,False,False,True,False,2361,0
-0.7429413669812802,-1.4404457028439166,0.8988463864298706,1.442516303211554,0.5294392070967441,-0.977084477596093,0.191226803788609,-0.8419989739548732,True,False,False,False,True,False,False,True,False,True,False,False,True,False,False,False,False,False,True,False,2362,0
-0.3873085443589422,-0.48914270504834245,-0.5500789516977214,0.45871386461689756,0.5013040574681479,-0.17320296985531508,3.6686686809777935,-0.035553233782560575,True,False,False,False,True,True,False,False,False,True,False,False,False,True,False,False,False,False,True,False,2363,0
-0.8270943525612823,0.029749839203788972,0.5153073263372727,-0.00018439747517859785,1.140373884746262,1.133104480223449,0.5487208285463757,-0.8942148851890517,True,False,False,False,True,False,True,False,True,False,False,False,True,False,False,True,False,False,False,False,2364,0
2.1839686383286585,-0.8350710678830967,1.0073220801934337,0.8013159917952284,0.9675436798848851,0.6306785378854628,-0.9462541840770121,-1.2713297996581188,False,True,False,False,True,True,False,False,False,False,False,True,False,False,True,True,False,False,False,False,2365,0
-0.7527400022885407,0.11623192991247754,0.9724548929122884,-0.14162564264054453,1.2770303257994433,0.3292229724826711,-0.9137547272808515,-0.6505406327628853,True,False,False,False,True,False,True,False,False,False,False,True,True,False,False,False,False,True,False,False,2366,0
-0.7700317116542946,-0.4026606143396539,1.0305668717141971,0.40213736655075116,-0.6562563843940962,-0.8765992891284957,-0.5562607025230849,-0.6505406327628853,True,False,False,False,True,True,False,False,True,False,False,False,False,True,False,False,False,True,False,False,2367,0
-0.5832812505041528,0.8080886555819861,0.9879514205927974,-0.8362593133415639,-1.1868049202476247,-0.7761141006608985,-0.9787536408731727,-0.22120980705963975,True,False,False,False,True,True,False,False,False,False,True,False,True,False,False,True,False,False,False,False,2368,0
0.4669018983092991,-0.14321434221358817,-0.06968659360194224,0.12239801500147189,0.059180277590207414,-0.977084477596093,-0.3287645049499607,-0.7027565439970638,False,False,True,False,True,False,False,True,False,True,False,False,True,False,False,False,False,True,False,False,2369,1
-0.14291905198962068,0.37567820203854324,1.0770564547557242,-0.38993360637529806,-0.31059597467134276,0.4297081609502683,2.141194211558245,-0.13418328833600887,False,False,True,False,True,False,True,False,True,False,False,False,True,False,False,False,False,True,False,False,2370,1
-0.7250732673033344,0.8080886555819861,-1.4178845018062256,-0.7765396764939649,0.11143126975760038,-0.07271778138771784,0.028729519807805987,-0.10517444876146527,True,False,False,True,False,False,False,True,False,False,False,True,True,False,False,False,False,False,False,True,2371,1
-0.08643280139482488,1.413463290542806,-2.181088490071294,-1.4365988205990061,-1.8861643538727306,5.052026830459741,0.06122897660396659,-0.3256416295279968,False,False,True,False,True,False,True,False,False,False,True,False,False,False,True,False,True,False,False,False,2372,1
-0.6680106263963467,-0.14321434221358817,-0.16653989160512353,0.13811370890873476,-0.5959667780471043,1.133104480223449,-0.7837569000962091,-0.0007426262931082349,True,False,False,False,True,True,False,False,False,False,True,False,True,False,False,False,False,True,False,False,2373,0
1.8064329838430326,-1.0080352493004738,0.9337135737110158,0.9930474574638356,1.2328179478116494,-0.47465853525810675,-0.10126830737683644,0.48660587855922455,False,True,False,False,True,True,False,False,False,False,True,False,False,True,False,False,False,False,True,False,2374,1
-0.9919419818481359,0.7216065648732976,-0.929743879870192,-0.6916749293947454,-0.30255736049174387,0.22873778401507386,-0.9137547272808515,1.443897584519164,True,False,False,False,True,False,False,True,False,True,False,False,False,True,False,False,False,False,False,True,2375,1
2.2439132307966054,1.0675349277080517,-1.7898011661384419,-1.0625653056061495,0.48120752201915057,0.6306785378854628,-0.29626504815380006,1.6875718369453305,False,True,False,False,True,False,False,True,False,False,True,False,True,False,False,True,False,False,False,False,2376,0
0.04959531228243909,0.2891961113298547,0.3138524664906556,-0.3082119980575311,-0.5115613291613157,0.02776740707987939,2.2711920387428877,1.0319720625606446,False,False,True,False,True,False,False,True,False,False,True,False,False,True,False,False,False,False,False,True,2377,1
0.16083864253545566,-1.2674815214265396,1.166161488918651,1.272786809013115,0.9916595224236818,0.22873778401507386,-0.06876885058067583,-0.3140380936981793,False,False,True,False,True,False,False,True,False,True,False,False,False,True,False,False,False,True,False,False,2378,1
0.2524847021739512,1.4999453812514947,0.2053767727270926,-1.5371792616054885,-0.9376078806800583,0.3292229724826711,-0.7512574433000485,1.3974834411998942,False,False,True,False,True,True,False,False,False,False,False,True,False,True,False,False,False,False,True,False,2379,1
-0.8351638169319675,-0.575624795757031,-0.4222325983335221,0.5844394158750006,-0.2704029037733482,0.4297081609502683,-0.7187579865038879,-0.9464307964232302,True,False,False,False,True,True,False,False,False,False,False,True,False,True,False,False,False,True,False,False,2380,1
-0.977532224043341,-0.3161785236309653,0.9763290248324156,0.31412948067007906,-0.6723336127532941,1.4345600456262406,-0.5562607025230849,-0.6041264894436156,True,False,False,False,True,False,True,False,True,False,False,False,False,True,False,False,True,False,False,False,2381,0
-0.517572754914288,1.1540170184167404,1.1312943016375057,-1.1977202732086103,-2.2479019919546817,-0.2736881583229123,3.1811768290353846,-0.3778575407621753,True,False,False,False,True,False,True,False,False,False,False,True,True,False,False,False,True,False,False,False,2382,0
-0.4270794759001761,-1.4404457028439166,0.8910981225896161,1.404798637834123,1.1283159634768634,1.2335896686910461,-0.4262628753384425,0.3763722881759588,True,False,False,False,True,True,False,False,False,True,False,False,False,False,True,False,False,False,True,False,2383,0
-0.4201627921538746,0.11623192991247754,1.0538116632349606,-0.13848250385909197,-0.6843915340226925,-0.17320296985531508,1.2312094212657483,-1.056664386806496,True,False,False,False,True,False,True,False,False,False,False,True,False,True,False,False,False,True,False,False,2384,1
1.9799264678127633,0.029749839203788972,0.860105067228598,-0.06304717310423012,-1.126515313900633,-0.575143723725704,0.06122897660396659,0.3473634486014152,False,True,False,False,True,False,True,False,False,True,False,False,False,False,True,False,False,True,False,False,2385,0
-0.6207466207966195,0.2891961113298547,-1.2629192250011356,-0.24220608364702698,0.5495357425457413,-0.977084477596093,-0.9137547272808515,0.36476875234614137,True,False,False,False,True,True,False,False,False,False,True,False,True,False,False,True,False,False,False,False,2386,0
-0.17865525134551208,-1.5269277935526053,0.7632517692254168,1.48652024615189,0.7987327821133078,0.22873778401507386,-0.03626939378451522,-0.006544394208016959,False,False,True,False,True,True,False,False,True,False,False,False,True,False,False,False,True,False,False,False,2387,0
0.3619988614903923,-1.0080352493004738,-0.015448746720160724,1.0087631513710984,0.3164159313373728,-0.8765992891284957,-0.26376559135763944,-1.1030785301257657,False,False,True,False,True,True,False,False,False,False,True,False,False,False,True,False,True,False,False,False,2388,1
-0.6397675010989486,0.5486423834559204,-1.0459678374740096,-0.5439474066664743,-0.5316578646103131,1.4345600456262406,5.553637175155109,-0.07616560918692164,True,False,False,False,True,False,False,True,False,False,True,False,False,True,False,False,False,False,True,False,2389,1
0.1625678134720309,0.5486423834559204,0.35646791761205543,-0.5376611291035692,-1.6450059284847631,-0.07271778138771784,1.1337110508772665,-1.161096209274853,False,False,True,False,True,False,False,True,False,False,True,False,False,False,True,False,False,False,True,False,2390,0
2.140739364914274,-0.7485889771744081,0.1588871896855656,0.7541689100734398,-0.0171865571159823,-0.8765992891284957,0.41872300136173324,-1.2191138884239403,False,True,False,False,True,True,False,False,False,False,False,True,False,False,True,True,False,False,False,False,2391,1
-0.6466841848452503,0.029749839203788972,0.09302694704340231,-0.019043230163894056,-1.2872875974926112,2.9418378726401992,0.2237262605847696,0.2835440015374192,True,False,False,False,True,True,False,False,True,False,False,False,False,True,False,False,True,False,False,False,2392,1
-0.09392587545331817,-0.4026606143396539,0.8794757268292344,0.433568754365277,1.124296656387064,0.02776740707987939,0.41872300136173324,-0.48809113114544106,False,False,True,False,True,False,False,True,True,False,False,False,False,False,True,False,False,True,False,False,2393,1
-0.9383376828142989,1.5864274719601832,1.0693081909154696,-1.5748969269829194,-2.304172291211874,1.635530422561435,0.6787186557310181,-0.37205577284726654,True,False,False,False,True,False,False,True,False,True,False,False,True,False,False,False,True,False,False,False,2394,1
-0.10199533982400334,0.6351244741646089,-1.6464582850937335,-0.6068101822955259,-0.19001676197735903,0.9321341032882544,-0.03626939378451522,0.19071571489887965,False,False,True,False,True,False,True,False,False,False,True,False,False,True,False,False,False,False,False,True,2395,1
0.08763707288709761,0.029749839203788972,0.2712370153692559,0.021817573994989438,-0.6562563843940962,0.5301933494178656,-0.5562607025230849,1.3568710657955332,False,False,True,False,True,False,False,True,False,False,False,True,False,False,True,False,False,False,True,False,2396,1
-0.5619548089530563,1.413463290542806,-2.28569005191473,-1.4177399879102905,1.1001808138482672,-0.7761141006608985,-0.19876667776531826,-0.24441687871927464,True,False,False,False,True,False,True,False,False,False,True,False,False,False,True,False,False,False,False,True,2397,0
2.2064478605041384,0.11623192991247754,1.2785113146023412,-0.10076483848166104,-0.2985380534019444,-0.6756289121933012,2.2061931251505666,0.9507473117519225,False,True,False,False,True,True,False,False,True,False,False,False,True,False,False,True,False,False,False,False,2398,1
-1.2622690382660882,-0.6621068864657196,0.7748741649857985,0.6441590527225995,-0.07345685637317471,-0.8765992891284957,-0.7187579865038879,0.1559051074094273,True,False,False,False,True,True,False,False,False,False,False,True,False,False,True,False,True,False,False,False,2399,1
-0.706628777313197,0.5486423834559204,1.0925529824362332,-0.5156591576334011,0.19985602573318847,-0.977084477596093,-0.8487558136885304,-0.46488405948580613,True,False,False,False,True,True,False,False,True,False,False,False,True,False,False,False,True,False,False,False,2400,1
0.22885269937408753,0.2891961113298547,-1.4721223486880073,-0.3050688592760785,-1.5525618654193756,1.635530422561435,3.246175742627706,-1.3641580862966585,False,False,True,False,True,True,False,False,False,True,False,False,False,False,True,False,True,False,False,False,2401,0
-0.6109479854893589,1.4999453812514947,0.08140455128302056,-1.5151772901353204,-1.4842336448927846,-0.3741733467905095,0.191226803788609,-1.161096209274853,True,False,False,False,True,False,False,True,False,False,True,False,True,False,False,False,True,False,False,False,2402,1
-0.9481363181215595,0.6351244741646089,-0.6159391943398846,-0.6539572640173145,1.0037174436930802,0.6306785378854628,0.6787186557310181,1.3336639941358983,True,False,False,False,True,False,True,False,True,False,False,False,True,False,False,False,False,True,False,False,2403,0
-0.8138373753808711,-0.3161785236309653,0.015544308640857285,0.2732686765111956,-0.27442221086314766,0.73116372635306,-0.9137547272808515,0.8463154892835655,True,False,False,False,True,False,False,True,False,False,False,True,False,False,True,False,True,False,False,False,2404,1
0.148158055667236,1.240499109125429,-0.17816228736550527,-1.2134359671158732,0.11143126975760038,-0.7761141006608985,-0.6537590729115668,1.5019152636682513,False,False,True,False,True,False,True,False,True,False,False,False,True,False,False,True,False,False,False,False,2405,1
2.229503472991811,-1.180999430717851,0.6470278116215993,1.2067808946026108,0.6218832701621316,0.02776740707987939,2.1086947547620847,-0.8187919022952383,False,True,False,False,True,False,False,True,False,False,False,True,False,False,True,True,False,False,False,False,2406,0
-0.6853023357621006,1.5864274719601832,-0.34474995993097707,-1.5466086779498462,-1.7093148419215545,0.22873778401507386,-0.6212596161154061,-0.22701157497454846,True,False,False,False,True,False,True,False,False,False,False,True,False,False,True,False,True,False,False,False,2407,0
0.14642888473066076,0.8945707462906747,-1.3558983910841897,-0.8802632562819,-1.4842336448927846,-0.17320296985531508,-0.39376341854228186,0.5040111823039507,False,False,True,False,True,False,False,True,False,True,False,False,False,False,True,False,True,False,False,False,2408,1
2.3246078745034566,-0.22969643292227673,1.2707630507620866,0.19469020697488115,-0.16992022652836172,-0.977084477596093,-0.49126178893076367,-1.1785015130195793,False,True,False,False,True,False,True,False,True,False,False,False,False,False,True,True,False,False,False,False,2409,1
-0.6115243758015507,-0.6621068864657196,-0.4958411048159399,0.6535884690669573,1.1484124989258606,-0.7761141006608985,-0.9462541840770121,1.002963222986101,True,False,False,False,True,True,False,False,True,False,False,False,False,False,True,True,False,False,False,False,2410,0
0.25017914092518384,1.5864274719601832,-0.08518312128245124,-1.593755759671635,-0.2945187463121449,-0.977084477596093,-0.8162563568923697,-0.34884870118763167,False,False,True,False,True,False,False,True,False,False,True,False,False,True,False,False,False,False,False,True,2411,0
-0.7475524894788146,0.9810528369993632,0.581167568979436,-1.0248476402287185,0.46513029365995273,0.02776740707987939,-0.3287645049499607,0.6200465406021253,True,False,False,False,True,False,True,False,False,False,False,True,False,True,False,False,False,False,True,False,2412,1
-0.5919271051870296,-1.5269277935526053,0.9530842333116522,1.4896633849333427,1.0680263571298716,0.6306785378854628,-0.4587623321346031,-0.0007426262931082349,True,False,False,False,True,True,False,False,False,True,False,False,True,False,False,True,False,False,False,False,2413,0
-0.8806986515951193,-0.22969643292227673,0.2944818068900194,0.22297845600795432,-0.3467697384795379,-0.575143723725704,1.8161996435966392,-0.7607742231461511,True,False,False,False,True,False,True,False,False,False,False,True,False,False,True,False,False,True,False,False,2414,0
-0.8201776688149808,1.240499109125429,-0.8910025606689195,-1.2197222446787783,-0.7969321325370773,-0.47465853525810675,-0.6537590729115668,4.803121207251316,True,False,False,False,True,False,True,False,False,False,True,False,True,False,False,False,False,False,False,True,2415,0
-0.8651361131659409,-0.8350710678830967,-0.2014070788862688,0.8327473796097542,0.4209179156721587,1.5350452340938379,0.9062148533041423,0.2835440015374192,True,False,False,False,True,False,False,True,False,True,False,False,True,False,False,False,False,True,False,False,2416,1
-0.6316980367282636,-0.9215531585917853,0.03878910016162079,0.9238984042718789,0.7947134750235083,-0.575143723725704,-0.6212596161154061,-0.3024345578683619,True,False,False,False,True,False,True,False,False,False,False,True,False,False,True,False,False,False,False,True,2417,1
-0.058766066409618664,-1.4404457028439166,0.705139790423508,1.464518274681722,0.8067713962929067,-0.6756289121933012,0.2887251741770908,-0.6041264894436156,False,False,True,False,True,True,False,False,False,True,False,False,False,False,True,False,True,False,False,False,2418,0
1.9061485078522133,-1.6134098842612938,1.2978819742029775,1.5871006871583726,1.1725283414646575,-0.3741733467905095,-0.6862585297077273,2.140109734308211,False,True,False,True,False,False,False,True,False,False,True,False,False,False,True,False,False,False,False,True,2419,0
1.7153633145167284,0.7216065648732976,0.7283845819442716,-0.7262494559907238,-1.8942029680523296,-0.7761141006608985,-0.06876885058067583,1.0667826700500969,False,True,False,True,False,False,True,False,False,True,False,False,False,False,True,True,False,False,False,False,2420,0
0.04786614134586363,1.4999453812514947,-1.62321349357297,-1.4648870696320793,0.2440684037209825,-0.8765992891284957,-0.881255270484691,1.530924103242795,False,False,True,False,True,False,True,False,True,False,False,False,False,True,False,False,False,True,False,False,2421,1
0.21674850281805977,0.029749839203788972,-0.5849461389788667,0.015531296432084285,0.2360297895413836,-0.7761141006608985,-0.5887601593192455,-0.7839812948057859,False,False,True,False,True,False,True,False,False,True,False,False,False,False,True,False,False,True,False,False,2422,1
-1.0789769189890972,0.11623192991247754,1.0693081909154696,-0.13533936507763938,0.9635243727950856,-0.575143723725704,3.0186795450545816,-0.6737477044225202,True,False,False,False,True,False,True,False,False,True,False,False,False,False,True,False,False,False,False,True,2423,0
0.3210751493247747,1.4999453812514947,-0.867757769148156,-1.4648870696320793,-1.5847163221377711,-0.7761141006608985,-0.29626504815380006,-0.7665759910610598,False,False,True,False,True,False,True,False,False,False,False,True,False,True,False,False,False,False,False,True,2424,0
-0.6299688657916882,-1.353963612135228,1.0073220801934337,1.345079000986524,1.1604704201952591,0.73116372635306,0.1262278901962878,0.19071571489887965,True,False,False,False,True,False,True,False,False,True,False,False,False,False,True,False,True,False,False,False,2425,1
1.93093329127646,-1.4404457028439166,0.8252378799474528,1.4079417766155757,0.9474471444358877,-0.8765992891284957,-0.26376559135763944,-0.37205577284726654,False,True,False,False,True,False,True,False,False,True,False,False,False,False,True,True,False,False,False,False,2426,0
0.0985884888187416,0.37567820203854324,0.9259653098707613,-0.3805041900309403,0.010948592512613911,-0.977084477596093,3.47367194020083,-0.20380450331491357,False,False,True,False,True,True,False,False,True,False,False,False,False,True,False,False,False,False,True,False,2427,1
2.415677543829761,-0.3161785236309653,0.24024396000823786,0.3235588970144368,-0.2904994392223455,0.8316489148206573,-0.7187579865038879,0.1501033394945186,False,True,False,False,True,False,False,True,False,False,False,True,True,False,False,False,False,False,True,False,2428,0
-0.8357402072441592,1.0675349277080517,-1.3365277314835535,-1.0311339177916237,-0.8692796601534676,-0.575143723725704,-0.9462541840770121,-1.0624661547214047,True,False,False,False,True,False,True,False,False,False,True,False,False,False,True,False,False,False,False,True,2429,1
-0.8887681159658044,0.6351244741646089,1.0848047185959786,-0.6791023742689352,-1.6490252355745625,-0.17320296985531508,-0.06876885058067583,-0.9116201889337779,True,False,False,False,True,True,False,False,False,True,False,False,True,False,False,False,False,False,True,False,2430,1
2.2323854245527692,0.5486423834559204,-1.7743046384579328,-0.591094488388263,0.027025820871811747,0.3292229724826711,1.6537023596158362,-0.9174219568486867,False,True,False,False,True,True,False,False,False,False,False,True,False,True,False,False,False,False,True,False,2431,1
2.2952119685816754,1.1540170184167404,-1.1776883227583361,-1.1222849424537484,-1.6048128575867684,0.4297081609502683,-0.7837569000962091,-1.2539244959133926,False,True,False,False,True,False,True,False,False,True,False,False,False,True,False,False,False,True,False,False,2432,1
-0.8489971844245706,1.1540170184167404,-0.2014070788862688,-1.1285712200166536,-1.5003108732519825,0.12825259554747662,-0.13376776417299704,-0.9986467076574087,True,False,False,False,True,False,False,True,False,False,False,True,False,False,True,False,True,False,False,False,2433,0
-0.023029867053727268,1.0675349277080517,-1.9253957833428956,-1.0374201953545288,1.1886055698238553,-0.3741733467905095,-0.881255270484691,0.1965174828137884,False,False,True,False,True,False,True,False,True,False,False,False,True,False,False,False,False,False,False,True,2434,0
-0.7440941476056637,-0.4026606143396539,-0.37961714721212236,0.4272824768023718,0.43297583694155706,-0.47465853525810675,-0.8487558136885304,0.20812101864360583,True,False,False,False,True,False,False,True,False,False,False,True,True,False,False,True,False,False,False,False,2435,1
-0.8046151303858023,0.2891961113298547,-0.9258697479500648,-0.24849236120993215,-0.9456464948596572,-0.575143723725704,-0.8162563568923697,-0.16899389582546123,True,False,False,False,True,True,False,False,False,True,False,False,True,False,False,False,True,False,False,False,2436,0
-0.038592405482905726,0.11623192991247754,0.643153679701472,-0.07247658944858786,1.1484124989258606,-0.575143723725704,1.5237045324311937,1.1248003491991843,False,False,True,False,True,False,False,True,False,True,False,False,False,True,False,False,True,False,False,False,2437,1
0.06112311852627496,-1.6998919749699823,0.8717274629889799,1.7033968220721178,0.8509837742807008,-0.2736881583229123,-0.6212596161154061,0.3009493052821454,False,False,True,True,False,True,False,False,False,False,False,True,False,False,True,False,False,True,False,False,2438,0
-0.6876078970108678,1.7593916533775604,0.4726918752158729,-1.719481310929738,-2.344365362109869,-0.8765992891284957,-0.7837569000962091,0.5388217897934031,True,False,False,False,True,True,False,False,True,False,False,False,False,False,True,False,False,True,False,False,2439,0
0.36949193554888554,1.413463290542806,0.04266323208174805,-1.4554576532877215,-1.0019167941168496,-0.575143723725704,-0.49126178893076367,-1.0218537793170437,False,False,True,False,True,False,False,True,True,False,False,False,False,False,True,False,False,True,False,False,2440,0
-0.9867544690384097,-0.9215531585917853,1.1622873569985237,0.9333278206162366,0.5414971283661425,-0.977084477596093,-0.5237612457269243,-0.47068582740071485,True,False,False,False,True,False,True,False,False,True,False,False,False,False,True,False,False,True,False,False,2441,1
0.03403277385326042,0.8080886555819861,0.38358684105294616,-0.8268298969972062,-0.10159200600177093,1.7360156110290323,0.028729519807805987,-0.9580343322530477,False,False,True,False,True,True,False,False,False,False,False,True,True,False,False,False,False,True,False,False,2442,1
-0.844962452239228,0.7216065648732976,0.46494361137561846,-0.694818068176198,1.2006634910932537,-0.2736881583229123,0.8412159397118211,-0.6041264894436156,True,False,False,False,True,False,True,False,False,False,False,True,True,False,False,False,True,False,False,False,2443,0
-0.09334948514112629,-1.6134098842612938,0.9763290248324156,1.6531066015688767,1.281049632889243,-0.977084477596093,0.06122897660396659,1.2640427791569935,False,False,True,False,True,False,True,False,False,False,False,True,False,True,False,True,False,False,False,False,2444,0
2.0986628721242733,0.6351244741646089,0.10464934280378406,-0.613096459858431,-0.9536851090392562,-0.8765992891284957,-0.9787536408731727,-0.12838152042110015,False,True,False,False,True,False,True,False,False,False,True,False,False,True,False,False,False,True,False,False,2445,0
0.20983181907175816,-1.4404457028439166,0.8252378799474528,1.4708045522446271,1.1564511131054596,-0.977084477596093,-0.13376776417299704,-0.5751176498690719,False,False,True,False,True,False,True,False,True,False,False,False,False,True,False,False,False,False,False,True,2446,0
0.1055051725650432,0.4621602927472318,0.08915281512327507,-0.43393754931563416,-0.6241019276757006,-0.07271778138771784,-0.9462541840770121,0.5272182539635857,False,False,True,True,False,True,False,False,False,False,False,True,False,True,False,False,False,False,True,False,2447,1
-0.1746205191601695,-0.9215531585917853,0.627657152020963,0.908182710364616,0.21191394700258684,-0.07271778138771784,0.028729519807805987,-0.11097621667637399,False,False,True,False,True,True,False,False,False,True,False,False,False,True,False,False,False,True,False,False,2448,1
-0.788476201644432,-0.8350710678830967,0.581167568979436,0.8170316857024913,0.8590223884602997,-0.575143723725704,-0.5562607025230849,1.8384178027329572,True,False,False,False,True,True,False,False,False,True,False,False,True,False,False,True,False,False,False,False,2449,0
0.03633833510202776,-1.2674815214265396,0.32934899417116464,1.2382122824171364,0.7705976324847116,-0.6756289121933012,-0.29626504815380006,-0.6273335611032504,False,False,True,False,True,True,False,False,False,False,False,True,False,False,True,False,False,True,False,False,2450,0
-0.6426494526599077,1.0675349277080517,1.170035620838778,-1.08771041585777,-1.0782836288230393,-0.47465853525810675,-0.3612639617461213,0.16170687532433603,True,False,False,False,True,True,False,False,False,False,True,False,False,False,True,False,False,False,False,True,2451,0
-0.004008986751398107,1.4999453812514947,-0.6895477008223024,-1.4711733471949844,-0.31461528176114223,-0.6756289121933012,-0.39376341854228186,-0.09937268084655654,False,False,True,False,True,False,True,False,False,False,False,True,True,False,False,False,True,False,False,False,2452,1
0.06631063133600111,-0.48914270504834245,-0.5926944028191212,0.47442955852416047,-0.01316725002618284,-0.47465853525810675,0.7762170261194999,-1.1320873697003093,False,False,True,False,True,False,True,False,False,True,False,False,True,False,False,True,False,False,False,False,2453,0
-1.0328656940137535,1.413463290542806,-1.82079422149946,-1.3831654613143123,0.08329612012900417,1.133104480223449,0.8087164829156605,0.5736323972828554,True,False,False,False,True,True,False,False,False,False,False,True,False,True,False,True,False,False,False,False,2454,1
-0.10141894951181146,0.11623192991247754,0.18600611312645635,-0.12276680995182908,0.9032347664480938,-0.977084477596093,-0.6212596161154061,0.1791121790690622,False,False,True,False,True,False,False,True,False,True,False,False,False,False,True,False,False,False,True,False,2455,0
2.0375654990319427,0.2891961113298547,0.7942448245864348,-0.2547786387728373,1.3011461683382401,-0.7761141006608985,-0.49126178893076367,1.0551791342202794,False,True,False,False,True,True,False,False,False,True,False,False,False,True,False,False,True,False,False,False,2456,0
-0.6265105239185375,-1.180999430717851,0.7012656585033807,1.1659200904437272,0.6660956481499257,-0.2736881583229123,-0.39376341854228186,-0.09937268084655654,True,False,False,False,True,False,True,False,True,False,False,False,False,False,True,True,False,False,False,False,2457,0
-0.06741192109249551,0.7216065648732976,-0.9374921437104465,-0.7231063172092712,0.6379604985213294,-0.17320296985531508,0.2237262605847696,-0.48228936323053234,False,False,True,False,True,False,False,True,False,False,True,False,False,False,True,True,False,False,False,False,2458,0
-0.7861706403956649,-1.6998919749699823,1.2940078422828503,1.7191125159793808,1.2046827981830532,0.9321341032882544,-0.5887601593192455,-0.7607742231461511,True,False,False,False,True,True,False,False,False,False,False,True,True,False,False,False,False,True,False,False,2459,0
2.1171073621144103,-0.4026606143396539,0.8213637480273256,0.38013539508058314,0.28024216752917763,2.5398971187698103,1.3612072484503908,0.48660587855922455,False,True,False,False,True,False,False,True,False,False,True,False,False,False,True,False,False,False,False,True,2460,0
-0.6639758942110041,1.413463290542806,-2.08810932398824,-1.4491713757248164,-2.0348787161953106,-0.2736881583229123,-0.7187579865038879,0.7824960422195695,True,False,False,False,True,False,False,True,True,False,False,False,False,False,True,True,False,False,False,False,2461,0
0.2836097790323081,-1.0945173400091623,0.3254748622510374,1.0841984821259603,0.14760503356579552,-0.47465853525810675,-0.26376559135763944,-1.1785015130195793,False,False,True,False,True,False,True,False,False,False,False,True,False,False,True,False,False,False,False,True,2462,1
0.23807494436915627,1.0675349277080517,0.01941844056098454,-1.0782809995134124,0.730404561586717,-0.977084477596093,-0.5237612457269243,-0.09937268084655654,False,False,True,False,True,False,False,True,True,False,False,False,False,False,True,False,False,True,False,False,2463,0
2.0375654990319427,-1.5269277935526053,0.6702726031423628,1.561955576906752,1.3533971605056332,-0.7761141006608985,-0.9137547272808515,-0.41846991616653634,False,True,False,False,True,False,True,False,False,False,False,True,False,True,False,True,False,False,False,False,2464,0
-1.0743657964915627,0.9810528369993632,1.2823854465224684,-0.9902731136327402,-1.4319826527253918,-0.07271778138771784,1.913698013985121,-0.3604522370174491,True,False,False,False,True,False,False,True,False,False,True,False,False,False,True,True,False,False,False,False,2465,1
2.1101906783681086,0.2027140206211661,0.13951653008492934,-0.15419819776635485,-0.2583449825039498,-0.7761141006608985,-0.6537590729115668,1.612148854051517,False,True,False,False,True,False,True,False,False,False,False,True,True,False,False,False,False,False,True,False,2466,0
-0.901448702834024,0.2027140206211661,-0.3524982237712316,-0.16048447532926,-1.0421098650148442,1.0326192917558517,1.3612072484503908,-0.6389370969330679,True,False,False,False,True,False,True,False,True,False,False,False,False,True,False,False,True,False,False,False,2467,1
-0.7706081019664864,1.3269811998341174,-1.0498419693941368,-1.2920144366521875,-2.0630138658239066,-0.6756289121933012,-0.7837569000962091,-1.2017085846792142,True,False,False,False,True,False,False,True,False,False,True,False,True,False,False,False,False,False,False,True,2468,1
-1.1089492152230704,0.029749839203788972,-0.18591055120575978,-0.00018439747517859785,-0.4271558802755271,0.73116372635306,1.6537023596158362,-0.9696378680828651,True,False,False,False,True,True,False,False,True,False,False,False,False,True,False,False,False,True,False,False,2469,0
-0.8178721075662135,1.240499109125429,-1.7433115830969148,-1.2637261876191144,0.07927681303920471,-0.7761141006608985,-0.881255270484691,0.3705705202610501,True,False,False,False,True,False,False,True,False,False,True,False,True,False,False,False,False,False,False,True,2470,1
-0.9792613949799164,1.413463290542806,-0.852261241467647,-1.3800223225328596,-1.616870778856167,-0.8765992891284957,0.191226803788609,-0.9058184210188691,True,False,False,False,True,True,False,False,False,False,False,True,True,False,False,False,False,False,False,True,2471,1
0.0063660388680544045,0.4621602927472318,-0.17816228736550527,-0.4559395207858022,0.40484068731296086,-0.2736881583229123,0.7437175693233393,-0.27342571829381823,False,False,True,False,True,False,True,False,False,False,True,False,False,False,True,False,False,True,False,False,2472,0
0.06861619258476825,0.9810528369993632,-2.119102379349258,-1.0028456687585505,-0.46332964408372224,-0.17320296985531508,-0.49126178893076367,-0.5461088102945283,False,False,True,False,True,True,False,False,True,False,False,False,False,True,False,False,False,False,True,False,2473,0
-0.7487052701031981,-1.5269277935526053,0.7012656585033807,1.524237911529321,1.2287986407218499,5.052026830459741,-0.19876667776531826,0.6548571480915776,True,False,False,False,True,False,True,False,True,False,False,False,True,False,False,True,False,False,False,False,2474,0
0.22654713812532018,-1.0945173400091623,0.5850417008995632,1.049623955529982,0.6459991127009284,0.4297081609502683,-0.49126178893076367,0.41118289566541116,False,False,True,False,True,True,False,False,True,False,False,False,False,False,True,True,False,False,False,False,2475,0
-0.7671497600933356,-1.0945173400091623,0.5927899647398177,1.087341620907413,1.1966441840034543,0.5301933494178656,0.41872300136173324,-0.5577123461243457,True,False,False,False,True,False,True,False,False,False,False,True,False,False,True,False,False,True,False,False,2476,1
-0.8455388425514198,0.6351244741646089,-1.8401648811000961,-0.6288121537656939,-1.0622064004638416,-0.8765992891284957,1.6212029028196757,1.7745983556689613,True,False,False,False,True,False,True,False,False,False,False,True,True,False,False,False,True,False,False,False,2477,0
-0.023606257365919155,-0.8350710678830967,0.13951653008492934,0.8013159917952284,1.2087021052728526,-0.07271778138771784,-0.7187579865038879,1.5251223353278862,False,False,True,False,True,False,False,True,False,False,True,False,False,False,True,False,False,False,True,False,2478,0
0.3112765140175143,0.8945707462906747,-1.9990042898253133,-0.8928358114077103,-1.4761950307131857,-0.575143723725704,-0.49126178893076367,0.14430157157960985,False,False,True,False,True,False,True,False,True,False,False,False,True,False,False,True,False,False,False,False,2479,0
-0.8876153353414209,-0.7485889771744081,0.12014587048429307,0.7290237998218192,-0.43117518736532656,-0.07271778138771784,-0.7187579865038879,-0.1863991995701874,True,False,False,False,True,False,False,True,False,False,False,True,True,False,False,False,True,False,False,False,2480,0
-0.8547610875464885,-0.48914270504834245,0.6973915265832535,0.5341491953717594,1.116258042207465,-0.07271778138771784,-0.9137547272808515,1.0087649909010097,True,False,False,False,True,True,False,False,False,True,False,False,False,True,False,False,False,True,False,False,2481,0
-0.4818365555583967,0.5486423834559204,-0.10067964896296025,-0.5439474066664743,-1.118476699721034,-0.8765992891284957,-0.29626504815380006,0.1036891961752488,True,False,False,False,True,True,False,False,False,True,False,False,True,False,False,False,False,False,False,True,2482,1
-0.43860728214401207,0.8080886555819861,-1.8324166172598415,-0.7733965377125124,0.686192183598923,-0.2736881583229123,0.45122245815789386,0.1559051074094273,True,False,False,False,True,False,True,False,True,False,False,False,False,False,True,False,False,False,True,False,2483,0
-0.8138373753808711,-0.0567322515048996,1.3133785018834865,0.06896465571677808,1.3453585463260342,-0.575143723725704,0.1262278901962878,1.0493773663053707,True,False,False,False,True,False,True,False,True,False,False,False,True,False,False,True,False,False,False,False,2484,1
-0.8755111387853931,1.4999453812514947,-0.46484804945492186,-1.534036122824036,-2.1996703068770884,-0.2736881583229123,1.6212029028196757,0.9043331684326527,True,False,False,False,True,False,False,True,False,False,True,False,False,True,False,False,False,True,False,False,2485,1
-0.10487729138496237,0.8080886555819861,0.23249569616798335,-0.8236867582157537,-1.8700871255135327,-0.17320296985531508,-0.4587623321346031,-0.952232564338139,False,False,True,False,True,True,False,False,False,False,True,False,True,False,False,True,False,False,False,False,2486,1
0.13144273661367398,-0.575624795757031,0.35646791761205543,0.603298248563716,0.7062887190479202,1.5350452340938379,-0.8162563568923697,-1.0218537793170437,False,False,True,False,True,True,False,False,True,False,False,False,True,False,False,False,False,False,False,True,2487,1
-0.1965233510234579,0.5486423834559204,-0.6430581177807755,-0.5659493781366424,0.9916595224236818,1.2335896686910461,-0.8487558136885304,-0.7723777589759685,False,False,True,False,True,False,True,False,True,False,False,False,True,False,False,False,False,False,True,False,2488,1
0.17236644877929153,-0.4026606143396539,0.9182170460305068,0.4147099216765615,-0.029244478385380676,-0.977084477596093,-0.7837569000962091,2.1749203417976632,False,False,True,False,True,False,False,True,False,False,False,True,False,False,True,True,False,False,False,False,2489,0
-1.202900836110333,1.6729095626688717,1.0809305866758514,-1.6660479516450442,0.8188293175623051,-0.977084477596093,-0.9462541840770121,-0.4010646124218102,True,False,False,False,True,True,False,False,False,True,False,False,False,True,False,False,True,False,False,False,2490,1
0.12798439474052328,0.8945707462906747,-1.204807246199227,-0.8614044235931846,-1.8419519758849365,-0.2736881583229123,-0.9787536408731727,0.1791121790690622,False,False,True,True,False,False,False,True,False,True,False,False,True,False,False,False,False,True,False,False,2491,1
0.25536665373490997,0.8080886555819861,-0.06193832976168774,-0.8488318684673742,-0.9858395657576519,-0.8765992891284957,-0.6862585297077273,-1.2423209600835752,False,False,True,False,True,False,True,False,False,True,False,False,True,False,False,True,False,False,False,False,2492,0
0.22308879625216949,0.11623192991247754,0.5308038540177817,-0.13848250385909197,1.361435774685232,0.12825259554747662,-0.5562607025230849,0.2487333940479669,False,False,True,False,True,False,False,True,True,False,False,False,True,False,False,False,False,False,False,True,2493,0
-0.895684799712106,1.1540170184167404,-0.6275615901002665,-1.1191418036722958,-0.3990207306469309,-0.07271778138771784,1.166210507673427,-0.4068663803367189,True,False,False,False,True,False,False,True,False,False,True,False,False,False,True,True,False,False,False,False,2494,0
2.177628344894549,-1.5269277935526053,1.2203993358004324,1.546239882999489,1.3493778534158336,-0.977084477596093,1.2312094212657483,-0.8768095814443255,False,True,False,False,True,True,False,False,True,False,False,False,False,False,True,False,False,False,False,True,2495,1
-1.0760949674281381,-1.180999430717851,0.8872239906694889,1.175349506788085,0.29631939588837547,-0.6756289121933012,0.41872300136173324,-0.551910578209437,True,False,False,False,True,False,False,True,False,True,False,False,True,False,False,False,True,False,False,False,2496,1
0.27438753403723937,0.8945707462906747,-0.027071142480542477,-0.9179809216593309,-0.8049707467166762,-0.6756289121933012,-0.49126178893076367,-0.08196737710183037,False,False,True,False,True,True,False,False,True,False,False,False,False,False,True,False,False,False,False,True,2497,0
0.22020684469121046,-0.7485889771744081,0.18600611312645635,0.722737522258914,1.3413392392362347,0.3292229724826711,-0.13376776417299704,-0.02394969795274313,False,False,True,False,True,False,True,False,False,True,False,False,False,True,False,False,True,False,False,False,2498,1
-0.40402386341250424,-1.5269277935526053,1.197154544279669,1.5336673278736788,0.6058060418029338,0.73116372635306,0.32122463097325143,-0.9870431718275913,True,False,False,False,True,True,False,False,False,False,False,True,True,False,False,False,False,False,False,True,2499,1
-0.926809876570463,-0.6621068864657196,4.778096034828073e-05,0.6975924120072934,1.309184782517839,0.12825259554747662,-0.9787536408731727,-0.8768095814443255,True,False,False,False,True,True,False,False,True,False,False,False,False,True,False,False,False,True,False,False,2500,0
-0.8172957172540217,-0.14321434221358817,1.2513923911614504,0.106682321094209,-0.8451638176146707,-0.3741733467905095,2.0111963843736027,0.005059141621800489,True,False,False,False,True,False,True,False,False,True,False,False,False,True,False,False,False,False,False,True,2501,1
-0.8305526944344331,-1.353963612135228,0.8329861437877073,1.3702241112381448,0.7585397112153133,0.12825259554747662,-0.9137547272808515,1.1538091887737278,True,False,False,False,True,False,True,False,False,False,False,True,False,False,True,False,True,False,False,False,2502,0
-1.0645671611843022,1.5864274719601832,-1.1118280801161728,-1.5528949555127514,-1.9625311885789203,0.4297081609502683,0.6137197421386968,1.46130288826389,True,False,False,False,True,False,False,True,True,False,False,False,False,True,False,False,False,False,True,False,2503,0
0.18908176783285355,0.6351244741646089,0.22474743232772887,-0.6068101822955259,-0.5276385575205136,0.4297081609502683,0.2237262605847696,-0.07616560918692164,False,False,True,False,True,False,True,False,False,False,True,False,False,True,False,False,True,False,False,False,2504,0
-0.7446705379178555,-1.0945173400091623,0.7128880542637626,1.0810553433445078,1.0760649713094705,0.3292229724826711,-0.7837569000962091,-1.1494926734450355,True,False,False,False,True,False,True,False,True,False,False,False,False,True,False,False,False,False,False,True,2505,0
0.331450174944227,-0.3161785236309653,0.6392795477813448,0.3487040072660574,0.035064435051410665,-0.6756289121933012,0.4837219149540545,-0.6621441685927028,False,False,True,True,False,False,False,True,False,False,True,False,False,False,True,False,False,True,False,False,2506,1
2.235267376113728,-1.353963612135228,1.0499375313148334,1.3356495846421663,0.5173812858273457,-0.6756289121933012,-0.6212596161154061,-0.9638361001679564,False,True,False,False,True,False,True,False,True,False,False,False,False,True,False,False,True,False,False,False,2507,0
0.11126907568696104,-0.14321434221358817,-0.03481940632079698,0.15697254159745022,0.5736515850845382,0.3292229724826711,-0.29626504815380006,0.6200465406021253,False,False,True,False,True,False,False,True,False,False,False,True,False,True,False,False,False,False,False,True,2508,0
2.3395940226204432,-1.0945173400091623,1.1506649612381419,1.131345563847749,0.7143273332275192,-0.575143723725704,-0.06876885058067583,0.11529273200506625,False,True,False,False,True,False,True,False,True,False,False,False,False,False,True,False,False,True,False,False,2509,1
-0.37808629936387345,0.7216065648732976,-0.5307082920970851,-0.6853886518318403,-0.9536851090392562,1.3340748571586434,-0.4587623321346031,2.0994973589038497,True,False,False,False,True,True,False,False,False,False,True,False,True,False,False,False,False,False,True,False,2510,0
0.2605541665446363,0.029749839203788972,0.782622428826053,0.009245018869179132,0.2440684037209825,-0.47465853525810675,-0.7187579865038879,1.4729064240937075,False,False,True,False,True,False,False,True,False,True,False,False,False,False,True,True,False,False,False,False,2511,0
-0.6824203842011416,0.5486423834559204,-1.173814190838209,-0.5470905454479269,-1.2028821486068226,-0.47465853525810675,0.2562257173809302,-0.34304693327272295,True,False,False,False,True,True,False,False,True,False,False,False,False,True,False,True,False,False,False,False,2512,1
-0.4818365555583967,-1.180999430717851,0.4920625348165092,1.1596338128808221,0.1677015690147928,1.3340748571586434,-0.5887601593192455,-1.2713297996581188,True,False,False,False,True,False,False,True,False,False,True,False,True,False,False,False,False,False,True,False,2513,0
-0.8126845947564874,1.0675349277080517,-1.1157022120363,-1.1065692485464855,-0.049341013834377966,-0.2736881583229123,2.9211811746660996,1.821012498988231,True,False,False,False,True,True,False,False,False,True,False,False,False,True,False,False,True,False,False,False,2514,1
-0.6587883814012779,1.6729095626688717,-1.6154652297327154,-1.6786205067708544,-1.4038475030967956,2.6403823072374073,-0.3612639617461213,0.2951475373672367,True,False,False,True,False,False,False,True,False,False,False,True,False,True,False,False,False,False,True,False,2515,1
0.41906150239738016,0.029749839203788972,-0.5113376324964489,-0.047331479196967244,0.6138446559825327,4.449115699654158,-0.7512574433000485,-0.34304693327272295,False,False,True,True,False,False,False,True,True,False,False,False,False,True,False,False,False,False,False,True,2516,1
0.09628292756997447,1.413463290542806,-2.2740676561543482,-1.4365988205990061,-1.2551331407742157,0.4297081609502683,-0.7512574433000485,-1.1088802980406745,False,False,True,False,True,False,False,True,False,False,False,True,False,False,True,False,True,False,False,False,2517,1
-0.6743509198304565,1.5864274719601832,-2.119102379349258,-1.5591812330756565,-2.308191598301674,3.1428082495753937,1.166210507673427,-0.9928449397425,True,False,False,False,True,False,True,False,False,True,False,False,True,False,False,False,False,False,True,False,2518,1
-1.0317129133893699,-0.9215531585917853,0.5346779859379089,0.908182710364616,0.774616939574511,-0.2736881583229123,-0.6862585297077273,-0.0413550016974693,True,False,False,False,True,False,True,False,False,True,False,False,True,False,False,False,True,False,False,False,2519,1
2.3845524669714036,-1.6134098842612938,0.7090139223436353,1.5713849932511097,1.317223396697438,-0.8765992891284957,-0.23126613456147885,-0.10517444876146527,False,True,False,False,True,False,False,True,False,True,False,False,False,True,False,False,False,False,False,True,2520,0
0.12913717536490685,-0.6621068864657196,1.166161488918651,0.6944492732258408,-0.4432331086347249,-0.575143723725704,-0.26376559135763944,-0.15739035999564377,False,False,True,True,False,False,True,False,True,False,False,False,False,True,False,False,False,False,True,False,2521,1
-0.7648441988445683,-1.0945173400091623,1.2087769400400508,1.1124867311590334,0.37670553768436466,0.8316489148206573,-0.6862585297077273,2.6564670787350875,True,False,False,False,True,False,True,False,False,False,False,True,True,False,False,False,False,False,True,False,2522,1
-0.04147435704386475,0.2027140206211661,0.41457989641396414,-0.20763155705104863,-0.43117518736532656,-0.977084477596093,-0.881255270484691,0.16750864323924475,False,False,True,False,True,True,False,False,False,False,False,True,False,True,False,False,False,True,False,False,2523,1
0.21617211250586787,1.0675349277080517,-1.1970589823589723,-1.0971398322021277,-1.733430684460351,-0.977084477596093,1.003713223692624,-1.1494926734450355,False,False,True,False,True,False,True,False,False,False,True,False,False,True,False,False,True,False,False,False,2524,1
-0.986178078726218,0.6351244741646089,0.8136154841870711,-0.6225258762027888,1.0841035854890693,0.22873778401507386,2.7586838906852966,-0.7027565439970638,True,False,False,False,True,False,False,True,True,False,False,False,False,False,True,False,False,True,False,False,2525,1
0.24902636030080025,0.6351244741646089,1.3095043699633593,-0.6162395986398835,-0.7125266836512887,-0.977084477596093,-0.26376559135763944,0.35316521651632393,False,False,True,False,True,False,True,False,True,False,False,False,False,True,False,False,False,True,False,False,2526,1
-0.8501499650489541,1.240499109125429,0.7942448245864348,-1.2102928283344205,-1.9062608893217279,-0.6756289121933012,-0.6862585297077273,-0.5577123461243457,True,False,False,False,True,False,True,False,True,False,False,False,True,False,False,False,True,False,False,False,2527,1
-0.6755037004548401,-1.6998919749699823,0.9530842333116522,1.7285419323237385,0.9353892231664894,-0.3741733467905095,-0.7837569000962091,-0.012346162122925683,True,False,False,True,False,True,False,False,False,True,False,False,True,False,False,False,False,False,True,False,2528,0
-0.7072051676253888,0.11623192991247754,0.7167621861838898,-0.08504914457439816,0.13554711229639713,-0.47465853525810675,-0.7187579865038879,0.11529273200506625,True,False,False,False,True,True,False,False,True,False,False,False,True,False,False,False,True,False,False,False,2529,1
0.47670053361655973,-0.22969643292227673,-0.4880928409756854,0.20726276210069144,0.06319958468000687,-0.977084477596093,-0.29626504815380006,1.403285209114803,False,False,True,False,True,True,False,False,True,False,False,False,False,True,False,False,False,False,False,True,2530,0
-0.7193093641814166,-0.4026606143396539,-0.28276384920894104,0.3707059787362254,-0.724584604920687,-0.8765992891284957,-0.03626939378451522,-0.6969547760821551,True,False,False,False,True,False,False,True,False,False,False,True,True,False,False,True,False,False,False,False,2531,1
0.09455375663339902,1.3269811998341174,1.33662329340425,-1.3485909347183338,-0.35480835265913685,0.3292229724826711,-0.8487558136885304,0.4692005748144984,False,False,True,True,False,True,False,False,False,True,False,False,True,False,False,False,True,False,False,False,2532,1
0.12683161411613972,-0.7485889771744081,0.9647066290720339,0.7070218283516511,-0.33471181721013954,-0.8765992891284957,-0.6862585297077273,-1.224915656338849,False,False,True,False,True,True,False,False,False,False,True,False,False,True,False,False,True,False,False,False,2533,0
-0.8858861644048455,-0.22969643292227673,-0.15879162776486902,0.2261215947894069,-0.07345685637317471,-0.17320296985531508,-0.06876885058067583,-0.7027565439970638,True,False,False,False,True,False,False,True,True,False,False,False,False,False,True,False,True,False,False,False,2534,1
-0.6478369654696339,-0.8350710678830967,0.8407344076279618,0.8390336571726593,1.1725283414646575,1.8365007994966296,-0.8162563568923697,-0.42427168408144506,True,False,False,False,True,False,True,False,False,False,True,False,True,False,False,False,True,False,False,False,2535,0
0.24787357967641668,0.8080886555819861,-1.8052976938189509,-0.7828259540568702,0.5053233645579474,-0.7761141006608985,-0.49126178893076367,-0.48809113114544106,False,False,True,False,True,False,False,True,True,False,False,False,False,False,True,True,False,False,False,False,2536,0
-0.10141894951181146,-1.2674815214265396,0.41457989641396414,1.27907308657602,0.5575743567253403,-0.2736881583229123,1.3937067052465515,-0.23281334288945718,False,False,True,False,True,False,False,True,False,False,False,True,True,False,False,False,False,False,False,True,2537,0
2.0611975018318063,1.1540170184167404,0.02329257248111179,-1.1600026078311794,0.9032347664480938,0.22873778401507386,-0.7837569000962091,-0.8652060456145081,False,True,False,False,True,False,False,True,False,False,False,True,False,True,False,True,False,False,False,False,2538,0
0.29283202402737685,-0.8350710678830967,1.2707630507620866,0.8578924898613748,1.3574164675954326,-0.575143723725704,-0.4262628753384425,-0.2676239503789095,False,False,True,False,True,True,False,False,False,False,False,True,True,False,False,True,False,False,False,False,2539,0
-0.14522461323838803,-1.2674815214265396,0.30997833457052837,1.301075058046188,0.6701149552397251,2.2384415533670183,-0.5887601593192455,-1.1320873697003093,False,False,True,False,True,False,False,True,False,True,False,False,False,False,True,False,False,False,True,False,2540,1
-1.0974214089792347,0.6351244741646089,-0.081308989362324,-0.6288121537656939,-1.126515313900633,-0.2736881583229123,-0.03626939378451522,-0.8478007418697819,True,False,False,False,True,False,True,False,True,False,False,False,True,False,False,False,False,True,False,False,2541,0
-0.6743509198304565,0.8080886555819861,1.0189444759538153,-0.8205436194343011,-0.041302399654779054,-0.8765992891284957,-0.8487558136885304,-0.9986467076574087,True,False,False,False,True,False,False,True,True,False,False,False,False,False,True,False,True,False,False,False,2542,1
-0.7371774638593622,0.7216065648732976,-1.3675207868445713,-0.7293925947721763,-1.1305346209904323,-0.977084477596093,0.35372408776941205,0.2023192507286971,True,False,False,True,False,False,True,False,False,True,False,False,False,True,False,False,False,False,False,True,2543,0
-0.5463922705238778,1.6729095626688717,0.8407344076279618,-1.6629048128635915,-1.5646197866887739,-0.3741733467905095,1.6212029028196757,-0.34884870118763167,True,False,False,False,True,False,True,False,True,False,False,False,True,False,False,False,True,False,False,False,2544,1
-0.5867395923773034,-1.4404457028439166,1.1777838846790327,1.4676614134631747,1.0197946720522781,2.7408674957050048,0.6787186557310181,-0.7433689194014249,True,False,False,False,True,True,False,False,False,True,False,False,False,False,True,False,True,False,False,False,2545,1
2.107885117119342,-1.4404457028439166,0.5075590624970182,1.404798637834123,0.6017867347131344,3.4442638149781852,-0.16626722096915764,0.5272182539635857,False,True,False,False,True,True,False,False,True,False,False,False,False,True,False,False,False,True,False,False,2546,1
0.13490107848682467,1.0675349277080517,-2.1384730389498943,-1.0688515831690546,1.3212427037872374,-0.977084477596093,-0.8487558136885304,-1.0102502434872263,False,False,True,False,True,False,False,True,True,False,False,False,True,False,False,False,True,False,False,False,2547,0
0.28822090152984237,-0.14321434221358817,-0.4958411048159399,0.11296859865711416,-0.3507890455693374,-0.07271778138771784,-0.5237612457269243,-0.2676239503789095,False,False,True,False,True,True,False,False,False,False,True,False,False,True,False,False,False,False,False,True,2548,0
0.077838437579837,-1.5269277935526053,0.8136154841870711,1.546239882999489,0.6580570339703268,-0.6756289121933012,0.8087164829156605,-1.2365191921686665,False,False,True,False,True,True,False,False,True,False,False,False,False,False,True,True,False,False,False,False,2549,0
-0.47030874931456074,0.4621602927472318,-1.5534791190106796,-0.4433669656599919,-0.575870242598107,0.22873778401507386,-0.19876667776531826,0.3879758240057763,True,False,False,False,True,True,False,False,False,False,False,True,False,True,False,False,False,False,False,True,2550,1
-0.7417885863568966,-0.6621068864657196,0.5191814582573999,0.641015913941147,0.8951961522684948,1.0326192917558517,-0.881255270484691,-0.4996946669752585,True,False,False,False,True,True,False,False,True,False,False,False,False,False,True,True,False,False,False,False,2551,1
2.0635030630805735,1.5864274719601832,0.7632517692254168,-1.5874694821087296,-1.9544925743993213,0.02776740707987939,-0.3612639617461213,-1.0044484755723175,False,True,False,False,True,False,True,False,False,False,True,False,False,True,False,False,False,True,False,False,2552,0
-0.8236360106881316,0.5486423834559204,0.8174896161071983,-0.5722356556995475,0.6701149552397251,-0.7761141006608985,-0.9462541840770121,-1.0624661547214047,True,False,False,False,True,False,True,False,False,True,False,False,False,False,True,False,False,False,True,False,2553,0
-0.07375221452660524,-0.0567322515048996,1.2049028081199233,0.056392100590967775,0.018987206692212828,-0.8765992891284957,-0.8487558136885304,-1.1436909055301268,False,False,True,False,True,False,False,True,False,False,True,False,True,False,False,False,True,False,False,False,2554,1
0.06976897320915182,-0.14321434221358817,-0.5113376324964489,0.1349705701272822,0.13554711229639713,1.5350452340938379,-0.8487558136885304,2.221334485116933,False,False,True,False,True,False,False,True,True,False,False,False,False,False,True,True,False,False,False,False,2555,1
0.05190087353120622,-1.0945173400091623,0.9995738163531791,1.131345563847749,1.361435774685232,-0.6756289121933012,0.6787186557310181,-0.888413117274143,False,False,True,False,True,False,True,False,False,False,True,False,False,True,False,False,True,False,False,False,2556,0
0.21040820938395005,-1.4404457028439166,0.8019930884266893,1.4079417766155757,0.686192183598923,0.9321341032882544,-0.9137547272808515,-0.09937268084655654,False,False,True,False,True,False,True,False,False,True,False,False,False,True,False,False,False,False,False,True,2557,0
0.26170694716901993,-0.22969643292227673,-0.29826037688945006,0.23555101113376464,-0.5356771717001124,-0.977084477596093,-0.9462541840770121,-0.09937268084655654,False,False,True,True,False,True,False,False,True,False,False,False,False,False,True,False,False,False,False,True,2558,0
-0.7008648741912791,-0.8350710678830967,0.6160347562605812,0.826461102046849,0.8509837742807008,0.12825259554747662,-0.881255270484691,-0.551910578209437,True,False,False,False,True,True,False,False,True,False,False,False,True,False,False,False,False,False,False,True,2559,1
-1.1083728249108789,0.11623192991247754,0.2131250365673471,-0.07876286701149302,0.06319958468000687,1.133104480223449,-0.9137547272808515,2.621656471245635,True,False,False,False,True,False,True,False,False,False,False,True,False,True,False,False,False,False,False,True,2560,0
-0.7636914182201848,0.8945707462906747,0.7864965607461804,-0.8676907011560897,-1.8298940546155382,0.4297081609502683,2.2711920387428877,-1.0508626188915873,True,False,False,False,True,False,False,True,False,True,False,False,True,False,False,False,False,False,False,True,2561,0
-0.6495661364062092,0.2891961113298547,-1.5263601955697887,-0.24849236120993215,0.7344238686765164,-0.3741733467905095,-0.9462541840770121,0.4169846635803199,True,False,False,False,True,True,False,False,False,True,False,False,True,False,False,False,True,False,False,False,2562,0
-1.126817314901016,0.7216065648732976,-0.6043167985795029,-0.7199631784278187,1.1926248769136547,-0.7761141006608985,-0.4262628753384425,-1.2945368713177536,True,False,False,True,False,False,False,True,False,False,False,True,False,True,False,True,False,False,False,False,2563,1
-0.7971220563273089,0.6351244741646089,-1.3520242591640623,-0.6508141252358619,1.0157753649624786,0.3292229724826711,-0.49126178893076367,0.48080411064431583,True,False,False,False,True,False,False,True,False,False,True,False,False,True,False,True,False,False,False,False,2564,0
0.008095209804629654,1.5864274719601832,-1.4178845018062256,-1.5968988984530874,-0.9536851090392562,-0.47465853525810675,0.2237262605847696,0.057275052855979,False,False,True,False,True,False,True,False,False,False,True,False,False,True,False,False,False,False,False,True,2565,0
-0.15098851636030586,0.5486423834559204,0.43007642409447316,-0.5659493781366424,-0.6924301482022913,2.338926741834616,0.9387143101003029,0.5388217897934031,False,False,True,False,True,False,True,False,False,False,False,True,False,False,True,False,True,False,False,False,2566,0
-0.3377389775104478,1.240499109125429,-0.5152117644165761,-1.2448673549303988,0.2601456320801803,-0.7761141006608985,-0.16626722096915764,-0.31983986161308803,True,False,False,False,True,False,True,False,False,True,False,False,False,True,False,False,False,False,True,False,2567,1
0.4438462858216274,1.5864274719601832,0.8058672203468166,-1.5528949555127514,-0.9778009515780529,-0.7761141006608985,0.0937284334001272,-0.43587521991126255,False,False,True,False,True,False,False,True,False,False,True,False,False,False,True,False,False,False,True,False,2568,1
-0.15098851636030586,-1.2674815214265396,0.29060767496989215,1.301075058046188,0.5575743567253403,-0.8765992891284957,2.9211811746660996,2.331568075500199,False,False,True,True,False,True,False,False,False,True,False,False,False,False,True,False,False,False,True,False,2569,0
0.47670053361655973,1.4999453812514947,0.9414618375512703,-1.4774596247578895,-2.328288133750671,-0.575143723725704,-0.5237612457269243,0.6432536122617601,False,False,True,False,True,False,True,False,False,False,True,False,False,False,True,False,False,False,True,False,2570,1
0.1700608875305244,-1.0080352493004738,1.2397699954010688,1.0150494289340035,0.3043580100679744,0.02776740707987939,-0.6862585297077273,-0.5054964348901673,False,False,True,False,True,False,True,False,False,False,False,True,False,False,True,True,False,False,False,False,2571,0
-1.0778241383647136,1.3269811998341174,-0.6585546454612844,-1.3171595469038082,-0.15786230525896336,-0.977084477596093,-0.4262628753384425,1.23503393958245,True,False,False,False,True,False,False,True,False,False,False,True,False,False,True,False,False,False,True,False,2572,1
-1.0720602352427955,-0.3161785236309653,0.5734193051391815,0.3487040072660574,1.3292813179668364,0.5301933494178656,0.41872300136173324,-1.1726997451046706,True,False,False,False,True,False,False,True,False,False,False,True,False,True,False,True,False,False,False,False,2573,1
0.19254010970600424,1.1540170184167404,-2.041619740946713,-1.1222849424537484,-1.5244267157907794,-0.2736881583229123,-0.49126178893076367,-1.0218537793170437,False,False,True,False,True,False,False,True,False,False,False,True,False,True,False,False,False,True,False,False,2574,0
-0.7031704354400463,0.029749839203788972,-1.189310718518718,-0.01590009138244148,0.27622286043937816,0.8316489148206573,0.6137197421386968,-0.9290254926785041,True,False,False,False,True,True,False,False,False,True,False,False,True,False,False,False,False,True,False,False,2575,0
-1.1660118561300583,1.4999453812514947,-2.2934383157549845,-1.5057478737909626,-2.054975251644308,-0.7761141006608985,0.0937284334001272,0.03406798119634411,True,False,False,False,True,False,False,True,False,False,True,False,True,False,False,False,False,False,True,False,2576,0
-0.731989951049636,0.2027140206211661,-1.4876188763685163,-0.20134527948814349,-1.1425925422598306,0.5301933494178656,1.7187012732081575,0.3705705202610501,True,False,False,False,True,False,True,False,False,True,False,False,False,False,True,False,False,True,False,False,2577,1
0.16314420378422279,1.6729095626688717,0.1898802450465836,-1.6629048128635915,-2.2639792203138795,-0.977084477596093,-0.5887601593192455,-0.8826113493592342,False,False,True,False,True,False,False,True,False,True,False,False,False,True,False,False,False,False,True,False,2578,0
-0.029946550800028875,0.029749839203788972,0.7748741649857985,0.012388157650631709,0.4450337582109554,-0.575143723725704,0.2887251741770908,-0.8652060456145081,False,False,True,False,True,False,False,True,False,False,False,True,True,False,False,False,False,True,False,False,2579,0
0.24210967655449886,-0.0567322515048996,0.1588871896855656,0.04381954546515747,0.27622286043937816,0.12825259554747662,-0.5562607025230849,-0.7955848306356034,False,False,True,False,True,True,False,False,False,False,True,False,False,False,True,True,False,False,False,False,2580,0
2.056586379334272,-0.575624795757031,-0.2169036065667778,0.5750099995306429,0.5214005929171451,1.2335896686910461,-0.19876667776531826,-0.6679459365076115,False,True,False,False,True,False,True,False,False,False,False,True,False,True,False,True,False,False,False,False,2581,0
-0.9302682184436137,0.2027140206211661,0.9918255525129246,-0.20763155705104863,-1.0300519437454458,0.02776740707987939,0.3862235445655726,-1.2829333354879362,True,False,False,False,True,False,False,True,False,False,True,False,False,False,True,True,False,False,False,False,2582,0
-0.9100945575169009,0.029749839203788972,-1.1389470035570637,-0.05676089554132498,-0.22217121869575468,0.6306785378854628,-0.8162563568923697,0.7128748272406648,True,False,False,True,False,False,False,True,False,False,True,False,False,False,True,False,True,False,False,False,2583,1
-0.44552396589031357,1.413463290542806,-0.6469322497009027,-1.4460282369433637,-0.3950014235571314,-0.07271778138771784,0.028729519807805987,-0.72016184774179,False,False,True,False,True,True,False,False,False,False,False,True,False,True,False,True,False,False,False,False,2584,0
-0.5677187120749743,1.6729095626688717,-2.301186579595239,-1.6440459801748761,0.7143273332275192,-0.7761141006608985,-0.881255270484691,1.588941782391882,True,False,False,False,True,False,False,True,True,False,False,False,False,True,False,False,False,False,False,True,2585,0
-1.019608716833342,-0.4026606143396539,-0.10067964896296025,0.3989942277692986,-0.09757269891197147,-0.8765992891284957,-0.7837569000962091,0.2545351619628756,True,False,False,False,True,False,True,False,False,False,False,True,True,False,False,False,True,False,False,False,2586,0
-0.3971071796662026,-0.22969643292227673,0.5230555901775272,0.21983531722650176,-0.9737816444882534,-0.977084477596093,-0.6862585297077273,-0.5461088102945283,True,False,False,False,True,True,False,False,False,False,True,False,False,True,False,True,False,False,False,False,2587,0
-0.6772328713914154,0.8080886555819861,-0.8251423180267562,-0.7953985091826804,-0.338731124299939,-0.6756289121933012,-0.7187579865038879,-0.6911530081672463,True,False,False,False,True,False,False,True,False,False,False,True,False,True,False,True,False,False,False,False,2588,1
-0.7608094666592259,0.5486423834559204,-0.8096457903462473,-0.5408042678850218,-1.275229676223213,-0.47465853525810675,3.148677372239224,-0.12257975250619144,True,False,False,False,True,False,False,True,False,False,False,True,True,False,False,False,False,True,False,False,2589,1
-0.16828022572605977,0.11623192991247754,-0.2324001342472868,-0.1479119202034497,-0.7888935183574783,-0.17320296985531508,-0.6862585297077273,-0.29663278995345316,False,False,True,True,False,False,True,False,False,True,False,False,False,True,False,False,False,False,False,True,2590,1
-1.0092336912138897,1.3269811998341174,-0.18203641928563252,-1.2888712978707348,-1.3515965109294026,0.02776740707987939,1.4587056188388725,0.8985314005177439,True,False,False,True,False,False,False,True,False,False,True,False,True,False,False,False,False,False,True,False,2591,1
-0.4818365555583967,0.7216065648732976,-0.9529886713909556,-0.7356788723350814,-1.3877702747375977,0.02776740707987939,-0.9787536408731727,2.4359998979685558,True,False,False,True,False,False,True,False,False,False,False,True,False,False,True,False,False,False,True,False,2592,1
-0.6466841848452503,-0.7485889771744081,0.7787482969059258,0.7070218283516511,0.9394085302562889,0.02776740707987939,-0.5237612457269243,1.1944215641780889,True,False,False,False,True,False,True,False,False,False,True,False,True,False,False,False,False,False,False,True,2593,1
-0.4899060199290818,0.8080886555819861,0.06590802360251155,-0.8299730357786588,-1.9826277240279175,-0.47465853525810675,-0.5237612457269243,-0.9986467076574087,True,False,False,False,True,False,False,True,False,False,True,False,True,False,False,False,False,False,True,False,2594,0
-0.14522461323838803,-1.0945173400091623,1.3288750295639955,1.1124867311590334,0.9152926877174921,-0.977084477596093,-0.3287645049499607,0.12109449991997497,False,False,True,False,True,True,False,False,False,False,False,True,True,False,False,True,False,False,False,False,2595,0
2.1136490202412594,-1.6998919749699823,0.9414618375512703,1.6845379893834025,1.248895176170847,-0.3741733467905095,0.06122897660396659,0.707073059325756,False,True,False,True,False,True,False,False,False,False,False,True,False,False,True,False,False,False,True,False,2596,1
-0.7625386375958012,1.0675349277080517,1.2978819742029775,-1.1065692485464855,0.19181741155358956,-0.2736881583229123,-0.13376776417299704,-0.5983247215287067,True,False,False,False,True,True,False,False,False,False,False,True,True,False,False,False,False,False,True,False,2597,1
-0.09104392389235914,-1.180999430717851,0.5695451732190542,1.1847789231324428,0.6620763410601262,0.6306785378854628,2.2061931251505666,-0.11677798459128272,False,False,True,False,True,False,True,False,False,False,True,False,True,False,False,False,False,True,False,False,2598,1
-0.1780788610333204,0.11623192991247754,0.01941844056098454,-0.07561972823004043,-0.30657666758154334,0.8316489148206573,0.2237262605847696,0.7766942743046608,False,False,True,False,True,False,False,True,True,False,False,False,False,False,True,False,True,False,False,False,2599,1
-0.5982673986211394,1.6729095626688717,-1.0498419693941368,-1.6503322577377812,0.879118923909297,-0.2736881583229123,-0.39376341854228186,0.393777591920685,True,False,False,True,False,False,True,False,False,True,False,False,False,False,True,False,False,True,False,False,2600,1
0.03287999322887685,0.11623192991247754,0.32934899417116464,-0.07876286701149302,-0.7647776758186816,-0.3741733467905095,-0.7187579865038879,1.002963222986101,False,False,True,False,True,False,True,False,False,True,False,False,False,True,False,False,True,False,False,False,2601,0
-0.737753854171554,-0.8350710678830967,0.6392795477813448,0.7981728530137758,0.5656129709049392,-0.977084477596093,-0.9787536408731727,-0.3256416295279968,True,False,False,False,True,False,True,False,True,False,False,False,False,True,False,False,False,True,False,False,2602,1
0.002331306682711818,-1.6998919749699823,0.9840772886726701,1.7191125159793808,1.2850689399790423,-0.3741733467905095,-0.6862585297077273,-0.16319212791055251,False,False,True,False,True,False,True,False,True,False,False,False,False,False,True,False,False,False,True,False,2603,0
2.4727401847367485,0.8945707462906747,-0.49196697289581265,-0.8708338399375423,0.8750996168194975,2.1379563648994213,0.4837219149540545,-0.4010646124218102,False,True,False,False,True,False,False,True,False,False,True,False,False,True,False,True,False,False,False,False,2604,1
-0.712392680435115,0.029749839203788972,1.0886788505161058,-0.012756952600988903,1.264972404530045,-0.575143723725704,-0.03626939378451522,-0.29083102203854444,True,False,False,False,True,False,True,False,False,True,False,False,False,True,False,False,False,False,False,True,2605,0
2.192614493011536,-1.4404457028439166,1.3250008976438683,1.442516303211554,0.730404561586717,0.4297081609502683,-0.5562607025230849,-0.08776914501673909,False,True,False,False,True,False,True,False,False,False,False,True,True,False,False,False,False,False,False,True,2606,0
0.18562342595970285,-1.6134098842612938,1.2513923911614504,1.612245797409993,0.8710803097296981,0.02776740707987939,1.0687121372849453,-0.8419989739548732,False,False,True,False,True,False,False,True,False,False,True,False,False,True,False,False,False,False,False,True,2607,0
1.9251693881545424,-0.3161785236309653,-0.6546805135411572,0.33298831335879453,-0.6562563843940962,-0.7761141006608985,-0.03626939378451522,-0.6505406327628853,False,True,False,False,True,False,True,False,False,False,False,True,False,False,True,True,False,False,False,False,2608,1
-0.6426494526599077,0.029749839203788972,-1.162191795077827,-0.03790206285260952,-0.9134920381412616,1.5350452340938379,0.7762170261194999,0.16750864323924475,True,False,False,False,True,False,False,True,False,False,True,False,False,False,True,False,False,False,False,True,2609,0
-0.7221913157423756,-1.6134098842612938,1.2475182592413232,1.6311046300987087,1.168509034374858,0.22873778401507386,3.5386708537931515,-1.3351492467221147,True,False,False,False,True,True,False,False,False,True,False,False,True,False,False,False,False,False,True,False,2610,1
0.5274228810894375,1.3269811998341174,0.7245104500241443,-1.3737360449699545,0.21995256118218576,1.0326192917558517,-0.5562607025230849,0.9681526154966487,False,False,True,False,True,False,False,True,False,True,False,False,False,True,False,False,False,True,False,False,2611,0
-1.1152895086571801,1.413463290542806,-1.6697030766144971,-1.4114537103473854,-1.407866810186595,-0.977084477596093,-0.39376341854228186,0.6722624518363037,True,False,False,False,True,False,True,False,False,False,False,True,True,False,False,False,False,False,True,False,2612,0
0.05190087353120622,0.8945707462906747,-0.6159391943398846,-0.8802632562819,-1.9786084169381182,-0.6756289121933012,1.751200730004318,0.21972455447342326,False,False,True,False,True,False,True,False,False,False,True,False,False,False,True,False,False,False,True,False,2613,0
2.3586149029227728,-1.353963612135228,0.860105067228598,1.3325064458607139,0.3927827660435625,0.22873778401507386,-0.7512574433000485,-0.23861511080436593,False,True,False,False,True,False,True,False,False,True,False,False,True,False,False,False,False,True,False,False,2614,1
0.24268606686669053,-0.8350710678830967,1.1041753781966148,0.804459130576681,0.78265555375411,-0.977084477596093,0.3862235445655726,1.2060251000079063,False,False,True,False,True,False,False,True,False,True,False,False,False,False,True,False,True,False,False,False,2615,0
-0.5556145155189466,-1.6134098842612938,0.7787482969059258,1.6311046300987087,0.9152926877174921,-0.977084477596093,-0.19876667776531826,2.2967574680107465,True,False,False,False,True,False,True,False,False,True,False,False,False,True,False,True,False,False,False,False,2616,1
0.3429779811880631,1.4999453812514947,-0.9181214841098103,-1.5026047350095102,-2.2157475352362863,-0.6756289121933012,-0.9462541840770121,-1.3119421750624798,False,False,True,False,True,False,True,False,False,False,True,False,True,False,False,True,False,False,False,False,2617,0
2.234114595489345,0.2891961113298547,-0.09680551704283301,-0.2547786387728373,0.2561263249903809,0.6306785378854628,-0.49126178893076367,-0.11097621667637399,False,True,False,False,True,False,False,True,False,True,False,False,False,False,True,False,False,True,False,False,2618,0
0.07438009570668629,0.029749839203788972,-0.6159391943398846,-0.05676089554132498,-1.214940069876221,0.02776740707987939,-0.23126613456147885,0.05147328494107028,False,False,True,False,True,True,False,False,False,True,False,False,False,True,False,False,False,False,True,False,2619,0
1.9620583681348174,0.029749839203788972,-1.1544435312375727,-0.009613813819536327,-0.917511345231061,1.0326192917558517,0.6787186557310181,-0.0007426262931082349,False,True,False,False,True,False,True,False,True,False,False,False,True,False,False,True,False,False,False,False,2620,1
-0.9521710503069021,-0.575624795757031,-0.6740511731417934,0.5404354729346645,0.46111098657015326,-0.07271778138771784,-0.6537590729115668,0.7592889705599346,True,False,False,False,True,True,False,False,False,True,False,False,False,False,True,False,False,False,True,False,2621,0
-0.6069132533040164,-1.353963612135228,0.689643262742999,1.338792723423619,0.46513029365995273,-0.17320296985531508,-0.39376341854228186,-0.9000166531039604,True,False,False,False,True,False,True,False,False,False,True,False,False,True,False,False,False,False,False,True,2622,0
1.9441902684568715,1.4999453812514947,-1.8014235618988237,-1.4680302084135317,-0.2985380534019444,-0.575143723725704,-0.6862585297077273,0.010860909536709214,False,True,False,False,True,False,True,False,False,False,True,False,False,False,True,False,False,True,False,False,2623,1
-0.8812750419073112,-0.14321434221358817,-0.6856735689021752,0.1192548762200193,-1.1586697706190285,0.5301933494178656,-0.9137547272808515,1.2234304037526325,True,False,False,False,True,False,True,False,False,False,True,False,False,True,False,False,True,False,False,False,2624,0
-0.26914853035962405,0.2891961113298547,-1.1854365865985905,-0.2956394429317208,-0.7487004474594837,0.02776740707987939,-0.5562607025230849,-0.3546504691025404,False,False,True,False,True,True,False,False,False,True,False,False,True,False,False,True,False,False,False,False,2625,0
-0.763115027907993,-1.0080352493004738,0.4843142709762547,1.011906290152551,0.06319958468000687,-0.575143723725704,0.5162213717502151,-1.2771315675730275,True,False,False,False,True,True,False,False,True,False,False,False,False,False,True,False,False,True,False,False,2626,0
0.1129982466235365,-0.48914270504834245,0.6818949989027445,0.5121472239015914,-0.31461528176114223,0.22873778401507386,2.466188779519851,0.14430157157960985,False,False,True,False,True,True,False,False,True,False,False,False,False,True,False,False,True,False,False,False,2627,1
2.0623502824561895,-0.575624795757031,1.0228186078739425,0.5718668607491904,-0.4231365731857276,-0.977084477596093,0.9062148533041423,1.7513912840093264,False,True,False,False,True,False,False,True,False,False,False,True,False,True,False,False,False,False,False,True,2628,1
-0.8553374778586803,-1.6998919749699823,1.042189267474579,1.6971105445092127,1.3654550817750315,-0.977084477596093,-0.881255270484691,-0.5345052744647109,True,False,False,False,True,True,False,False,False,False,True,False,False,False,True,False,False,True,False,False,2629,0
0.10377600162846776,0.4621602927472318,1.2668889188419594,-0.46222579834870736,1.1122387351176657,-0.2736881583229123,0.9062148533041423,-0.012346162122925683,False,False,True,False,True,False,True,False,False,False,True,False,False,True,False,False,False,False,False,True,2630,0
2.1511143905337264,-0.6621068864657196,0.565671041298927,0.663017885411315,0.344551080965969,0.8316489148206573,0.9387143101003029,-0.02394969795274313,False,True,False,False,True,True,False,False,False,True,False,False,True,False,False,True,False,False,False,False,2631,0
0.29859592714929467,0.8080886555819861,-1.0963315524356638,-0.8111142030899433,-1.8178361333461397,0.12825259554747662,-0.6537590729115668,-0.8652060456145081,False,False,True,True,False,True,False,False,False,False,False,True,False,True,False,True,False,False,False,False,2632,1
-0.7181565835570329,-0.0567322515048996,-1.0227230459532461,0.06896465571677808,-1.066225707553641,1.0326192917558517,-0.9787536408731727,0.045671517026161554,True,False,False,True,False,False,False,True,False,False,True,False,True,False,False,False,False,False,False,True,2633,1
-0.7383302444837458,-1.0945173400091623,0.7400069777046533,1.0747690657816025,0.5013040574681479,-0.07271778138771784,0.3862235445655726,-0.5809194177839806,True,False,False,False,True,False,False,True,True,False,False,False,True,False,False,False,True,False,False,False,2634,0
-0.08355084983386586,-1.0080352493004738,1.166161488918651,0.9741886247751201,0.11143126975760038,-0.47465853525810675,1.6862018164119967,-0.8768095814443255,False,False,True,False,True,False,True,False,False,False,True,False,True,False,False,False,False,False,False,True,2635,1
0.1337482978624411,-1.4404457028439166,0.6702726031423628,1.4330868868671962,0.7103080261377197,-0.2736881583229123,-0.7837569000962091,-0.6273335611032504,False,False,True,False,True,True,False,False,False,True,False,False,False,True,False,False,False,True,False,False,2636,1
0.19657484189134683,0.4621602927472318,0.5850417008995632,-0.45908265956725475,0.6419798056111289,0.4297081609502683,-0.10126830737683644,-0.3546504691025404,False,False,True,False,True,True,False,False,False,True,False,False,False,True,False,True,False,False,False,False,2637,0
0.003484087307095385,0.5486423834559204,1.2785113146023412,-0.5502336842293795,0.9112733806276927,2.439411930302213,-0.5887601593192455,0.21392278655851454,False,False,True,False,True,False,False,True,False,False,False,True,True,False,False,False,False,True,False,False,2638,0
-0.810955423819912,-0.3161785236309653,-0.7515338115443385,0.3361314521402471,-0.3226538959407412,-0.17320296985531508,-0.06876885058067583,-0.34884870118763167,True,False,False,False,True,False,False,True,False,False,False,True,False,False,True,False,True,False,False,False,2639,1
-1.0899283349207414,0.4621602927472318,-1.7239409234962786,-0.45908265956725475,-1.6450059284847631,-0.977084477596093,-0.19876667776531826,-1.1436909055301268,True,False,False,True,False,True,False,False,False,False,True,False,True,False,False,False,False,True,False,False,2640,1
2.3540037804252383,-0.8350710678830967,1.1196719058771238,0.8767513225500903,0.2641649391699798,-0.7761141006608985,-0.7187579865038879,0.4285881994101373,False,True,False,True,False,False,False,True,False,True,False,False,True,False,False,True,False,False,False,False,2641,1
-0.7054759966888134,-1.2674815214265396,1.1274201697173785,1.2382122824171364,1.248895176170847,1.8365007994966296,0.8087164829156605,1.7745983556689613,True,False,False,False,True,False,True,False,True,False,False,False,False,False,True,True,False,False,False,False,2642,0
-0.8835806031560783,1.0675349277080517,1.212651071960178,-1.0594221668246968,0.031045127961611206,1.9369859879642268,-0.9462541840770121,-0.511298202805076,True,False,False,False,True,False,False,True,False,False,True,False,True,False,False,False,False,False,True,False,2643,0
-0.9417960246874497,-0.6621068864657196,0.7593776373052895,0.6441590527225995,1.108219428027866,-0.575143723725704,-0.6862585297077273,0.6780642197512124,True,False,False,False,True,True,False,False,False,False,True,False,False,True,False,False,False,False,False,True,2644,1
-0.7446705379178555,0.2891961113298547,-0.07356072552206949,-0.25163549999138474,-0.9054534239616626,0.02776740707987939,1.1987099644695878,-0.20380450331491357,True,False,False,False,True,False,False,True,False,False,False,True,False,True,False,False,False,False,True,False,2645,0
0.08475512132613859,-0.7485889771744081,-0.3486240918511043,0.7510257712919872,0.35660900223536734,-0.7761141006608985,-0.29626504815380006,0.4750023427294071,False,False,True,False,True,False,False,True,False,False,True,False,True,False,False,False,False,False,True,False,2646,0
-0.7492816604153899,-0.14321434221358817,1.02669273979407,0.106682321094209,-0.9617237232188551,-0.6756289121933012,1.166210507673427,0.07468035660070517,True,False,False,False,True,False,True,False,True,False,False,False,False,True,False,False,False,True,False,False,2647,0
0.4213670636461473,0.5486423834559204,-1.1931848504388451,-0.575378794481,-0.3708855810183347,-0.575143723725704,0.191226803788609,-0.9928449397425,False,False,True,False,True,False,False,True,False,True,False,False,False,True,False,False,False,False,False,True,2648,1
1.960329197198242,-1.2674815214265396,1.02669273979407,1.2916456417018303,1.2287986407218499,-0.6756289121933012,-0.5562607025230849,0.2023192507286971,False,True,False,False,True,False,True,False,False,True,False,False,True,False,False,False,False,True,False,False,2649,0
-0.763115027907993,0.9810528369993632,-2.0067525536655677,-0.9777005585069298,0.7947134750235083,-0.07271778138771784,1.166210507673427,-0.7491706873163336,True,False,False,False,True,True,False,False,False,False,True,False,True,False,False,False,False,False,True,False,2650,0
0.354505787431899,-0.0567322515048996,0.565671041298927,0.03753326790225232,-1.2712103691334133,2.6403823072374073,0.8412159397118211,-0.6911530081672463,False,False,True,False,True,False,True,False,False,True,False,False,True,False,False,False,False,True,False,False,2651,1
0.2663180696665542,0.8080886555819861,-0.7631562073047202,-0.8236867582157537,-0.3950014235571314,-0.47465853525810675,0.0937284334001272,0.329958144856689,False,False,True,False,True,True,False,False,False,False,True,False,False,False,True,False,False,True,False,False,2652,0
0.1129982466235365,-0.22969643292227673,0.2286215642478561,0.2512667050410275,1.1363545776564623,0.5301933494178656,-0.3287645049499607,0.13849980366470113,False,False,True,False,True,False,False,True,False,False,False,True,False,False,True,False,False,True,False,False,2653,0
-1.2622690382660882,-0.7485889771744081,0.050411495922002544,0.7101649671331037,0.06319958468000687,0.12825259554747662,-0.7837569000962091,0.39957935983559373,True,False,False,False,True,False,False,True,False,False,False,True,True,False,False,False,False,False,False,True,2654,0
-0.014384012370850414,0.9810528369993632,0.0620338916823843,-0.9494123094738567,0.25210701790058143,-0.7761141006608985,-0.7837569000962091,-1.2597262638283013,False,False,True,True,False,True,False,False,True,False,False,False,False,True,False,True,False,False,False,False,2655,1
-0.5636839798896317,-0.48914270504834245,-0.43772912601403113,0.5215766402459491,1.212721412362652,-0.7761141006608985,-0.39376341854228186,0.36476875234614137,True,False,False,False,True,False,True,False,False,True,False,False,False,False,True,False,False,True,False,False,2656,0
-0.7296843898008688,-1.5269277935526053,1.3095043699633593,1.5273810503107736,0.8831382309990964,-0.2736881583229123,-0.9787536408731727,-0.8303954381250558,True,False,False,False,True,True,False,False,False,True,False,False,False,False,True,False,True,False,False,False,2657,1
0.20349152563764844,0.2891961113298547,-0.18978468312588703,-0.2767806102430053,0.9353892231664894,0.3292229724826711,-0.3612639617461213,-0.6621441685927028,False,False,True,True,False,False,False,True,False,False,True,False,False,True,False,False,False,True,False,False,2658,1
-0.7723372729030618,0.4621602927472318,-0.5190858963367034,-0.42136499418982387,0.4450337582109554,0.5301933494178656,0.9062148533041423,-0.8361972060399645,True,False,False,False,True,False,False,True,False,True,False,False,False,True,False,True,False,False,False,False,2659,1
0.17467201002805866,-0.3161785236309653,0.5385521178580363,0.30470006432572133,-0.3749048881081341,-0.977084477596093,0.028729519807805987,-0.27342571829381823,False,False,True,False,True,False,True,False,False,False,True,False,False,True,False,False,False,True,False,False,2660,1
-0.7037468257522381,0.029749839203788972,0.7632517692254168,-0.02532950772679921,0.006929285422814453,-0.977084477596093,0.7437175693233393,-0.5751176498690719,True,False,False,False,True,False,True,False,False,False,True,False,True,False,False,False,False,False,True,False,2661,1
-0.9913655915359442,-1.353963612135228,0.3990833687334552,1.3262201682978088,0.589728813443736,-0.575143723725704,-0.23126613456147885,-0.25021864663418336,True,False,False,False,True,False,False,True,False,False,True,False,False,False,True,True,False,False,False,False,2662,1
-0.7025940451278544,-0.14321434221358817,0.4610694794554912,0.1192548762200193,-0.46332964408372224,-0.575143723725704,-0.6212596161154061,0.3705705202610501,True,False,False,False,True,False,True,False,False,False,False,True,False,False,True,True,False,False,False,False,2663,1
0.14239415254531818,-0.7485889771744081,1.1467908293180147,0.7856002978879655,0.21191394700258684,-0.07271778138771784,-0.8487558136885304,3.787811822142289,False,False,True,False,True,False,False,True,False,True,False,False,False,False,True,False,False,False,True,False,2664,0
0.048442531658055316,-0.48914270504834245,-0.42610673025364937,0.4838589748685182,0.9675436798848851,-0.17320296985531508,1.426206162042712,-0.5693158819541632,False,False,True,False,True,False,False,True,False,False,True,False,True,False,False,False,True,False,False,False,2665,0
2.2364201567381126,-1.5269277935526053,1.1739097527589055,1.4959496624962478,1.2368372549014488,1.133104480223449,-0.23126613456147885,-0.08196737710183037,False,True,False,False,True,True,False,False,True,False,False,False,False,True,False,False,False,False,False,True,2666,0
0.16199142315983922,-1.5269277935526053,0.7090139223436353,1.5399536054365839,0.9755822940644839,-0.07271778138771784,-0.8162563568923697,1.4148887449446204,False,False,True,False,True,False,True,False,False,False,False,True,False,True,False,False,False,False,False,True,2667,0
-0.7077815579375807,-0.9215531585917853,0.41457989641396414,0.8987532940202583,0.2561263249903809,-0.977084477596093,-0.5562607025230849,-1.097276762210857,True,False,False,False,True,True,False,False,True,False,False,False,True,False,False,False,False,False,True,False,2668,0
-0.45013508838784794,1.240499109125429,-1.8014235618988237,-1.2260085222416834,-1.7736237553583458,-0.6756289121933012,4.02616270573556,0.4924076464741333,True,False,False,False,True,True,False,False,False,True,False,False,False,False,True,False,False,False,False,True,2669,0
0.2398041153057315,0.5486423834559204,-1.6193393616528429,-0.5502336842293795,0.2641649391699798,-0.8765992891284957,-0.3287645049499607,-0.6911530081672463,False,False,True,False,True,False,False,True,False,True,False,False,True,False,False,False,False,False,False,True,2670,0
-0.5901979342504543,-1.6134098842612938,0.9879514205927974,1.6531066015688767,0.8067713962929067,-0.07271778138771784,-0.7837569000962091,-0.9696378680828651,True,False,False,False,True,True,False,False,True,False,False,False,False,True,False,True,False,False,False,False,2671,0
0.30320704964682915,1.4999453812514947,-0.41835846641339486,-1.5214635676982255,-1.5766777079581722,5.052026830459741,-0.0037699369883546193,0.13269803574979241,False,False,True,False,True,False,True,False,False,False,False,True,True,False,False,False,False,False,False,True,2672,0
-0.8749347484732014,-0.22969643292227673,-0.5384565559373397,0.21040590088214403,0.10741196266780093,-0.47465853525810675,2.1086947547620847,0.9855579192413748,True,False,False,False,True,False,False,True,False,False,False,True,True,False,False,False,False,False,True,False,2673,0
0.204644306262032,-1.5269277935526053,0.8717274629889799,1.5650987156882046,0.7705976324847116,-0.17320296985531508,0.45122245815789386,0.45179527106977224,False,False,True,True,False,False,True,False,False,False,False,True,True,False,False,False,False,True,False,False,2674,0
-0.6438022332842913,1.6729095626688717,-0.3215051684102136,-1.6786205067708544,-2.356423283379267,-0.977084477596093,0.45122245815789386,3.2424456381408686,True,False,False,False,True,True,False,False,False,False,True,False,False,True,False,True,False,False,False,False,2675,0
2.1868505898896182,0.8945707462906747,-0.6236874581801392,-0.8991220889706155,-0.92554995941066,-0.8765992891284957,0.8087164829156605,0.6722624518363037,False,True,False,False,True,False,False,True,False,True,False,False,False,False,True,False,True,False,False,False,2676,1
-0.6772328713914154,-1.0945173400091623,0.17438371736607458,1.0590533718743396,1.1886055698238553,-0.7761141006608985,-0.29626504815380006,-0.5170999707199847,True,False,False,False,True,False,False,True,True,False,False,False,False,False,True,False,False,False,False,True,2677,1
0.013282722614355806,1.5864274719601832,-1.8750320683812414,-1.6094714535788976,-1.9866470311177171,-0.8765992891284957,-0.9462541840770121,1.612148854051517,False,False,True,False,True,True,False,False,True,False,False,False,True,False,False,False,False,False,True,False,2678,0
0.39139476741217394,-1.2674815214265396,0.9956996844330519,1.2444985599800418,0.5173812858273457,-0.575143723725704,2.0111963843736027,-0.5170999707199847,False,False,True,False,True,False,True,False,False,False,True,False,False,False,True,False,False,False,False,True,2679,0
-1.0317129133893699,0.7216065648732976,0.1898802450465836,-0.6853886518318403,-0.35882765974893627,-0.977084477596093,-0.9462541840770121,0.4227864314952286,True,False,False,False,True,False,True,False,True,False,False,False,True,False,False,False,False,False,False,True,2680,0
0.07899121820422056,1.4999453812514947,-2.332179634956257,-1.5403224003869411,-1.7253920702807521,1.3340748571586434,-0.8162563568923697,-0.7839812948057859,False,False,True,False,True,False,False,True,False,False,True,False,False,False,True,False,False,False,False,True,2681,1
-0.599420179245523,1.413463290542806,1.2823854465224684,-1.4397419593804586,-1.8660678184237334,-0.6756289121933012,0.0937284334001272,-0.46488405948580613,True,False,False,False,True,True,False,False,False,True,False,False,False,False,True,True,False,False,False,False,2682,0
2.1856978092652337,-0.22969643292227673,-0.7360372838638295,0.24812356625957493,0.5455164354559419,-0.575143723725704,-0.9462541840770121,-0.5809194177839806,False,True,False,False,True,False,False,True,False,True,False,False,False,True,False,True,False,False,False,False,2683,0
-0.6276633045429211,0.8080886555819861,-1.3868914464452078,-0.8425455909044691,-1.8419519758849365,2.037471176431824,-0.5887601593192455,1.0667826700500969,True,False,False,False,True,False,False,True,False,False,False,True,False,False,True,False,False,False,False,True,2684,0
-0.5337116836556582,1.5864274719601832,0.705139790423508,-1.5874694821087296,-1.355615818019202,-0.2736881583229123,2.1086947547620847,0.35316521651632393,True,False,False,False,True,True,False,False,False,True,False,False,True,False,False,True,False,False,False,False,2685,0
0.10089405006750873,-1.0945173400091623,0.9220911779506341,1.0559102330928871,1.1001808138482672,-0.2736881583229123,-0.19876667776531826,-1.0856732263810396,False,False,True,False,True,True,False,False,False,True,False,False,False,False,True,False,False,True,False,False,2686,0
-0.07317582421441356,0.2027140206211661,-0.914247352189683,-0.15419819776635485,-0.47940687244292,0.22873778401507386,-0.16626722096915764,-0.7665759910610598,False,False,True,False,True,False,True,False,False,False,True,False,False,True,False,True,False,False,False,False,2687,0
-0.7757956147762125,-0.4026606143396539,-0.4299808621737766,0.4052805053322038,-0.2985380534019444,1.133104480223449,-0.7187579865038879,0.7244783630704823,True,False,False,False,True,False,False,True,False,True,False,False,True,False,False,False,True,False,False,False,2688,0
0.3533530068075154,-0.3161785236309653,1.0499375313148334,0.2889843704184584,1.3051654754280395,-0.2736881583229123,0.45122245815789386,-0.3662540049323578,False,False,True,False,True,False,False,True,True,False,False,False,False,True,False,False,False,False,True,False,2689,0
0.20003318376449775,1.0675349277080517,-2.0183749494259495,-1.0908535546392226,-2.030859409105511,-0.8765992891284957,-0.3287645049499607,-0.16899389582546123,False,False,True,False,True,False,True,False,False,False,False,True,True,False,False,False,True,False,False,False,2690,0
2.0784892111975597,-0.22969643292227673,0.7090139223436353,0.2418372886966698,1.108219428027866,-0.47465853525810675,0.41872300136173324,-0.6099282573585243,False,True,False,False,True,True,False,False,False,False,True,False,False,False,True,False,False,True,False,False,2691,0
0.015588283863123146,-1.5269277935526053,1.243644127321196,1.5525261605623941,1.1926248769136547,-0.2736881583229123,0.0937284334001272,-0.9348272605934128,False,False,True,False,True,False,False,True,False,False,True,False,False,True,False,False,False,False,False,True,2692,1
-0.10026616888742788,0.029749839203788972,-1.2590450930810084,0.01867443521353686,-0.009147942936383381,-0.7761141006608985,-0.5237612457269243,-1.2307174242537577,False,False,True,False,True,True,False,False,True,False,False,False,True,False,False,False,True,False,False,False,2693,0
2.1678297095872883,0.8080886555819861,-0.28276384920894104,-0.7733965377125124,0.6379604985213294,-0.07271778138771784,-0.03626939378451522,0.5388217897934031,False,True,False,False,True,False,False,True,False,False,True,False,True,False,False,True,False,False,False,False,2694,1
2.2052950798797553,-1.5269277935526053,0.7632517692254168,1.5556692993438468,1.3011461683382401,0.12825259554747662,3.408673026608509,1.5135187994980688,False,True,False,False,True,True,False,False,False,False,True,False,False,False,True,False,False,False,False,True,2695,0
-0.7556219538494997,-0.0567322515048996,-1.2319261696401176,0.056392100590967775,-0.7808549041778794,-0.7761141006608985,1.3937067052465515,0.45759703898468096,True,False,False,False,True,False,False,True,False,True,False,False,True,False,False,False,False,False,False,True,2696,0
-0.11640509762879823,1.4999453812514947,-1.0382195736337552,-1.4837459023207946,0.18779810446379008,-0.2736881583229123,-0.49126178893076367,-0.1863991995701874,False,False,True,False,True,False,False,True,False,False,False,True,False,False,True,False,False,False,False,True,2697,0
-0.35733624812496884,-0.6621068864657196,0.36809031337243714,0.6818767181000305,-0.34275043138973843,0.73116372635306,0.35372408776941205,-0.23861511080436593,True,False,False,True,False,False,True,False,False,True,False,False,False,True,False,False,False,False,True,False,2698,0
0.11357463693572838,-0.22969643292227673,-0.29051211304919555,0.2606961213853852,-0.3990207306469309,1.3340748571586434,0.2562257173809302,-0.17479566374036995,False,False,True,True,False,False,True,False,True,False,False,False,True,False,False,False,False,True,False,False,2699,1
0.05708838634093237,-1.0080352493004738,0.4533212156152367,1.033908261622719,0.730404561586717,-0.575143723725704,0.06122897660396659,0.028266213281435384,False,False,True,False,True,True,False,False,True,False,False,False,False,False,True,False,False,False,True,False,2700,1
2.0813711627585185,-1.353963612135228,1.2165252038803052,1.3419358622050717,1.1042001209380667,0.3292229724826711,-0.26376559135763944,0.21972455447342326,False,True,False,False,True,True,False,False,False,False,False,True,False,False,True,False,False,True,False,False,2701,0
-0.8720527969122425,-0.4026606143396539,1.166161488918651,0.40842364411365634,-0.6884108411124918,0.12825259554747662,0.2562257173809302,0.7418836668152085,True,False,False,False,True,True,False,False,True,False,False,False,False,False,True,False,False,True,False,False,2702,0
-0.43457254995866945,0.8945707462906747,-1.0885832885954094,-0.9368397543480463,0.1677015690147928,0.8316489148206573,-0.3612639617461213,0.2487333940479669,True,False,False,False,True,True,False,False,False,True,False,False,True,False,False,False,True,False,False,False,2703,0
0.22366518656436138,1.6729095626688717,-1.0653384970746458,-1.675477367989402,0.9755822940644839,1.4345600456262406,0.028729519807805987,-1.26552803174321,False,False,True,False,True,True,False,False,False,False,False,True,True,False,False,False,False,True,False,False,2704,1
0.15738030066230474,0.5486423834559204,-1.344275995323808,-0.5188022964148538,0.8509837742807008,-0.8765992891284957,-0.26376559135763944,-0.5345052744647109,False,False,True,True,False,True,False,False,False,False,False,True,False,True,False,False,False,False,True,False,2705,1
-0.6582119910890861,-1.353963612135228,0.6160347562605812,1.323077029516356,0.9595050657052862,-0.8765992891284957,-0.6862585297077273,0.4750023427294071,True,False,False,False,True,True,False,False,True,False,False,False,False,False,True,False,False,True,False,False,2706,0
-0.1031481204483869,0.7216065648732976,-0.6701770412216662,-0.7042474845205557,-0.36284696683873574,5.052026830459741,1.588703446023515,0.3009493052821454,False,False,True,False,True,False,True,False,False,True,False,False,False,False,True,False,True,False,False,False,2707,0
0.317616807451624,-0.4026606143396539,1.2513923911614504,0.4147099216765615,-0.6482177702144973,-0.977084477596093,0.06122897660396659,-0.7897830627206947,False,False,True,True,False,True,False,False,True,False,False,False,False,False,True,False,False,False,True,False,2708,1
-0.7083579482497725,-0.9215531585917853,1.1467908293180147,0.8924670164573532,0.5254199000069446,-0.6756289121933012,1.8811985571889605,-1.016052011402135,True,False,False,False,True,True,False,False,False,False,True,False,False,True,False,False,False,False,True,False,2709,1
-0.7855942500834731,0.11623192991247754,1.1506649612381419,-0.13848250385909197,0.686192183598923,0.6306785378854628,0.06122897660396659,2.476612273372917,True,False,False,False,True,False,True,False,False,False,True,False,True,False,False,True,False,False,False,False,2710,0
-0.034557673297563145,-0.22969643292227673,0.6315312839410903,0.2135490396635966,-1.0340712508352454,1.2335896686910461,-0.16626722096915764,0.7418836668152085,False,False,True,False,True,True,False,False,True,False,False,False,False,False,True,False,True,False,False,False,2711,0
-0.8132609850686793,0.6351244741646089,-1.100205684355791,-0.6225258762027888,-1.4641371094437874,-0.47465853525810675,-0.6212596161154061,-0.5635141140392544,True,False,False,False,True,False,False,True,True,False,False,False,True,False,False,False,True,False,False,False,2712,0
0.3308737846320354,0.37567820203854324,-1.6813254723748787,-0.4025061615011084,-0.6482177702144973,-0.7761141006608985,-0.9787536408731727,-0.42427168408144506,False,False,True,False,True,False,False,True,False,False,False,True,False,False,True,True,False,False,False,False,2713,1
0.18965815814504544,-1.0945173400091623,0.5540486455385453,1.0841984821259603,0.4128793014925598,-0.6756289121933012,-0.49126178893076367,0.9971614550711922,False,False,True,False,True,False,False,True,False,True,False,False,False,True,False,False,True,False,False,False,2714,0
-0.709510728874156,1.5864274719601832,-2.08810932398824,-1.6189008699232554,0.4128793014925598,-0.575143723725704,1.8486991003928,0.4285881994101373,True,False,False,False,True,False,True,False,False,True,False,False,True,False,False,False,False,False,True,False,2715,0
-0.5291005611581239,0.37567820203854324,0.5230555901775272,-0.3333571083091517,-1.5847163221377711,0.02776740707987939,0.2562257173809302,0.4169846635803199,True,False,False,False,True,False,False,True,False,False,True,False,False,True,False,False,False,False,False,True,2716,0
1.8779053825548147,1.0675349277080517,0.9802031567525429,-1.0751378607319597,-1.809797519166541,-0.07271778138771784,2.9211811746660996,0.5504253256232206,False,True,False,False,True,False,False,True,False,True,False,False,False,False,True,False,True,False,False,False,2717,1
-0.8276707428734742,-0.6621068864657196,-0.0077004828799062215,0.6693041629742202,0.22799117536178468,-0.07271778138771784,-0.7512574433000485,0.11529273200506625,True,False,False,True,False,False,True,False,False,False,True,False,False,False,True,True,False,False,False,False,2718,0
1.861190063501253,-1.5269277935526053,0.9298394417908886,1.5588124381252992,0.6620763410601262,-0.8765992891284957,-0.03626939378451522,0.7534872026450259,False,True,False,False,True,False,True,False,False,True,False,False,False,False,True,False,True,False,False,False,2719,0
0.04786614134586363,-0.6621068864657196,0.36809031337243714,0.6253002200338841,-0.3507890455693374,-0.977084477596093,4.448655644085648,-0.8129901343803296,False,False,True,False,True,False,True,False,False,True,False,False,False,False,True,False,False,True,False,False,2720,0
-0.7291079994886771,0.37567820203854324,-0.7554079434644657,-0.3993630227196558,1.1202773492972644,-0.8765992891284957,-0.4587623321346031,-0.44747875574108,True,False,False,False,True,False,True,False,False,True,False,False,False,False,True,False,True,False,False,False,2721,1
-0.0011270351904390874,1.6729095626688717,-2.0377456090265857,-1.703765617022475,-2.3925970471874622,-0.575143723725704,0.0937284334001272,-0.6389370969330679,False,False,True,False,True,False,True,False,False,False,False,True,False,True,False,False,False,True,False,False,2722,1
-0.5279477805337404,0.4621602927472318,-1.301660544202408,-0.49994346372613824,-0.1739395336181612,1.4345600456262406,1.1337110508772665,0.19071571489887965,True,False,False,False,True,False,True,False,False,True,False,False,False,True,False,False,False,True,False,False,2723,0
-0.24782208880852752,1.5864274719601832,-1.5728497786113158,-1.6189008699232554,-1.9142995035013268,-0.7761141006608985,0.9712137668964635,-0.43587521991126255,True,False,False,False,True,True,False,False,False,True,False,False,False,False,True,True,False,False,False,False,2724,0
0.2945611949639523,0.37567820203854324,-0.8600095053079015,-0.33964338587205684,0.9796016011542834,-0.8765992891284957,-0.06876885058067583,0.2951475373672367,False,False,True,False,True,False,False,True,False,False,True,False,False,True,False,False,True,False,False,False,2725,0
-0.88415699346827,0.9810528369993632,1.042189267474579,-0.9934162524141927,-0.45931033699392276,0.3292229724826711,-0.7187579865038879,-1.0682679226363134,True,False,False,False,True,True,False,False,True,False,False,False,False,True,False,False,True,False,False,False,2726,0
-0.5308297320946993,-0.7485889771744081,1.170035620838778,0.7604551876363449,0.37670553768436466,-0.8765992891284957,0.1262278901962878,-0.20960627122982228,True,False,False,False,True,False,False,True,False,True,False,False,False,False,True,False,True,False,False,False,2727,1
0.21847767375463523,-0.8350710678830967,-0.3215051684102136,0.8327473796097542,0.32445454551697167,0.5301933494178656,-0.13376776417299704,-0.9928449397425,False,False,True,False,True,False,False,True,False,True,False,False,False,True,False,False,False,False,True,False,2728,0
0.03460916416545231,0.8080886555819861,-1.2551709611608812,-0.8016847867455856,-1.608832164676568,-0.7761141006608985,-0.8487558136885304,1.4845099599235252,False,False,True,False,True,False,False,True,True,False,False,False,False,False,True,False,False,False,False,True,2729,0
2.4698582331757897,1.0675349277080517,-0.8638836372280287,-1.0719947219505073,-0.7848742112676789,-0.8765992891284957,0.45122245815789386,-0.5635141140392544,False,True,False,False,True,False,False,True,False,True,False,False,False,False,True,False,False,True,False,False,2730,1
0.2657416793543625,0.37567820203854324,0.2518663557686196,-0.41193557784546614,-0.583908856777706,-0.17320296985531508,-0.6862585297077273,-0.5693158819541632,False,False,True,False,True,False,True,False,False,False,False,True,False,True,False,False,False,True,False,False,2731,0
0.0703453635213437,-0.48914270504834245,0.6547760754618538,0.455570725835445,-0.6843915340226925,0.6306785378854628,1.7187012732081575,-0.5867211856988893,False,False,True,False,True,False,False,True,False,False,False,True,False,False,True,False,True,False,False,False,2732,0
-0.1884538866527727,-1.6134098842612938,0.9220911779506341,1.5996732422841828,1.0479298216808743,-0.6756289121933012,1.4912050756350332,-0.615730025273433,False,False,True,False,True,False,False,True,True,False,False,False,False,True,False,False,True,False,False,False,2733,0
0.30666539151997985,0.4621602927472318,-0.4493515217744129,-0.48737090860032795,-0.08551477764257309,-0.3741733467905095,0.8087164829156605,2.5694405600114565,False,False,True,False,True,False,False,True,False,False,False,True,False,True,False,False,False,False,False,True,2734,0
2.0064404221735854,-1.180999430717851,0.5772934370593087,1.1627769516622748,0.16368226192499333,0.3292229724826711,-0.9462541840770121,-0.42427168408144506,False,True,False,False,True,True,False,False,False,False,False,True,False,False,True,False,True,False,False,False,2735,0
-0.6951009710693611,0.9810528369993632,-2.0067525536655677,-1.0248476402287185,0.6419798056111289,-0.977084477596093,-0.16626722096915764,-0.6679459365076115,True,False,False,False,True,False,False,True,False,False,False,True,True,False,False,False,True,False,False,False,2736,0
2.4329692531955147,-1.6134098842612938,0.9724548929122884,1.6153889361914457,0.9193119948072915,-0.977084477596093,-0.23126613456147885,-0.656342400677794,False,True,False,False,True,True,False,False,False,False,False,True,False,False,True,False,True,False,False,False,2737,0
0.21790128344244333,0.6351244741646089,1.057685795155088,-0.6319552925471464,-0.21011329742635632,0.73116372635306,0.32122463097325143,0.5562270935381293,False,False,True,False,True,True,False,False,False,False,True,False,False,True,False,False,False,False,True,False,2738,1
-0.8714764066000505,-1.0945173400091623,0.5579227774586725,1.0967710372517705,0.2440684037209825,-0.6756289121933012,-0.4587623321346031,-0.2560204145490921,True,False,False,False,True,False,True,False,False,False,True,False,False,False,True,False,False,False,False,True,2739,1
-0.4115169374709976,-0.3161785236309653,-0.6275615901002665,0.2826980928555533,-0.17795884070796064,-0.575143723725704,-0.13376776417299704,0.35316521651632393,True,False,False,True,False,False,True,False,False,True,False,False,True,False,False,False,False,False,True,False,2740,1
2.0980864818120812,1.3269811998341174,-2.254696996553712,-1.3360183795925236,-0.45931033699392276,1.0326192917558517,-0.49126178893076367,-0.37205577284726654,False,True,False,False,True,False,True,False,False,False,False,True,False,True,False,True,False,False,False,False,2741,0
-0.4824129458705885,-0.575624795757031,1.1739097527589055,0.603298248563716,0.8630416955500991,0.73116372635306,1.1337110508772665,-0.13998505625091762,True,False,False,False,True,True,False,False,False,True,False,False,False,False,True,False,False,False,False,True,2742,0
0.21674850281805977,-1.0080352493004738,1.0964271143563604,1.033908261622719,0.45709167948035384,0.4297081609502683,-0.8162563568923697,0.770892506389752,False,False,True,False,True,False,True,False,False,False,False,True,True,False,False,False,True,False,False,False,2743,0
-0.8005803982004598,-1.6998919749699823,1.2707630507620866,1.7191125159793808,1.2931075541586412,0.3292229724826711,0.41872300136173324,-0.47648759531562357,True,False,False,False,True,False,False,True,False,False,True,False,False,False,True,False,False,False,False,True,2744,0
-0.9729211015458067,0.37567820203854324,-1.0963315524356638,-0.3522159409978672,-1.1707276918884268,-0.3741733467905095,-0.3287645049499607,-1.26552803174321,True,False,False,False,True,False,False,True,False,False,True,False,False,False,True,True,False,False,False,False,2745,0
0.00924799042901322,1.3269811998341174,-0.5345824240172125,-1.3454477959368814,-0.7366425261900854,0.5301933494178656,0.191226803788609,0.24293162613305816,False,False,True,False,True,True,False,False,True,False,False,False,True,False,False,False,False,True,False,False,2746,0
0.004060477619287066,1.413463290542806,-2.1229765112693855,-1.3768791837514072,-1.9102801964115272,3.4442638149781852,-0.3287645049499607,-1.2713297996581188,False,False,True,True,False,False,False,True,False,False,False,True,False,False,True,False,False,True,False,False,2747,0
0.27438753403723937,-1.6134098842612938,1.1119236420368694,1.6311046300987087,1.1886055698238553,-0.17320296985531508,3.6686686809777935,0.8637207930282916,False,False,True,False,True,False,True,False,False,True,False,False,False,True,False,False,False,True,False,False,2748,0
0.35738773899285803,1.4999453812514947,-0.2788897172888138,-1.5246067064796782,-1.8499905900645355,-0.977084477596093,-0.4262628753384425,0.1036891961752488,False,False,True,False,True,False,False,True,False,True,False,False,True,False,False,False,False,False,True,False,2749,0
-0.08873836264359201,0.2027140206211661,-0.20915534272652328,-0.20448841826959607,-0.22217121869575468,0.12825259554747662,0.8412159397118211,-0.6041264894436156,False,False,True,False,True,False,False,True,False,True,False,False,False,False,True,False,False,False,False,True,2750,1
-0.12216900075071607,1.4999453812514947,-2.0183749494259495,-1.512034151353868,-1.9303767318605247,-0.575143723725704,1.101211594081106,-0.4996946669752585,False,False,True,False,True,False,False,True,False,True,False,False,False,True,False,False,False,False,False,True,2751,0
-0.03513406360975503,-0.4026606143396539,-0.2788897172888138,0.373849117517678,1.2689917116198444,-0.6756289121933012,0.7437175693233393,0.9391437759221051,False,False,True,False,True,True,False,False,False,False,True,False,False,False,True,False,True,False,False,False,2752,0
0.38447808366587233,-0.575624795757031,0.4339505560146004,0.603298248563716,0.46513029365995273,0.02776740707987939,0.2237262605847696,-0.21540803914473103,False,False,True,False,True,False,True,False,False,False,False,True,False,False,True,False,False,True,False,False,2753,0
0.2968667562127194,1.3269811998341174,-1.2164296419596086,-1.3265889632481658,-2.308191598301674,0.5301933494178656,-0.881255270484691,-0.19220096748509613,False,False,True,False,True,False,False,True,False,False,True,False,True,False,False,False,False,False,True,False,2754,1
-1.1222061924034819,0.029749839203788972,-0.6391839858606482,0.009245018869179132,1.1805669556442564,0.5301933494178656,-0.7837569000962091,-0.8826113493592342,True,False,False,False,True,False,False,True,False,True,False,False,False,False,True,False,False,False,True,False,2755,0
-0.8593722100440229,-0.3161785236309653,1.2668889188419594,0.3455608684846048,0.30033870297817494,-0.07271778138771784,-0.881255270484691,2.3779822188194686,True,False,False,False,True,False,True,False,False,True,False,False,False,False,True,False,True,False,False,False,2756,1
-0.7821359082103223,-1.6998919749699823,1.3288750295639955,1.6813948506019498,1.3654550817750315,3.5447490034457823,0.35372408776941205,0.2835440015374192,True,False,False,False,True,False,True,False,False,True,False,False,True,False,False,False,False,False,False,True,2757,0
2.3920455410298973,-1.353963612135228,0.5036849305768909,1.3136476131719983,1.3413392392362347,0.9321341032882544,0.8087164829156605,-0.6215317931883417,False,True,False,False,True,False,False,True,True,False,False,False,False,True,False,False,True,False,False,False,2758,0
-0.8317054750588166,1.0675349277080517,-0.743785547704084,-1.0405633341359815,1.325262010877037,0.12825259554747662,-0.4262628753384425,-0.6621441685927028,True,False,False,False,True,False,True,False,False,True,False,False,False,False,True,False,True,False,False,False,2759,0
-0.7976984466395007,0.5486423834559204,-0.7050442285028115,-0.5408042678850218,-1.391789581827397,0.73116372635306,1.8161996435966392,0.26033692987778434,True,False,False,True,False,True,False,False,False,True,False,False,False,False,True,False,False,False,False,True,2760,1
-0.6795384326401827,1.3269811998341174,-1.9602629706240409,-1.2983007142150926,-2.1313420863504975,-0.7761141006608985,0.2887251741770908,-0.08776914501673909,True,False,False,False,True,True,False,False,True,False,False,False,False,False,True,False,False,False,False,True,2761,1
-1.087622773671974,0.2891961113298547,0.015544308640857285,-0.25792177755428985,0.0029099783330149946,-0.47465853525810675,-0.881255270484691,0.05147328494107028,True,False,False,False,True,False,True,False,False,True,False,False,False,False,True,False,False,False,False,True,2762,0
0.1274080044283314,1.1540170184167404,-0.1936588150460143,-1.1788614405198947,-1.5847163221377711,-0.977084477596093,-0.9462541840770121,-1.0276555472319524,False,False,True,False,True,False,False,True,False,True,False,False,True,False,False,True,False,False,False,False,2763,1
0.12567883349175593,1.5864274719601832,-1.5418567232502978,-1.6251871474861606,-2.0871297083627036,-0.7761141006608985,-0.8487558136885304,1.130602117114093,False,False,True,False,True,False,True,False,True,False,False,False,True,False,False,True,False,False,False,False,2764,0
-0.22419008600866389,0.4621602927472318,-1.1389470035570637,-0.48737090860032795,0.6098253488927332,-0.2736881583229123,-0.23126613456147885,-0.4590822915708974,False,False,True,False,True,False,False,True,False,False,False,True,True,False,False,False,False,False,True,False,2765,1
-0.8564902584830639,-0.14321434221358817,1.0228186078739425,0.1192548762200193,1.248895176170847,-0.575143723725704,-0.9137547272808515,2.1691185738827543,True,False,False,False,True,True,False,False,False,False,False,True,False,False,True,False,False,False,False,True,2766,0
0.4098392574023114,0.7216065648732976,0.6702726031423628,-0.6979612069576506,-1.0179940224760475,0.22873778401507386,-0.8162563568923697,1.1770162604333627,False,False,True,True,False,True,False,False,False,True,False,False,True,False,False,False,True,False,False,False,2767,1
-0.9562057824922446,0.9810528369993632,0.7438811096247805,-0.9682711421625722,1.3333006250566357,-0.3741733467905095,-0.4262628753384425,0.329958144856689,True,False,False,False,True,False,True,False,False,False,False,True,False,True,False,False,False,False,False,True,2768,0
-0.6316980367282636,-1.5269277935526053,0.7400069777046533,1.4959496624962478,0.8951961522684948,-0.8765992891284957,-0.39376341854228186,0.4750023427294071,True,False,False,False,True,True,False,False,False,False,False,True,False,True,False,True,False,False,False,False,2769,1
-0.523336658036206,0.7216065648732976,-0.37186888337186785,-0.7105337620834609,-0.7165459907410882,0.73116372635306,0.7437175693233393,0.21392278655851454,True,False,False,False,True,True,False,False,False,True,False,False,False,True,False,False,True,False,False,False,2770,1
0.06631063133600111,0.7216065648732976,0.3719644452925644,-0.7513945662423444,-1.8781257396931317,0.22873778401507386,-0.29626504815380006,-0.9580343322530477,False,False,True,False,True,False,True,False,False,False,True,False,False,False,True,False,False,False,False,True,2771,0
2.201260347694413,-0.9215531585917853,0.34484552185167366,0.8861807388944479,0.5173812858273457,-0.7761141006608985,1.5562039892273545,1.5135187994980688,False,True,False,True,False,False,True,False,False,False,True,False,True,False,False,False,False,True,False,False,2772,0
0.20694986751079913,-0.575624795757031,0.8523568033883435,0.6158708036895264,-0.19001676197735903,1.8365007994966296,2.4336893227236907,2.494017577117643,False,False,True,False,True,False,False,True,False,True,False,False,False,False,True,True,False,False,False,False,2773,0
-0.8172957172540217,0.8945707462906747,1.0228186078739425,-0.8928358114077103,-1.259152447864015,0.5301933494178656,0.2237262605847696,1.089989741709732,True,False,False,False,True,False,True,False,True,False,False,False,False,True,False,True,False,False,False,False,2774,0
1.8438983541354992,1.0675349277080517,-1.0730867609149004,-1.0499927504803392,-0.39098211646733194,-0.3741733467905095,1.166210507673427,-0.48809113114544106,False,True,False,False,True,False,False,True,False,False,False,True,False,False,True,True,False,False,False,False,2775,0
0.2588249956080609,0.8945707462906747,-1.6658289446943697,-0.9085515053149732,0.7866748608439095,0.3292229724826711,1.101211594081106,2.4824140412878255,False,False,True,False,True,False,True,False,True,False,False,False,True,False,False,False,True,False,False,False,2776,1
2.1880033705140014,0.029749839203788972,-0.11617617664346926,-0.022186368945346632,1.0680263571298716,0.5301933494178656,-0.5562607025230849,-0.5403070423796196,False,True,False,False,True,False,True,False,False,True,False,False,False,False,True,False,False,False,False,True,2777,0
-1.0634143805599185,0.6351244741646089,-0.39123954297250413,-0.6602435415802197,-0.3950014235571314,-0.977084477596093,-0.8487558136885304,-1.1146820659555832,True,False,False,False,True,True,False,False,False,False,False,True,False,False,True,False,False,False,False,True,2778,1
0.0703453635213437,1.6729095626688717,-1.5689756466911886,-1.6566185353006864,1.248895176170847,-0.47465853525810675,-0.8487558136885304,-0.8594042776995994,False,False,True,False,True,True,False,False,False,False,True,False,True,False,False,False,True,False,False,False,2779,0
2.12344765554852,-0.0567322515048996,-0.15879162776486902,0.06582151693532551,1.0599877429502726,-0.47465853525810675,1.4587056188388725,-1.0102502434872263,False,True,False,False,True,True,False,False,False,False,False,True,True,False,False,False,False,False,True,False,2780,0
0.1274080044283314,1.6729095626688717,-1.9408923110234046,-1.6943362006781173,0.32445454551697167,0.5301933494178656,0.06122897660396659,0.9391437759221051,False,False,True,False,True,False,False,True,False,True,False,False,False,False,True,True,False,False,False,False,2781,0
-1.0034697880919718,0.37567820203854324,-0.3215051684102136,-0.3930767451567507,-0.4472524157245244,-0.977084477596093,1.0362126804887848,0.1733104111541535,True,False,False,False,True,False,False,True,True,False,False,False,False,False,True,False,False,False,True,False,2782,1
0.244415237803266,0.8080886555819861,-1.069212628994773,-0.8362593133415639,0.774616939574511,-0.977084477596093,0.028729519807805987,2.3489733792449248,False,False,True,False,True,True,False,False,False,False,False,True,False,True,False,False,False,False,True,False,2783,1
2.0225793509149557,1.1540170184167404,-1.2939122803621537,-1.1788614405198947,-0.5396964787899119,-0.2736881583229123,-0.3612639617461213,-1.016052011402135,False,True,False,False,True,True,False,False,False,False,True,False,False,False,True,False,False,False,False,True,2784,0
-1.0046225687163555,1.240499109125429,-2.0803610601479856,-1.2857281590892824,-2.284075755762877,-0.977084477596093,-0.9137547272808515,-0.1863991995701874,True,False,False,False,True,True,False,False,False,False,True,False,False,False,True,False,False,False,True,False,2785,0
-1.0553449161892334,-1.0080352493004738,1.011196212113561,0.9930474574638356,0.11143126975760038,-0.977084477596093,-0.7837569000962091,-0.4126681482516276,True,False,False,False,True,False,False,True,True,False,False,False,True,False,False,False,False,False,True,False,2786,1
-0.6178646692356605,-0.22969643292227673,-0.2866379811290683,0.19154706819342857,-0.33471181721013954,-0.977084477596093,-0.881255270484691,0.16170687532433603,True,False,False,False,True,False,False,True,False,False,True,False,False,True,False,False,False,True,False,False,2787,1
-0.9954003237212867,-1.5269277935526053,0.6702726031423628,1.4833771073704376,1.064007050040072,0.8316489148206573,-0.7837569000962091,-0.6911530081672463,True,False,False,False,True,True,False,False,False,False,True,False,False,True,False,False,False,False,False,True,2788,0
0.1902345484572371,0.8080886555819861,-1.7743046384579328,-0.7765396764939649,0.051141663410608496,1.133104480223449,-0.7512574433000485,-0.9754396359977738,False,False,True,False,True,True,False,False,False,False,True,False,True,False,False,False,False,True,False,False,2789,0
0.1377830300477837,-1.6998919749699823,0.8136154841870711,1.671965434257592,1.0881228925788688,5.052026830459741,0.2562257173809302,1.2640427791569935,False,False,True,False,True,True,False,False,True,False,False,False,False,True,False,True,False,False,False,False,2790,1
1.9730097840664613,-0.8350710678830967,0.2944818068900194,0.8610356286428273,1.361435774685232,1.8365007994966296,-0.8162563568923697,-1.1726997451046706,False,True,False,False,True,False,False,True,False,False,True,False,False,False,True,False,False,False,False,True,2791,0
-0.5089269002314111,-0.6621068864657196,0.8988463864298706,0.6567316078484099,-0.23824844705495252,0.02776740707987939,-0.5237612457269243,-0.592522953613798,True,False,False,False,True,True,False,False,False,True,False,False,False,False,True,False,True,False,False,False,2792,0
-0.5043157777338767,-0.3161785236309653,0.14339066200505657,0.3204157582329842,-0.5597930142389093,-0.6756289121933012,0.5162213717502151,1.0725844379650058,True,False,False,False,True,True,False,False,False,False,True,False,True,False,False,False,False,True,False,False,2793,1
-0.644378623596483,1.413463290542806,-2.2082074135121847,-1.3800223225328596,-0.8532024317942697,-0.6756289121933012,2.498688236316012,-1.2133121205090316,True,False,False,False,True,False,True,False,True,False,False,False,False,False,True,False,False,False,False,True,2794,0
1.9413083168959127,-0.575624795757031,-0.5733237432184849,0.5624374444048326,0.2882807817087766,-0.47465853525810675,-0.4262628753384425,0.3415616806865065,False,True,False,False,True,False,True,False,False,False,True,False,False,True,False,False,False,True,False,False,2795,1
-0.7440941476056637,-0.0567322515048996,-0.6817994369820479,0.09725290474985128,-0.9456464948596572,-0.07271778138771784,-0.7187579865038879,0.7360818989002997,True,False,False,False,True,False,True,False,False,True,False,False,True,False,False,False,False,False,True,False,2796,1
-0.1775024707211285,0.2027140206211661,-0.011574614800033474,-0.22963352852121668,1.1283159634768634,0.3292229724826711,-0.9787536408731727,0.1268962678348837,False,False,True,False,True,True,False,False,False,True,False,False,False,True,False,False,False,True,False,False,2797,0
0.13547746879901656,1.6729095626688717,-0.4222325983335221,-1.659761674082139,-0.6522370773042968,1.0326192917558517,2.888681717869939,-0.7839812948057859,False,False,True,False,True,True,False,False,False,False,False,True,True,False,False,False,True,False,False,False,2798,0
0.17524840034025055,0.2027140206211661,-0.2672673215284321,-0.19191586314378575,-0.7728162899982806,-0.8765992891284957,-0.6537590729115668,-1.1320873697003093,False,False,True,False,True,True,False,False,False,False,True,False,False,False,True,False,False,True,False,False,2799,0
0.037491115726411325,-0.0567322515048996,-0.058064197841560486,0.05010582302806262,-0.49548410080211786,0.5301933494178656,-0.6212596161154061,-0.5345052744647109,False,False,True,True,False,True,False,False,True,False,False,False,True,False,False,True,False,False,False,False,2800,1
-0.5729062248847003,1.413463290542806,0.1976285088868381,-1.3988811552215752,-2.3524039762894677,-0.07271778138771784,-0.49126178893076367,0.31255284111196285,True,False,False,False,True,True,False,False,False,False,True,False,False,False,True,False,False,False,True,False,2801,1
0.2692000212275132,-0.7485889771744081,0.3797127091328189,0.7384532161661769,0.2360297895413836,0.6306785378854628,0.35372408776941205,0.8695225609432004,False,False,True,False,True,False,True,False,False,False,False,True,False,True,False,False,False,False,False,True,2802,0
2.0928989690023547,0.9810528369993632,1.1119236420368694,-1.005988807540003,0.10339265557800147,-0.8765992891284957,-0.6212596161154061,1.1248003491991843,False,True,False,False,True,False,False,True,False,False,False,True,False,True,False,False,False,False,True,False,2803,0
-0.07259943390222166,-1.6998919749699823,1.0809305866758514,1.7065399608535705,1.2087021052728526,1.4345600456262406,-0.7837569000962091,-1.0102502434872263,False,False,True,False,True,False,True,False,False,True,False,False,False,True,False,False,False,True,False,False,2804,0
-0.8201776688149808,-1.180999430717851,0.2596146196088741,1.1784926455695375,1.3654550817750315,-0.7761141006608985,-0.6537590729115668,0.4924076464741333,True,False,False,False,True,False,False,True,False,False,True,False,False,True,False,True,False,False,False,False,2805,0
-0.5556145155189466,1.6729095626688717,-2.359298558397148,-1.7100518945853802,1.1926248769136547,-0.8765992891284957,2.9211811746660996,-0.39526284450690147,True,False,False,False,True,True,False,False,False,False,True,False,True,False,False,False,False,False,True,False,2806,0
-0.6432258429720995,-0.4026606143396539,-0.8716319010682833,0.373849117517678,-0.6120440064063022,-0.07271778138771784,-0.9462541840770121,-0.8245936702101471,True,False,False,False,True,True,False,False,False,False,True,False,False,False,True,False,False,True,False,False,2807,0
-0.5907743245626461,1.0675349277080517,-1.0808350247551548,-1.0782809995134124,-0.680372226932893,-0.977084477596093,-0.19876667776531826,0.3705705202610501,True,False,False,False,True,True,False,False,True,False,False,False,False,True,False,False,False,True,False,False,2808,1
-0.8011567885126515,1.1540170184167404,-1.3210312038030445,-1.1568594690497267,0.099373348488202,-0.3741733467905095,-0.0037699369883546193,0.3415616806865065,True,False,False,False,True,False,True,False,False,False,True,False,False,False,True,False,False,True,False,False,2809,0
0.05939394758969951,-1.0080352493004738,0.12402000240442032,1.0024768738081933,0.9635243727950856,0.02776740707987939,-0.9462541840770121,0.6896677555810299,False,False,True,False,True,False,False,True,True,False,False,False,False,False,True,False,True,False,False,False,2810,0
-1.0403587680722468,0.8945707462906747,1.2552665230815776,-0.8802632562819,-1.8138168262563403,-0.3741733467905095,-0.7512574433000485,2.9929696177997935,True,False,False,False,True,False,False,True,False,False,True,False,False,False,True,False,False,False,True,False,2811,1
-0.8962611900242978,0.2027140206211661,-1.4953671402087707,-0.22020411217685895,0.6098253488927332,-0.8765992891284957,-0.6212596161154061,0.7186765951555736,True,False,False,False,True,True,False,False,False,False,True,False,False,False,True,True,False,False,False,False,2812,0
-0.6904898485718267,-0.4026606143396539,-0.2672673215284321,0.43671189314672954,0.3726862305945652,-0.2736881583229123,-0.29626504815380006,-0.9638361001679564,True,False,False,False,True,True,False,False,False,False,True,False,True,False,False,False,False,False,False,True,2813,1
0.008671600116821538,0.8080886555819861,0.4998107986567637,-0.7859690928383227,-1.59275493631737,-0.8765992891284957,0.6137197421386968,-0.09357091293164782,False,False,True,False,True,False,False,True,False,False,True,False,False,False,True,False,False,True,False,False,2814,0
-0.7331427316740197,0.8945707462906747,-0.2788897172888138,-0.8834063950633526,1.1725283414646575,-0.977084477596093,0.2237262605847696,-1.0276555472319524,True,False,False,False,True,False,True,False,False,True,False,False,False,True,False,False,False,False,True,False,2815,0
-0.08528002077044111,-0.22969643292227673,-0.03481940632079698,0.2606961213853852,-0.8532024317942697,-0.17320296985531508,-0.5237612457269243,-0.8129901343803296,False,False,True,False,True,False,True,False,False,False,True,False,True,False,False,False,True,False,False,False,2816,0
-0.79424010476635,0.8080886555819861,-0.3215051684102136,-0.8016847867455856,0.4128793014925598,-0.8765992891284957,-0.8162563568923697,-0.15158859208073505,True,False,False,False,True,False,False,True,True,False,False,False,False,False,True,False,False,True,False,False,2817,0
-0.008620109248932376,0.029749839203788972,0.07365628744276606,-0.028472646508251785,-0.15384299816916389,0.8316489148206573,-0.8487558136885304,3.9908736991640943,False,False,True,False,True,False,False,True,False,False,False,True,False,True,False,False,False,False,False,True,2818,1
-0.9147056800144352,0.8945707462906747,-1.5844721743716974,-0.8614044235931846,0.3324931596965706,-0.977084477596093,-0.06876885058067583,2.0472814476696715,True,False,False,False,True,False,True,False,False,True,False,False,True,False,False,True,False,False,False,False,2819,1
-0.6357327689136062,1.240499109125429,-1.6115910978125882,-1.2228653834602308,0.3405317738761695,0.02776740707987939,0.2562257173809302,-0.11097621667637399,True,False,False,False,True,False,True,False,False,False,False,True,False,False,True,False,True,False,False,False,2820,1
-0.808073472258953,1.1540170184167404,1.0654340589953424,-1.1411437751424638,1.0117560578726792,-0.47465853525810675,-0.9787536408731727,-0.20960627122982228,True,False,False,False,True,False,False,True,False,False,True,False,True,False,False,True,False,False,False,False,2821,0
-0.13484958761893573,1.240499109125429,1.228147599640687,-1.2668693264005668,0.9635243727950856,-0.977084477596093,2.498688236316012,1.298853386646446,False,False,True,True,False,False,True,False,True,False,False,False,False,False,True,False,False,False,False,True,2822,0
-0.9729211015458067,-0.575624795757031,0.5269297220976544,0.6158708036895264,1.0238139791420775,-0.2736881583229123,0.8737153965079817,-1.0276555472319524,True,False,False,False,True,False,False,True,False,False,False,True,True,False,False,False,False,True,False,False,2823,0
0.15046361691600335,0.4621602927472318,-0.10842791280321476,-0.4779414922559702,-0.23824844705495252,-0.07271778138771784,-0.4587623321346031,-0.19800273540000485,False,False,True,False,True,False,True,False,True,False,False,False,True,False,False,True,False,False,False,False,2824,0
-0.6691634070207304,0.7216065648732976,1.1041753781966148,-0.7042474845205557,-0.0654182421935758,-0.17320296985531508,-0.26376559135763944,0.3763722881759588,True,False,False,False,True,False,False,True,False,True,False,False,False,True,False,False,False,False,False,True,2825,0
-0.7383302444837458,1.3269811998341174,-0.9026249564293013,-1.2983007142150926,-0.8130093608962751,0.22873778401507386,0.8737153965079817,-0.9870431718275913,True,False,False,False,True,False,False,True,False,False,True,False,False,True,False,True,False,False,False,False,2826,1
2.1315171199192053,-0.3161785236309653,0.9879514205927974,0.3078432031071739,-0.21815191160595523,1.635530422561435,-0.881255270484691,1.9428496252013143,False,True,False,False,True,False,False,True,True,False,False,False,False,False,True,False,True,False,False,False,2827,1
0.39715867053409176,-1.0945173400091623,0.9453359694713976,1.0841984821259603,0.055160970500407955,0.5301933494178656,0.191226803788609,0.6838659876661212,False,False,True,False,True,False,True,False,True,False,False,False,True,False,False,False,False,False,True,False,2828,1
0.4386587730119012,-0.9215531585917853,0.565671041298927,0.9050395715831634,0.9796016011542834,0.6306785378854628,1.003713223692624,0.8115048817941131,False,False,True,True,False,False,True,False,False,True,False,False,False,True,False,True,False,False,False,False,2829,1
1.994336225617558,-0.3161785236309653,-0.5190858963367034,0.35184714604750994,-0.8813375814228659,0.12825259554747662,0.41872300136173324,0.225526322388332,False,True,False,False,True,True,False,False,False,False,False,True,True,False,False,False,False,True,False,False,2830,0
-0.6778092617036072,0.37567820203854324,0.9182170460305068,-0.345929663434962,0.49326544328854893,0.3292229724826711,-0.26376559135763944,0.3763722881759588,True,False,False,False,True,True,False,False,False,False,False,True,True,False,False,False,False,False,True,False,2831,0
-0.9170112412632024,0.8945707462906747,-1.131198739716809,-0.9054083665335206,-1.1506311564394296,-0.17320296985531508,-0.49126178893076367,-1.2307174242537577,True,False,False,False,True,False,False,True,False,False,False,True,False,False,True,False,False,True,False,False,2832,0
2.382823296034828,-1.4404457028439166,0.8407344076279618,1.4016554990526706,0.9273506089868905,-0.2736881583229123,-0.39376341854228186,-0.9348272605934128,False,True,False,False,True,True,False,False,False,True,False,False,True,False,False,False,False,True,False,False,2833,0
-1.056497696813617,-1.6998919749699823,0.9840772886726701,1.69396740572776,0.8469644671909013,0.02776740707987939,-0.8162563568923697,-1.0856732263810396,True,False,False,False,True,False,False,True,False,False,True,False,False,False,True,True,False,False,False,False,2834,1
0.5372215163966981,0.9810528369993632,-1.7588081107774238,-0.999702529977098,-1.0702450146434406,0.12825259554747662,-0.6862585297077273,-0.6969547760821551,False,False,True,False,True,False,True,False,True,False,False,False,False,False,True,False,False,True,False,False,2835,1
-0.8317054750588166,-1.6998919749699823,1.0538116632349606,1.687681128164855,1.0519491287706737,0.5301933494178656,-0.9137547272808515,-0.9232237247635954,True,False,False,False,True,True,False,False,False,True,False,False,False,True,False,False,False,True,False,False,2836,0
-0.7354482929227868,-1.180999430717851,1.2707630507620866,1.1942083394768004,0.18779810446379008,-0.575143723725704,0.5812202853425362,0.6374518443468514,True,False,False,False,True,False,False,True,False,False,True,False,True,False,False,False,True,False,False,False,2837,0
-0.6927954098205938,0.4621602927472318,0.15501305776543833,-0.47479835347451765,-1.6450059284847631,-0.8765992891284957,-0.4587623321346031,-0.23861511080436593,True,False,False,False,True,True,False,False,True,False,False,False,False,True,False,False,False,False,True,False,2838,0
1.8882804081742675,1.1540170184167404,0.5153073263372727,-1.1568594690497267,0.93136991607669,-0.7761141006608985,0.8087164829156605,-0.7607742231461511,False,True,False,False,True,False,False,True,False,False,True,False,False,True,False,False,False,False,False,True,2839,0
2.4064552988346923,-0.9215531585917853,0.6005382285800722,0.9490435145234994,0.8831382309990964,-0.3741733467905095,-0.0037699369883546193,-0.5345052744647109,False,True,False,False,True,True,False,False,False,True,False,False,False,False,True,False,False,False,False,True,2840,0
0.44845740831916164,1.0675349277080517,0.08140455128302056,-1.027990779010171,-1.4560984952641884,-0.8765992891284957,-0.4587623321346031,-0.7375671514865162,False,False,True,False,True,False,False,True,False,True,False,False,True,False,False,False,False,False,True,False,2841,0
-1.1896438589299219,0.5486423834559204,-0.1045537808830875,-0.5722356556995475,-0.24628706123455144,-0.977084477596093,5.001146409620379,-0.6621441685927028,True,False,False,False,True,False,True,False,False,False,True,False,False,False,True,True,False,False,False,False,2842,1
-0.5723298345725086,1.3269811998341174,-0.2788897172888138,-1.3737360449699545,-0.35480835265913685,-0.977084477596093,0.32122463097325143,-0.29083102203854444,True,False,False,False,True,False,True,False,True,False,False,False,False,True,False,False,True,False,False,False,2843,1
-0.878969480658544,-1.180999430717851,0.28285941112963764,1.1784926455695375,0.6178639630723322,0.4297081609502683,0.7762170261194999,-1.056664386806496,True,False,False,True,False,False,True,False,False,False,False,True,False,False,True,False,False,False,True,False,2844,1
-0.9187404121997778,-1.6998919749699823,0.8213637480273256,1.6782517118204971,1.2850689399790423,-0.07271778138771784,-0.9462541840770121,-0.15739035999564377,True,False,False,True,False,False,True,False,False,False,False,True,False,True,False,True,False,False,False,False,2845,0
-1.1193242408425228,0.8945707462906747,-0.3602464876114861,-0.8739769787189948,-1.7294113773705517,-0.977084477596093,-0.3287645049499607,-1.1785015130195793,True,False,False,False,True,True,False,False,True,False,False,False,False,True,False,False,True,False,False,False,2846,0
-0.6357327689136062,-1.6998919749699823,1.2320217315608142,1.7222556547608332,1.0479298216808743,-0.07271778138771784,-0.4262628753384425,-0.4068663803367189,True,False,False,False,True,False,False,True,False,False,True,False,False,True,False,False,False,False,True,False,2847,1
-0.6178646692356605,1.1540170184167404,0.9724548929122884,-1.2008634119900627,0.43297583694155706,0.5301933494178656,-0.9787536408731727,-0.4938928990603498,True,False,False,False,True,False,True,False,False,False,True,False,False,False,True,False,False,True,False,False,2848,0
-0.5527325639579875,-0.48914270504834245,0.0542856278421298,0.46500014217980273,0.5776708921743375,-0.47465853525810675,0.32122463097325143,-1.1030785301257657,True,False,False,False,True,True,False,False,False,False,False,True,False,True,False,False,False,False,True,False,2849,0
2.3920455410298973,-0.575624795757031,-0.2866379811290683,0.581296277093548,0.7866748608439095,-0.575143723725704,0.191226803788609,-0.9174219568486867,False,True,False,False,True,False,True,False,False,False,True,False,False,True,False,True,False,False,False,False,2850,1
-0.10430090107277047,1.413463290542806,1.1894062804394145,-1.4554576532877215,-2.2117282281464865,0.8316489148206573,-0.9462541840770121,-0.8303954381250558,False,False,True,False,True,True,False,False,False,True,False,False,False,True,False,False,False,True,False,False,2851,0
-0.9475599278093676,-0.48914270504834245,0.41070576449383694,0.5341491953717594,-0.15786230525896336,-0.17320296985531508,0.1262278901962878,-0.05295853752728675,True,False,False,False,True,False,False,True,True,False,False,False,True,False,False,False,False,True,False,False,2852,0
0.17928313252559314,1.6729095626688717,0.45719534753536395,-1.631473425049066,-0.1618816123487628,-0.575143723725704,-0.7837569000962091,-0.3778575407621753,False,False,True,False,True,False,False,True,False,True,False,False,True,False,False,False,True,False,False,False,2853,0
2.4058789085225003,-0.6621068864657196,-0.2401483980875413,0.6975924120072934,-0.1337464627201666,1.133104480223449,-0.16626722096915764,-0.952232564338139,False,True,False,False,True,False,False,True,False,False,False,True,True,False,False,False,False,True,False,False,2854,1
-0.6835731648255252,-0.3161785236309653,-0.47647044521530363,0.28584123163700587,0.6942307977785219,-0.47465853525810675,-0.3287645049499607,2.8015112766078056,True,False,False,False,True,True,False,False,False,False,False,True,True,False,False,False,False,False,False,True,2855,0
-0.9884836399749851,-0.3161785236309653,-0.9762334629117191,0.2732686765111956,-0.7567390616390827,-0.8765992891284957,-0.26376559135763944,0.8695225609432004,True,False,False,False,True,False,False,True,False,False,False,True,False,False,True,False,False,True,False,False,2856,0
2.215093715187016,0.5486423834559204,1.2242734677205598,-0.5628062393551898,-1.5766777079581722,0.02776740707987939,-0.9137547272808515,0.2835440015374192,False,True,False,False,True,False,True,False,False,True,False,False,False,True,False,False,True,False,False,False,2857,0
-0.3435028806323656,1.1540170184167404,-0.07356072552206949,-1.1788614405198947,0.6821728765091235,-0.8765992891284957,-0.8487558136885304,0.8289101855388393,True,False,False,False,True,True,False,False,False,True,False,False,True,False,False,False,False,False,True,False,2858,1
0.04440779947271293,-0.4026606143396539,-0.18203641928563252,0.433568754365277,0.27220355334957874,-0.07271778138771784,-0.7187579865038879,0.3763722881759588,False,False,True,False,True,False,False,True,False,True,False,False,True,False,False,False,True,False,False,False,2859,1
2.0952045302511224,-0.8350710678830967,0.8562309353084708,0.8390336571726593,0.45709167948035384,-0.07271778138771784,-0.7187579865038879,-0.511298202805076,False,True,False,False,True,False,False,True,False,False,False,True,True,False,False,True,False,False,False,False,2860,0
-0.7337191219862115,0.37567820203854324,1.1041753781966148,-0.34278652465350945,0.3324931596965706,0.22873778401507386,-0.8162563568923697,0.730280130985391,True,False,False,False,True,False,True,False,False,False,True,False,False,True,False,False,False,True,False,False,2861,0
0.24153328624230697,0.2891961113298547,-0.9917299905922281,-0.24849236120993215,-0.2904994392223455,-0.47465853525810675,-0.03626939378451522,-0.15739035999564377,False,False,True,False,True,False,False,True,False,False,True,False,False,False,True,False,True,False,False,False,2862,0
0.015588283863123146,0.2027140206211661,-0.34474995993097707,-0.2139178346139538,-0.9335885735902588,-0.3741733467905095,-0.7187579865038879,0.06887858868579645,False,False,True,False,True,True,False,False,False,False,True,False,True,False,False,False,False,False,False,True,2863,0
0.09109541476024831,-1.6134098842612938,1.0615599270752152,1.634247768880161,0.9956788295134813,-0.8765992891284957,1.003713223692624,-0.20960627122982228,False,False,True,False,True,True,False,False,True,False,False,False,False,True,False,False,True,False,False,False,2864,0
-0.9072126059559419,-0.48914270504834245,1.2978819742029775,0.4807158360870656,0.07927681303920471,-0.7761141006608985,4.741150755251094,-0.05295853752728675,True,False,False,False,True,True,False,False,False,True,False,False,True,False,False,False,False,False,True,False,2865,0
2.2398784986112625,-0.7485889771744081,-0.3060086407297046,0.7730277427621552,1.256933790350446,-0.3741733467905095,-0.16626722096915764,-0.7143600798268813,False,True,False,False,True,False,False,True,True,False,False,False,True,False,False,False,False,True,False,False,2866,0
-0.08009250796071496,1.0675349277080517,-0.2788897172888138,-1.0845672770763175,1.064007050040072,0.4297081609502683,0.1262278901962878,-0.3256416295279968,False,False,True,False,True,False,False,True,False,True,False,False,False,False,True,False,False,False,True,False,2867,1
0.39139476741217394,-1.0080352493004738,0.23249569616798335,1.0024768738081933,0.2360297895413836,0.12825259554747662,-0.5887601593192455,-1.0682679226363134,False,False,True,False,True,False,False,True,False,True,False,False,True,False,False,False,True,False,False,False,2868,1
2.321149532630306,-1.180999430717851,0.8523568033883435,1.153347535317917,1.1845862627340558,0.4297081609502683,-0.29626504815380006,1.3974834411998942,False,True,False,False,True,True,False,False,False,False,False,True,False,True,False,False,False,False,True,False,2869,0
-0.8472680134879952,0.2027140206211661,0.8097413522669438,-0.20448841826959607,0.7103080261377197,-0.6756289121933012,-0.9137547272808515,-0.46488405948580613,True,False,False,False,True,True,False,False,False,True,False,False,False,False,True,False,False,False,True,False,2870,0
2.3286426066887995,0.6351244741646089,1.274637182682214,-0.6822455130503877,-0.77683559708808,-0.8765992891284957,1.4587056188388725,0.8057031138792043,False,True,False,False,True,False,False,True,False,False,True,False,False,True,False,False,False,True,False,False,2871,1
-0.4374545015196284,1.6729095626688717,0.12402000240442032,-1.6440459801748761,0.8630416955500991,-0.2736881583229123,-0.26376559135763944,-1.0798714584661309,True,False,False,False,True,False,True,False,True,False,False,False,True,False,False,False,False,False,True,False,2872,0
2.4139483728931856,-1.180999430717851,0.7477552415449078,1.2036377558211582,0.9996981366032808,1.3340748571586434,0.4837219149540545,-0.05876030544219547,False,True,False,False,True,False,False,True,True,False,False,False,True,False,False,False,False,True,False,False,2873,0
2.2185520570601667,1.3269811998341174,-1.2125555100394814,-1.310873269340903,0.9394085302562889,0.9321341032882544,0.2887251741770908,-1.1436909055301268,False,True,False,False,True,False,True,False,False,True,False,False,True,False,False,False,False,False,False,True,2874,0
0.1625678134720309,1.1540170184167404,-1.2939122803621537,-1.1411437751424638,-1.3314999754804053,-0.977084477596093,-0.9787536408731727,0.7534872026450259,False,False,True,False,True,False,True,False,False,False,False,True,False,False,True,False,False,True,False,False,2875,1
0.18158869377436027,-1.353963612135228,0.3525937856919282,1.3136476131719983,1.0318525933216764,-0.6756289121933012,2.238692581946727,0.005059141621800489,False,False,True,False,True,False,True,False,False,False,False,True,False,False,True,False,False,False,False,True,2876,0
-0.6737745295182647,-0.0567322515048996,1.011196212113561,0.03753326790225232,-0.4030400377367303,-0.977084477596093,-0.4587623321346031,-0.2618221824640008,True,False,False,False,True,True,False,False,True,False,False,False,False,True,False,False,False,False,False,True,2877,1
-0.698559312942512,0.9810528369993632,-1.1583176631577,-1.0028456687585505,0.4972847503783484,-0.8765992891284957,6.041129027097519,-0.7723777589759685,True,False,False,False,True,False,True,False,False,True,False,False,False,False,True,True,False,False,False,False,2878,0
0.20637347719860746,-0.9215531585917853,0.8794757268292344,0.8861807388944479,-0.033263785475180135,-0.7761141006608985,-0.39376341854228186,0.7650907384748433,False,False,True,False,True,True,False,False,True,False,False,False,True,False,False,False,True,False,False,False,2879,1
-1.0219142780821093,0.9810528369993632,-1.6890737362151333,-0.9525554482553092,-1.4199247314559933,-0.7761141006608985,-0.7837569000962091,-0.6853512402523376,True,False,False,False,True,False,True,False,False,False,False,True,False,False,True,False,False,True,False,False,2880,0
1.9061485078522133,0.4621602927472318,0.8639791991487253,-0.42450813297127643,0.7344238686765164,2.841352684172602,0.6787186557310181,-0.05876030544219547,False,True,False,True,False,True,False,False,False,True,False,False,True,False,False,False,True,False,False,False,2881,1
-0.745823318542239,-0.0567322515048996,0.9492101013915248,0.06896465571677808,0.23201048245158415,4.147660134251366,0.4837219149540545,-0.952232564338139,True,False,False,False,True,True,False,False,False,False,True,False,False,False,True,False,False,True,False,False,2882,0
-0.1140995363800309,0.9810528369993632,0.550174513618418,-0.9808436972883825,1.3413392392362347,1.7360156110290323,-0.6537590729115668,-0.7143600798268813,False,False,True,False,True,False,True,False,False,False,True,False,False,False,True,True,False,False,False,False,2883,0
-0.7729136632152536,1.413463290542806,-0.27114145344855933,-1.4460282369433637,-1.9263574247707251,-0.17320296985531508,-0.6862585297077273,-0.7607742231461511,True,False,False,False,True,False,True,False,True,False,False,False,False,False,True,True,False,False,False,False,2884,0
-0.599420179245523,-0.7485889771744081,-0.3989878068127586,0.7573120488548923,0.6942307977785219,0.73116372635306,1.0687121372849453,-1.375761622126476,True,False,False,False,True,False,False,True,True,False,False,False,True,False,False,False,False,True,False,False,2885,1
-0.9412196343752579,1.1540170184167404,-1.9215216514227684,-1.147430052705369,-1.1546504635292292,1.5350452340938379,0.0937284334001272,0.3763722881759588,True,False,False,False,True,False,True,False,True,False,False,False,False,True,False,True,False,False,False,False,2886,0
-0.016689573619617547,-0.48914270504834245,0.8252378799474528,0.4964315299943285,0.04712235632080904,-0.7761141006608985,-0.29626504815380006,0.5156147181337682,False,False,True,False,True,False,False,True,True,False,False,False,True,False,False,False,False,False,False,True,2887,0
-0.055307724536467755,-0.0567322515048996,0.30223007073027386,0.06896465571677808,0.3405317738761695,-0.977084477596093,-0.5562607025230849,1.8384178027329572,False,False,True,True,False,True,False,False,False,False,True,False,True,False,False,False,False,True,False,False,2888,0
2.045634963402628,0.7216065648732976,0.41457989641396414,-0.7042474845205557,-1.2350366053252182,-0.977084477596093,-0.5887601593192455,-0.8594042776995994,False,True,False,False,True,False,True,False,False,False,True,False,False,True,False,False,False,False,True,False,2889,1
0.24326245717888242,0.8945707462906747,-0.2169036065667778,-0.8834063950633526,1.168509034374858,-0.7761141006608985,0.191226803788609,-1.0102502434872263,False,False,True,False,True,False,False,True,False,False,False,True,True,False,False,False,False,True,False,False,2890,0
0.11069268537476937,-1.353963612135228,1.2823854465224684,1.360794694893787,0.8670610026398986,-0.7761141006608985,0.1587273469924484,0.31835460902687157,False,False,True,False,True,False,False,True,False,False,True,False,True,False,False,False,True,False,False,False,2891,0
2.0998156527486564,0.2891961113298547,-0.3215051684102136,-0.323927691964794,-0.33471181721013954,1.0326192917558517,-0.8487558136885304,0.4459935031548635,False,True,False,False,True,False,True,False,False,False,False,True,True,False,False,False,False,False,True,False,2892,0
-0.7291079994886771,0.8945707462906747,0.1976285088868381,-0.9274103380036887,-0.6321405418552994,0.4297081609502683,-0.4587623321346031,0.016662677451617938,True,False,False,False,True,False,False,True,True,False,False,False,True,False,False,False,True,False,False,False,2893,0
-0.746399708854431,1.413463290542806,0.06590802360251155,-1.4554576532877215,-1.0983801642720368,-0.2736881583229123,0.45122245815789386,0.4459935031548635,True,False,False,False,True,False,False,True,False,False,False,True,False,False,True,True,False,False,False,False,2894,0
-0.8553374778586803,0.9810528369993632,-1.8440390130202233,-0.961984864599667,-1.4922722590723836,0.73116372635306,-0.9787536408731727,1.0203685267308271,True,False,False,False,True,True,False,False,True,False,False,False,True,False,False,True,False,False,False,False,2895,1
-0.8466916231758034,1.0675349277080517,0.5153073263372727,-1.0719947219505073,-0.2904994392223455,-0.3741733467905095,-0.19876667776531826,-0.23281334288945718,True,False,False,False,True,False,True,False,False,True,False,False,True,False,False,False,False,False,True,False,2896,1
-0.6714689682694975,-0.22969643292227673,1.1274201697173785,0.20411962331923889,0.3606283093251668,-0.6756289121933012,0.2237262605847696,0.06307682077088773,True,False,False,False,True,True,False,False,False,True,False,False,False,True,False,False,False,True,False,False,2897,1
-0.6380383301623733,-1.6134098842612938,1.0228186078739425,1.6311046300987087,0.8107907033827062,-0.17320296985531508,-0.3287645049499607,1.4671046561787988,True,False,False,False,True,False,True,False,True,False,False,False,True,False,False,True,False,False,False,False,2898,0
-0.07087026296564622,-0.9215531585917853,0.6780208669826172,0.9364709593976892,-0.13776576980996605,-0.8765992891284957,1.751200730004318,0.4401917352399548,False,False,True,False,True,False,True,False,False,False,False,True,False,True,False,False,True,False,False,False,2899,1
1.9297805106520767,0.6351244741646089,0.04266323208174805,-0.6476709864544093,-1.6329480072153646,-0.8765992891284957,1.166210507673427,-0.6041264894436156,False,True,False,True,False,True,False,False,False,False,False,True,True,False,False,False,False,False,True,False,2900,1
-0.5596492477042891,0.2891961113298547,-0.728289020023575,-0.23906294486557442,-0.14580438398956497,-0.8765992891284957,-0.3612639617461213,-0.8594042776995994,True,False,False,False,True,False,False,True,False,False,False,True,False,True,False,False,False,False,True,False,2901,0
0.02999804166791804,1.5864274719601832,-0.35637235569135883,-1.578040065764372,-1.6570638497541614,2.439411930302213,-0.0037699369883546193,2.0820920551591238,False,False,True,True,False,True,False,False,False,False,True,False,True,False,False,False,False,False,True,False,2902,0
2.176475564270165,0.8080886555819861,-1.4333810294867346,-0.8205436194343011,-1.4400212669049908,-0.7761141006608985,1.913698013985121,1.0667826700500969,False,True,False,False,True,False,True,False,False,True,False,False,True,False,False,False,False,True,False,False,2903,0
0.09109541476024831,-1.0080352493004738,0.19375437696671086,0.989904318682383,0.7464817899459149,-0.977084477596093,-0.16626722096915764,-0.6099282573585243,False,False,True,False,True,True,False,False,False,True,False,False,False,True,False,False,False,True,False,False,2904,1
2.5885946374872995,-0.3161785236309653,1.1894062804394145,0.3235588970144368,0.7947134750235083,0.4297081609502683,0.191226803788609,-0.18059743165527867,False,True,False,False,True,False,False,True,False,True,False,False,False,True,False,False,True,False,False,False,2905,1
-0.6040313017430574,1.240499109125429,1.2630147869218322,-1.2417242161489463,0.5535550496355408,4.650086076589352,0.32122463097325143,-0.5054964348901673,True,False,False,False,True,True,False,False,False,False,False,True,False,True,False,True,False,False,False,False,2906,1
-0.4265030855879843,0.029749839203788972,0.9375877056311431,-0.047331479196967244,-1.3194420542110068,-0.2736881583229123,-0.23126613456147885,-1.1552944413599442,True,False,False,False,True,True,False,False,False,False,False,True,False,True,False,True,False,False,False,False,2907,0
2.233538205177153,-0.0567322515048996,0.9918255525129246,0.034390129120799744,0.15564364774539444,-0.17320296985531508,-0.881255270484691,0.21392278655851454,False,True,False,True,False,False,True,False,False,False,True,False,False,True,False,False,True,False,False,False,2908,1
0.6000480604256041,1.413463290542806,0.7283845819442716,-1.4460282369433637,-0.5356771717001124,-0.3741733467905095,-0.7187579865038879,-1.184303280934488,False,False,True,False,True,False,False,True,False,False,False,True,True,False,False,False,False,False,False,True,2909,0
-0.6668578457719632,1.413463290542806,-2.289564183834857,-1.4365988205990061,-2.2880950628526766,-0.07271778138771784,0.41872300136173324,-0.3082363257832706,True,False,False,False,True,True,False,False,False,False,False,True,True,False,False,False,False,False,True,False,2910,0
-0.712392680435115,-1.0080352493004738,0.003921912880475532,0.9647592084307623,0.8148100104725057,-0.07271778138771784,0.9387143101003029,-0.4010646124218102,True,False,False,False,True,True,False,False,False,False,True,False,False,True,False,False,True,False,False,False,2911,1
-0.7112398998107313,0.4621602927472318,-0.4299808621737766,-0.4433669656599919,-0.5718509355083076,-0.7761141006608985,-0.5562607025230849,1.1422056529439104,True,False,False,False,True,False,True,False,False,True,False,False,True,False,False,False,False,False,False,True,2912,1
0.15161639754038692,-1.4404457028439166,0.7748741649857985,1.4016554990526706,0.6741342623295246,-0.6756289121933012,-0.29626504815380006,-0.11097621667637399,False,False,True,False,True,False,False,True,True,False,False,False,True,False,False,False,False,False,False,True,2913,1
-0.7141218513716904,-1.0945173400091623,0.17438371736607458,1.1344887026292014,1.0157753649624786,-0.7761141006608985,-0.39376341854228186,-0.7723777589759685,True,False,False,False,True,False,False,True,False,False,True,False,True,False,False,False,False,False,True,False,2914,0
-0.9112473381412846,0.37567820203854324,-1.2280520377199904,-0.3647884961236775,-0.43921380154492545,0.8316489148206573,0.6462191989348575,-0.19220096748509613,True,False,False,False,True,False,False,True,False,True,False,False,True,False,False,False,True,False,False,False,2915,0
-0.5798229086310019,-0.22969643292227673,0.9453359694713976,0.1978333457563337,0.4450337582109554,-0.8765992891284957,-0.3287645049499607,-0.5054964348901673,True,False,False,False,True,False,True,False,True,False,False,False,False,False,True,False,False,False,False,True,2916,0
2.064079453392765,0.2891961113298547,0.9259653098707613,-0.29878258171317335,-0.025225171295581217,-0.7761141006608985,0.2237262605847696,-0.72016184774179,False,True,False,True,False,False,True,False,False,False,True,False,False,True,False,False,False,False,True,False,2917,1
-0.4904824102412736,-1.2674815214265396,0.32934899417116464,1.2979319192647354,1.1845862627340558,1.5350452340938379,-0.13376776417299704,0.602641236857399,True,False,False,False,True,True,False,False,False,False,False,True,True,False,False,False,False,False,True,False,2918,0
-0.7366010735471704,-0.8350710678830967,0.5036849305768909,0.8076022693581335,0.5173812858273457,1.635530422561435,-0.7512574433000485,3.3816880680986783,True,False,False,False,True,False,False,True,False,False,True,False,True,False,False,False,False,False,True,False,2919,0
2.2462187920453722,-1.180999430717851,0.3487196537718009,1.197351478258253,1.124296656387064,-0.2736881583229123,-0.7512574433000485,-1.3235457108922972,False,True,False,False,True,True,False,False,True,False,False,False,True,False,False,False,True,False,False,False,2920,1
0.22827630906189564,0.029749839203788972,-0.945240407550701,-0.01590009138244148,0.4771882149293511,3.4442638149781852,0.41872300136173324,0.6374518443468514,False,False,True,False,True,True,False,False,False,False,True,False,False,True,False,True,False,False,False,False,2921,1
-0.7850178597712812,0.8080886555819861,-1.1234504758765547,-0.8299730357786588,1.0077367507828796,0.02776740707987939,0.2237262605847696,-1.1668979771897618,True,False,False,False,True,False,True,False,False,True,False,False,False,True,False,False,False,False,False,True,2922,1
-0.6420730623477159,0.5486423834559204,-1.0537161013142642,-0.5188022964148538,-1.7816623695379445,-0.6756289121933012,-0.9137547272808515,-1.0102502434872263,True,False,False,False,True,False,False,True,True,False,False,False,False,False,True,False,False,False,True,False,2923,0
0.1983040128279223,-0.48914270504834245,1.3327491614841227,0.4838589748685182,1.2529144832606467,1.5350452340938379,-0.3287645049499607,0.4633988068995897,False,False,True,False,True,True,False,False,False,False,True,False,True,False,False,True,False,False,False,False,2924,0
2.1995311767578376,-1.0080352493004738,0.0620338916823843,0.989904318682383,0.06319958468000687,-0.47465853525810675,-0.9137547272808515,-1.1320873697003093,False,True,False,False,True,False,False,True,False,False,False,True,False,True,False,False,True,False,False,False,2925,0
-0.47376709118771154,1.0675349277080517,-1.5728497786113158,-1.0625653056061495,0.07123819885960579,-0.3741733467905095,0.8737153965079817,-1.1785015130195793,True,False,False,False,True,False,True,False,True,False,False,False,False,True,False,False,False,False,False,True,2926,0
-0.3377389775104478,-1.180999430717851,0.49593666673663644,1.175349506788085,1.0841035854890693,-0.7761141006608985,2.5311876931121726,-1.0740696905512221,True,False,False,False,True,True,False,False,False,False,True,False,False,False,True,False,False,False,False,True,2927,1
0.2864917305932671,1.0675349277080517,-0.2401483980875413,-1.0719947219505073,-0.23824844705495252,1.7360156110290323,-0.9137547272808515,-0.9638361001679564,False,False,True,False,True,False,True,False,True,False,False,False,False,True,False,False,False,True,False,False,2928,1
-0.9089417768925174,-1.2674815214265396,0.24799222384849237,1.2476416987614942,0.40885999440276033,0.8316489148206573,-0.7837569000962091,-0.9754396359977738,True,False,False,False,True,False,False,True,True,False,False,False,False,True,False,False,True,False,False,False,2929,0
2.1816630770798917,1.1540170184167404,-1.6619548127742425,-1.1662888853940845,-0.5035227149817167,-0.6756289121933012,-0.6537590729115668,0.30675107319705414,False,True,False,False,True,False,False,True,False,False,False,True,False,False,True,True,False,False,False,False,2930,0
-0.5809756892553856,0.2027140206211661,-0.836764713787138,-0.22963352852121668,0.8670610026398986,0.6306785378854628,-0.8487558136885304,-0.9928449397425,True,False,False,False,True,False,False,True,False,True,False,False,False,True,False,False,False,False,False,True,2931,1
-0.15848159041879936,-1.6134098842612938,1.1351684335576329,1.5776712708140148,1.2529144832606467,-0.977084477596093,-0.49126178893076367,-0.7375671514865162,False,False,True,False,True,True,False,False,False,False,False,True,False,False,True,False,False,False,False,True,2932,0
0.22251240593997781,-0.6621068864657196,1.2552665230815776,0.6975924120072934,-0.06943754928337526,0.4297081609502683,-0.881255270484691,1.380078137455168,False,False,True,False,True,True,False,False,False,False,False,True,True,False,False,False,True,False,False,False,2933,0
0.2438388474910741,0.2027140206211661,-1.3520242591640623,-0.20448841826959607,0.6741342623295246,-0.575143723725704,-0.5562607025230849,0.4227864314952286,False,False,True,False,True,True,False,False,False,False,True,False,False,False,True,False,False,False,False,True,2934,1
0.2761167049738148,0.5486423834559204,-1.3985138422055894,-0.5565199617922846,-1.7012762277419555,-0.3741733467905095,-0.5887601593192455,-0.7317653835716075,False,False,True,False,True,False,True,False,False,False,False,True,False,True,False,False,True,False,False,False,2935,0
-0.8040387400736105,-1.180999430717851,0.20150264080696534,1.1816357843509901,0.8389258530113024,-0.977084477596093,-0.5887601593192455,-0.5170999707199847,True,False,False,False,True,True,False,False,False,False,True,False,True,False,False,False,True,False,False,False,2936,0
-1.020185107145534,0.7216065648732976,-1.437255161406862,-0.7231063172092712,0.8590223884602997,0.12825259554747662,-0.9462541840770121,1.4961134957533426,True,False,False,False,True,True,False,False,False,True,False,False,False,False,True,True,False,False,False,False,2937,1
2.360344073859348,-1.353963612135228,1.1080495101167422,1.354508417330882,0.6419798056111289,-0.17320296985531508,-0.16626722096915764,-0.5635141140392544,False,True,False,False,True,True,False,False,True,False,False,False,True,False,False,False,False,False,False,True,2938,0
-0.14810656479934706,0.37567820203854324,0.06590802360251155,-0.34278652465350945,-0.6200826205859011,-0.2736881583229123,-0.9462541840770121,-0.551910578209437,False,False,True,False,True,False,False,True,False,False,True,False,True,False,False,False,False,True,False,False,2939,0
-0.8755111387853931,0.6351244741646089,-1.2667933569212628,-0.6602435415802197,-1.1667083847986275,-0.7761141006608985,-0.03626939378451522,-0.12257975250619144,True,False,False,False,True,False,True,False,True,False,False,False,False,False,True,False,False,True,False,False,2940,0
0.22769991874970397,1.4999453812514947,-0.3873654110523769,-1.4680302084135317,1.3132040896076385,-0.6756289121933012,0.2887251741770908,-1.0102502434872263,False,False,True,False,True,True,False,False,False,False,True,False,True,False,False,True,False,False,False,False,2941,0
-0.5642603702018235,0.7216065648732976,0.6935173946631262,-0.7136769008649134,0.678153569419324,-0.8765992891284957,0.2887251741770908,-1.2191138884239403,True,False,False,False,True,True,False,False,False,False,False,True,False,True,False,True,False,False,False,False,2942,0
1.942461097520296,-0.48914270504834245,-0.3137569045699591,0.515290362683044,-0.2020746832467574,-0.977084477596093,0.32122463097325143,2.0994973589038497,False,True,False,False,True,False,True,False,False,True,False,False,True,False,False,False,False,True,False,False,2943,0
0.03691472541421944,1.5864274719601832,-2.146221302790149,-1.5434655391683936,-2.3765198188282644,0.22873778401507386,-0.3612639617461213,-0.8826113493592342,False,False,True,False,True,False,True,False,True,False,False,False,False,False,True,True,False,False,False,False,2944,1
-0.6795384326401827,1.4999453812514947,-2.316683107275748,-1.4868890411022473,-1.2872875974926112,-0.8765992891284957,0.32122463097325143,0.48080411064431583,True,False,False,False,True,False,True,False,False,False,False,True,True,False,False,True,False,False,False,False,2945,0
0.28879729184203423,0.5486423834559204,-1.62321349357297,-0.5690925169180949,-0.4552910299041233,0.8316489148206573,-0.39376341854228186,-0.7897830627206947,False,False,True,False,True,False,True,False,True,False,False,False,False,False,True,False,False,False,True,False,2946,0
-0.8979903609608731,-0.6621068864657196,-0.4338549940939039,0.6473021915040521,0.9916595224236818,1.133104480223449,-0.6212596161154061,-0.6215317931883417,True,False,False,False,True,False,False,True,True,False,False,False,False,True,False,False,False,False,False,True,2947,0
1.9781972968761876,0.4621602927472318,1.2630147869218322,-0.427651271752729,0.16368226192499333,-0.6756289121933012,-0.7187579865038879,0.02246444536652666,False,True,False,True,False,False,False,True,False,False,False,True,True,False,False,False,False,True,False,False,2948,1
0.24326245717888242,0.8945707462906747,0.6005382285800722,-0.9054083665335206,-0.4713682582633211,-0.2736881583229123,-0.23126613456147885,1.107395045454458,False,False,True,True,False,True,False,False,True,False,False,False,True,False,False,False,False,True,False,False,2949,1
2.321149532630306,0.9810528369993632,1.13904256547776,-0.9431260319109516,0.9353892231664894,-0.3741733467905095,-0.8162563568923697,0.1268962678348837,False,True,False,False,True,True,False,False,False,False,False,True,False,False,True,True,False,False,False,False,2950,0
-0.44494757557812176,0.029749839203788972,0.3177265984107829,-0.03790206285260952,-0.6040053922267032,0.73116372635306,-0.19876667776531826,-0.07036384127201292,True,False,False,False,True,True,False,False,False,False,True,False,False,True,False,False,False,False,True,False,2951,0
-0.06625914046811195,-0.3161785236309653,-0.5926944028191212,0.2889843704184584,-0.3507890455693374,0.02776740707987939,-0.7837569000962091,-0.23861511080436593,False,False,True,False,True,False,True,False,True,False,False,False,False,False,True,False,False,False,False,True,2952,0
0.35911690992943324,1.1540170184167404,-0.4958411048159399,-1.1914339956457052,-0.435194494455126,-0.17320296985531508,-0.881255270484691,0.19071571489887965,False,False,True,False,True,False,False,True,False,False,True,False,False,False,True,False,False,False,False,True,2953,0
0.2052206965742239,1.1540170184167404,-2.1423471708700217,-1.1600026078311794,0.292300088798576,0.12825259554747662,0.6462191989348575,-0.511298202805076,False,False,True,True,False,True,False,False,False,False,True,False,False,False,True,False,True,False,False,False,2954,0
-0.31871809720811844,0.7216065648732976,-1.5805980424515702,-0.7608239825867021,-0.22619052578555415,-0.8765992891284957,-0.8162563568923697,1.1189985812842755,True,False,False,False,True,True,False,False,False,False,True,False,False,True,False,False,False,True,False,False,2955,0
-0.5688714926993579,0.9810528369993632,-0.2246518704070323,-0.9839868360698351,-2.1112455509015002,1.2335896686910461,0.2562257173809302,0.562028861453038,True,False,False,False,True,True,False,False,True,False,False,False,True,False,False,False,False,False,True,False,2956,0
1.9989473481150923,1.1540170184167404,0.7477552415449078,-1.1442869139239165,-2.195650999787289,-0.977084477596093,1.003713223692624,-0.7781795268908772,False,True,False,False,True,False,False,True,False,False,True,False,False,True,False,False,False,False,True,False,2957,0
-0.65302447827936,0.029749839203788972,-0.9374921437104465,0.009245018869179132,1.1886055698238553,1.2335896686910461,-0.6212596161154061,0.6374518443468514,True,False,False,True,False,False,False,True,False,False,False,True,False,False,True,False,False,False,True,False,2958,0
-0.22937759881839004,0.6351244741646089,-0.3989878068127586,-0.6068101822955259,0.7143273332275192,0.9321341032882544,-0.4262628753384425,-1.1088802980406745,False,False,True,False,True,False,False,True,False,False,True,False,False,True,False,False,False,True,False,False,2959,0
-0.9930947624725196,1.3269811998341174,-1.6464582850937335,-1.2983007142150926,-1.2229786840558199,-0.17320296985531508,-0.4262628753384425,-0.047156769612378024,True,False,False,False,True,False,False,True,False,False,False,True,False,True,False,True,False,False,False,False,2960,0
-0.5216074870996306,0.2891961113298547,-0.0077004828799062215,-0.27363747146155276,0.15162434065559496,-0.7761141006608985,-0.4587623321346031,1.002963222986101,True,False,False,False,True,False,True,False,False,False,False,True,False,True,False,False,False,False,True,False,2961,0
-0.7481288797910063,0.8945707462906747,-0.6856735689021752,-0.8771201175004474,1.1805669556442564,-0.47465853525810675,0.4837219149540545,-0.6389370969330679,True,False,False,False,True,False,False,True,True,False,False,False,True,False,False,False,False,True,False,False,2962,0
-0.8121082044442957,1.413463290542806,-1.6658289446943697,-1.414596849128838,0.018987206692212828,-0.575143723725704,0.191226803788609,0.9623508475817399,True,False,False,False,True,True,False,False,False,True,False,False,False,True,False,False,True,False,False,False,2963,1
-0.7625386375958012,0.4621602927472318,0.5230555901775272,-0.42136499418982387,-1.4279633456355922,-0.47465853525810675,-0.6537590729115668,-0.37205577284726654,True,False,False,False,True,True,False,False,True,False,False,False,False,False,True,False,False,False,False,True,2964,0
1.8900095791108429,1.240499109125429,-1.6929478681352605,-1.2102928283344205,-0.49146479371231844,-0.8765992891284957,0.6787186557310181,-1.1494926734450355,False,True,False,True,False,False,True,False,False,True,False,False,False,True,False,True,False,False,False,False,2965,1
-0.9020250931462158,0.4621602927472318,-0.29051211304919555,-0.4779414922559702,0.9876402153338824,0.4297081609502683,1.263708878061909,-0.16899389582546123,True,False,False,False,True,False,False,True,False,False,False,True,True,False,False,False,False,False,True,False,2966,0
0.34470715212463837,-0.7485889771744081,0.7632517692254168,0.7195943834774614,0.30033870297817494,-0.7761141006608985,0.7112181125271787,-0.7723777589759685,False,False,True,False,True,False,True,False,True,False,False,False,False,False,True,False,False,False,False,True,2967,0
-0.6224757917331949,1.1540170184167404,-1.286164016521899,-1.1128555261093906,0.48522682910895004,-0.17320296985531508,-0.5887601593192455,0.07468035660070517,True,False,False,False,True,False,False,True,False,True,False,False,True,False,False,True,False,False,False,False,2968,0
0.18158869377436027,-1.0945173400091623,0.38358684105294616,1.0590533718743396,0.8831382309990964,-0.47465853525810675,-0.29626504815380006,-0.3140380936981793,False,False,True,False,True,False,False,True,True,False,False,False,True,False,False,False,False,False,False,True,2969,0
0.22251240593997781,-0.9215531585917853,0.7283845819442716,0.9301846818347841,0.2882807817087766,-0.7761141006608985,-0.10126830737683644,0.8869278646879265,False,False,True,False,True,False,True,False,False,True,False,False,False,False,True,False,True,False,False,False,2970,0
-0.77176088259087,1.0675349277080517,-0.3524982237712316,-1.1034261097650329,-0.8813375814228659,-0.6756289121933012,0.06122897660396659,-0.8071883664654209,True,False,False,False,True,True,False,False,False,False,True,False,False,False,True,True,False,False,False,False,2971,1
-0.02014791549276825,0.7216065648732976,-0.635309853940521,-0.7073906233020083,-1.1345539280802317,-0.3741733467905095,-0.23126613456147885,2.221334485116933,False,False,True,False,True,False,False,True,False,True,False,False,False,True,False,False,True,False,False,False,2972,0
-0.8415041103660772,0.4621602927472318,-0.8871284287487923,-0.4150787166269187,-1.0340712508352454,1.0326192917558517,2.8561822610737786,-0.11677798459128272,True,False,False,False,True,False,False,True,False,True,False,False,False,False,True,False,False,True,False,False,2973,0
2.068114185578108,-0.6621068864657196,0.17825784928620184,0.6755904405371254,0.9112733806276927,0.02776740707987939,0.1262278901962878,0.10949096409015752,False,True,False,False,True,False,True,False,False,False,False,True,False,False,True,True,False,False,False,False,2974,0
-0.45244064963661507,1.6729095626688717,-2.099731719748622,-1.6880499231152122,-1.8218554404359393,1.0326192917558517,0.41872300136173324,0.6896677555810299,True,False,False,False,True,False,True,False,False,False,True,False,False,False,True,False,False,False,False,True,2975,1
-0.687031506698676,-0.575624795757031,-0.5733237432184849,0.581296277093548,1.0479298216808743,-0.47465853525810675,-0.4587623321346031,-1.161096209274853,True,False,False,False,True,True,False,False,False,False,False,True,True,False,False,False,False,False,True,False,2976,0
-0.7089343385619642,1.1540170184167404,0.5424262497781634,-1.1505731914868216,1.281049632889243,-0.07271778138771784,0.1587273469924484,-0.6273335611032504,True,False,False,False,True,False,False,True,False,True,False,False,False,True,False,False,False,True,False,False,2977,0
-0.125627342623867,0.37567820203854324,1.3327491614841227,-0.3805041900309403,-0.6843915340226925,-0.07271778138771784,1.8811985571889605,5.592161643678902,False,False,True,False,True,True,False,False,False,True,False,False,False,False,True,True,False,False,False,False,2978,1
-0.5999965695577149,-1.2674815214265396,0.3952092368133279,1.2696436702316622,0.5736515850845382,-0.7761141006608985,-0.7837569000962091,0.3241563769417803,True,False,False,False,True,False,True,False,False,False,False,True,False,False,True,False,False,False,True,False,2979,1
0.014435503238739373,0.2027140206211661,1.212651071960178,-0.17934330801797546,-0.2704029037733482,-0.6756289121933012,0.1587273469924484,1.8906337139671359,False,False,True,False,True,False,True,False,False,True,False,False,False,True,False,False,False,False,False,True,2980,0
-0.6582119910890861,0.37567820203854324,-1.0149747821129915,-0.4087924390640135,0.46513029365995273,-0.17320296985531508,-0.19876667776531826,-0.7839812948057859,True,False,False,False,True,True,False,False,False,True,False,False,False,False,True,False,True,False,False,False,2981,0
0.13490107848682467,0.6351244741646089,0.20925090464721985,-0.6728160967060299,-1.733430684460351,-0.3741733467905095,-0.19876667776531826,-0.3546504691025404,False,False,True,False,True,False,False,True,False,False,False,True,False,False,True,False,False,False,False,True,2982,1
0.015588283863123146,-1.353963612135228,0.9647066290720339,1.3922260827083128,1.3011461683382401,-0.575143723725704,-0.881255270484691,-0.888413117274143,False,False,True,False,True,False,False,True,False,True,False,False,True,False,False,False,False,False,True,False,2983,0
-0.6409202817233324,0.2891961113298547,0.767125901145544,-0.2767806102430053,0.12348919102699875,-0.17320296985531508,-0.9462541840770121,-0.7259636156566988,True,False,False,False,True,False,True,False,False,False,False,True,False,False,True,False,False,False,True,False,2984,1
-0.04262713766824831,1.7593916533775604,-0.23627426616741404,-1.719481310929738,-0.9617237232188551,1.0326192917558517,-0.16626722096915764,1.6759683011155129,False,False,True,False,True,False,True,False,True,False,False,False,False,False,True,True,False,False,False,False,2985,1
2.4704346234879817,-0.14321434221358817,0.658650207381981,0.1758313742861657,-0.28246082504274656,-0.17320296985531508,0.41872300136173324,-0.3546504691025404,False,True,False,False,True,True,False,False,False,False,True,False,False,True,False,False,True,False,False,False,2986,0
-0.8149901560052546,-1.6134098842612938,1.1041753781966148,1.6405340464430662,1.0961615067584678,0.73116372635306,-0.8162563568923697,-1.2307174242537577,True,False,False,False,True,False,True,False,True,False,False,False,False,False,True,False,False,True,False,False,2987,0
1.8335233285160468,-0.14321434221358817,0.4455729517749822,0.10982545987566159,0.18377879737399064,-0.47465853525810675,1.751200730004318,-1.0392590830617698,False,True,False,True,False,False,False,True,False,False,True,False,False,True,False,True,False,False,False,False,2988,1
-0.010349280185507827,-0.8350710678830967,1.170035620838778,0.8547493510799222,1.0961615067584678,0.5301933494178656,-0.5562607025230849,-1.056664386806496,False,False,True,False,True,True,False,False,False,True,False,False,False,True,False,False,False,True,False,False,2989,1
-0.08643280139482488,1.240499109125429,-0.7399114157839567,-1.2417242161489463,-2.143400007619896,-0.8765992891284957,4.156160532920203,0.16170687532433603,False,False,True,True,False,True,False,False,True,False,False,False,False,False,True,False,False,False,True,False,2990,0
-0.8714764066000505,-1.353963612135228,0.8291120118675801,1.3922260827083128,0.5857095063539365,-0.2736881583229123,-0.19876667776531826,-0.9406290285083215,True,False,False,False,True,False,False,True,True,False,False,False,False,True,False,True,False,False,False,False,2991,1
-1.0023170074675882,-0.6621068864657196,1.13904256547776,0.6787335793185779,-0.34275043138973843,1.7360156110290323,-0.7512574433000485,-0.29663278995345316,True,False,False,False,True,False,False,True,True,False,False,False,False,False,True,False,True,False,False,False,2992,1
0.07265092477011083,0.8945707462906747,0.30997833457052837,-0.8802632562819,-1.2953262116722102,-0.8765992891284957,-0.9137547272808515,-1.0914749942959483,False,False,True,False,True,False,False,True,False,True,False,False,True,False,False,False,False,True,False,False,2993,1
-0.0017034255026307683,1.3269811998341174,-2.239200468873203,-1.3611634898441443,-2.159477235979094,-0.575143723725704,0.028729519807805987,0.03406798119634411,False,False,True,False,True,True,False,False,False,True,False,False,True,False,False,False,False,False,False,True,2994,0
0.2155957221936762,1.3269811998341174,-2.223703941192694,-1.3611634898441443,-2.2278054565056844,3.2432934380429908,0.6137197421386968,-0.7723777589759685,False,False,True,False,True,True,False,False,False,True,False,False,True,False,False,False,False,False,False,True,2995,0
0.028845261043534267,0.029749839203788972,-0.011574614800033474,-0.00018439747517859785,-1.2832682904028119,0.02776740707987939,0.1587273469924484,-0.8303954381250558,False,False,True,False,True,False,False,True,False,True,False,False,False,True,False,False,False,False,True,False,2996,0
2.284836942962223,0.4621602927472318,-1.5031154040490253,-0.4936571861632331,-1.7454886057297496,-0.6756289121933012,-0.39376341854228186,-0.8710078135294168,False,True,False,False,True,False,False,True,False,True,False,False,False,True,False,False,False,False,True,False,2997,0
-0.6270869142307293,0.8080886555819861,0.9259653098707613,-0.8488318684673742,1.0961615067584678,1.0326192917558517,-0.3612639617461213,-0.7839812948057859,True,False,False,False,True,False,True,False,False,False,True,False,False,False,True,False,False,False,True,False,2998,0
-0.8830042128438865,-1.4404457028439166,0.5927899647398177,1.4142280541784809,0.923331301897091,-0.17320296985531508,-0.6862585297077273,-1.1262856017854006,True,False,False,False,True,False,True,False,True,False,False,False,False,True,False,True,False,False,False,False,2999,0
-0.8138373753808711,0.4621602927472318,-1.0227230459532461,-0.4370806880970867,0.879118923909297,-0.8765992891284957,-0.10126830737683644,-0.9580343322530477,True,False,False,False,True,True,False,False,False,False,False,True,True,False,False,False,True,False,False,False,3000,1
